2025-07-01 08:55:46,046 [INFO] Activator:176 - 


2025-07-01 08:55:46,050 [INFO] Activator:177 - !SESSION log4j initialized
2025-07-01 08:55:51,564 [INFO] LogOutputStream:77 - [STDOUT_REDIRECT] 
2025-07-01 08:55:53,056 [INFO] ApplicationProperties:184 - Using Application install path: /opt/st/stm32cubeide_1.18.1/plugins/com.st.stm32cube.common.mx_6.14.1.202504091515
2025-07-01 08:55:53,076 [INFO] DbMcusXml:78 - Set database path to: /opt/st/stm32cubeide_1.18.1/plugins/com.st.stm32cube.common.mx_6.14.1.202504091515//db//mcu/
2025-07-01 08:55:53,077 [INFO] ApiDb:274 - Set plugin database path to: /opt/st/stm32cubeide_1.18.1/plugins/com.st.stm32cube.common.mx_6.14.1.202504091515//db//plugins/boardmanager/
2025-07-01 08:55:53,077 [WARN] ApiDb:259 - Overriding images path with different value:  => /opt/st/stm32cubeide_1.18.1/plugins/com.st.stm32cube.common.mx_6.14.1.202504091515//db//plugins/mcufinder/images/
2025-07-01 08:55:53,083 [INFO] ApiDb:250 - Set database path to: /home/psh/.stmcufinder/plugins/mcufinder//mcu/
2025-07-01 08:55:53,085 [INFO] DbMcusAds:125 - Set database path to: /home/psh/.stmcufinder/plugins/mcufinder//mcu/
2025-07-01 08:55:53,087 [INFO] CrossReferenceDbSqlite:203 - Set database path to: /home/psh/.stmcufinder/plugins/mcufinder//mcu/cs/
2025-07-01 08:55:53,216 [INFO] RulesReader:64 - Compatibility file has been processed (302 Rules)
2025-07-01 08:55:53,282 [INFO] DbMcusXml:78 - Set database path to: /opt/st/stm32cubeide_1.18.1/plugins/com.st.stm32cube.common.mx_6.14.1.202504091515//db//mcu/
2025-07-01 08:55:53,282 [INFO] ApiDb:274 - Set plugin database path to: /opt/st/stm32cubeide_1.18.1/plugins/com.st.stm32cube.common.mx_6.14.1.202504091515//db//plugins/boardmanager/
2025-07-01 08:55:53,282 [INFO] ApiDb:261 - Set plugin images path to: /opt/st/stm32cubeide_1.18.1/plugins/com.st.stm32cube.common.mx_6.14.1.202504091515//db//plugins/mcufinder/images/
2025-07-01 08:55:53,282 [WARN] DbFile:41 - Overriding database path with different value: /home/psh/.stmcufinder/plugins/mcufinder/ => /home/psh/.stmcufinder/plugins/mcufinder
2025-07-01 08:55:53,282 [INFO] ApiDb:250 - Set database path to: /home/psh/.stmcufinder/plugins/mcufinder//mcu/
2025-07-01 08:55:53,282 [WARN] DbFile:41 - Overriding database path with different value: /home/psh/.stmcufinder/plugins/mcufinder/ => /home/psh/.stmcufinder/plugins/mcufinder
2025-07-01 08:55:53,283 [INFO] DbMcusAds:125 - Set database path to: /home/psh/.stmcufinder/plugins/mcufinder//mcu/
2025-07-01 08:55:53,283 [WARN] DbFile:41 - Overriding database path with different value: /home/psh/.stmcufinder/plugins/mcufinder/ => /home/psh/.stmcufinder/plugins/mcufinder
2025-07-01 08:55:53,283 [WARN] DbFile:41 - Overriding database path with different value: /home/psh/.stmcufinder/plugins/mcufinder/ => /home/psh/.stmcufinder/plugins/mcufinder
2025-07-01 08:55:53,283 [INFO] CrossReferenceDbSqlite:203 - Set database path to: /home/psh/.stmcufinder/plugins/mcufinder//mcu/cs/
2025-07-01 08:55:53,342 [INFO] MainPanel:272 - HeapMemory: 268435456
2025-07-01 08:55:53,463 [INFO] DbMcusXml:78 - Set database path to: /opt/st/stm32cubeide_1.18.1/plugins/com.st.stm32cube.common.mx_6.14.1.202504091515//db//mcu/
2025-07-01 08:55:53,464 [INFO] ApiDb:274 - Set plugin database path to: /opt/st/stm32cubeide_1.18.1/plugins/com.st.stm32cube.common.mx_6.14.1.202504091515//db//plugins/boardmanager/
2025-07-01 08:55:53,464 [INFO] ApiDb:261 - Set plugin images path to: /opt/st/stm32cubeide_1.18.1/plugins/com.st.stm32cube.common.mx_6.14.1.202504091515//db//plugins/mcufinder/images/
2025-07-01 08:55:53,464 [WARN] DbFile:41 - Overriding database path with different value: /home/psh/.stmcufinder/plugins/mcufinder/ => /home/psh/.stmcufinder/plugins/mcufinder
2025-07-01 08:55:53,464 [INFO] ApiDb:250 - Set database path to: /home/psh/.stmcufinder/plugins/mcufinder//mcu/
2025-07-01 08:55:53,464 [WARN] DbFile:41 - Overriding database path with different value: /home/psh/.stmcufinder/plugins/mcufinder/ => /home/psh/.stmcufinder/plugins/mcufinder
2025-07-01 08:55:53,464 [INFO] DbMcusAds:125 - Set database path to: /home/psh/.stmcufinder/plugins/mcufinder//mcu/
2025-07-01 08:55:53,464 [WARN] DbFile:41 - Overriding database path with different value: /home/psh/.stmcufinder/plugins/mcufinder/ => /home/psh/.stmcufinder/plugins/mcufinder
2025-07-01 08:55:53,464 [WARN] DbFile:41 - Overriding database path with different value: /home/psh/.stmcufinder/plugins/mcufinder/ => /home/psh/.stmcufinder/plugins/mcufinder
2025-07-01 08:55:53,465 [INFO] CrossReferenceDbSqlite:203 - Set database path to: /home/psh/.stmcufinder/plugins/mcufinder//mcu/cs/
2025-07-01 08:55:53,480 [INFO] ApplicationProperties:184 - Using Application install path: /opt/st/stm32cubeide_1.18.1/plugins/com.st.stm32cube.common.mx_6.14.1.202504091515
2025-07-01 08:55:53,482 [INFO] PluginManage:196 - Search for loadable plugins [exclusion list=, ]
2025-07-01 08:55:53,483 [INFO] PluginManage:310 - Check plugin analytics
2025-07-01 08:55:53,691 [INFO] AnalyticsPlugin:253 - Accepted Software Licenses: STM32CubeMX.6.14.1
2025-07-01 08:55:53,691 [INFO] AnalyticsPlugin:255 - Accepted CMSIS Pack Licenses: 
2025-07-01 08:55:53,691 [INFO] AnalyticsPlugin:257 - Accepted Firmware Licenses: FW.F4.1.28.0
2025-07-01 08:55:53,694 [INFO] PluginManage:359 - Loaded plugin analytics (category:tool,tabindex:-1)
2025-07-01 08:55:53,694 [INFO] PluginManage:310 - Check plugin cadmodel
2025-07-01 08:55:53,699 [INFO] CADModel:105 - Init CAD model plugin
2025-07-01 08:55:53,700 [INFO] PluginManage:359 - Loaded plugin cadmodel (category:power,tabindex:5)
2025-07-01 08:55:53,700 [INFO] PluginManage:310 - Check plugin clock
2025-07-01 08:55:53,711 [INFO] PluginManage:359 - Loaded plugin clock (category:base,tabindex:2)
2025-07-01 08:55:53,711 [INFO] PluginManage:310 - Check plugin ddr
2025-07-01 08:55:53,714 [INFO] PluginManage:359 - Loaded plugin ddr (category:tool,tabindex:6)
2025-07-01 08:55:53,714 [INFO] PluginManage:310 - Check plugin filemanager
2025-07-01 08:55:53,888 [INFO] PluginManage:359 - Loaded plugin filemanager (category:base,tabindex:10)
2025-07-01 08:55:53,888 [INFO] PluginManage:310 - Check plugin ipmanager
2025-07-01 08:55:53,895 [INFO] PluginManage:359 - Loaded plugin ipmanager (category:base,tabindex:5)
2025-07-01 08:55:53,895 [INFO] PluginManage:310 - Check plugin lpbam
2025-07-01 08:55:53,909 [INFO] PluginManage:359 - Loaded plugin lpbam (category:base,tabindex:0)
2025-07-01 08:55:53,909 [INFO] PluginManage:310 - Check plugin memorymap
2025-07-01 08:55:53,930 [INFO] PluginManage:359 - Loaded plugin memorymap (category:base,tabindex:4)
2025-07-01 08:55:53,931 [INFO] PluginManage:310 - Check plugin pinoutandconfiguration
2025-07-01 08:55:53,941 [INFO] PluginManage:359 - Loaded plugin pinoutandconfiguration (category:base,tabindex:1)
2025-07-01 08:55:53,942 [INFO] PluginManage:310 - Check plugin pinoutconfig
2025-07-01 08:55:54,066 [WARN] SupportedApi:132 - Cannot load RTOS API schema: s4s-elt-must-match.1: The content of 'definitions' must match (annotation?, (simpleType | complexType)?, (unique | key | keyref)*)). A problem was found starting at: attribute.
2025-07-01 08:55:54,349 [INFO] PluginManage:359 - Loaded plugin pinoutconfig (category:base,tabindex:0)
2025-07-01 08:55:54,349 [INFO] PluginManage:310 - Check plugin power
2025-07-01 08:55:54,366 [INFO] PluginManage:359 - Loaded plugin power (category:power,tabindex:4)
2025-07-01 08:55:54,366 [INFO] PluginManage:310 - Check plugin projectmanager
2025-07-01 08:55:54,421 [INFO] PluginManage:359 - Loaded plugin projectmanager (category:projectmanager,tabindex:4)
2025-07-01 08:55:54,422 [INFO] PluginManage:310 - Check plugin rif
2025-07-01 08:55:54,432 [INFO] PluginManage:359 - Loaded plugin rif (category:base,tabindex:3)
2025-07-01 08:55:54,432 [INFO] PluginManage:310 - Check plugin thirdparty
2025-07-01 08:55:54,602 [WARN] IntegrityCheckThread:84 - waiting for thirdparty lock release [integrity check]
2025-07-01 08:55:54,602 [INFO] IntegrityCheckThread:86 - entering critical section [integrity check]
2025-07-01 08:55:54,602 [INFO] PluginManage:359 - Loaded plugin thirdparty (category:base,tabindex:-1)
2025-07-01 08:55:54,602 [INFO] PluginManage:310 - Check plugin tools
2025-07-01 08:55:54,602 [INFO] ThirdPartyUpdaterWithRetryManager:70 - Updater plugin not ready yet. [1/15]
2025-07-01 08:55:54,606 [INFO] PluginManage:359 - Loaded plugin tools (category:base,tabindex:7)
2025-07-01 08:55:54,606 [INFO] PluginManage:310 - Check plugin tutovideos
2025-07-01 08:55:54,823 [INFO] PluginManage:359 - Loaded plugin tutovideos (category:base,tabindex:-1)
2025-07-01 08:55:54,823 [INFO] PluginManage:310 - Check plugin updater
2025-07-01 08:55:54,860 [INFO] PluginManage:359 - Loaded plugin updater (category:base,tabindex:12)
2025-07-01 08:55:54,860 [INFO] PluginManage:310 - Check plugin userauth
2025-07-01 08:55:54,868 [INFO] UserAuth:118 - Init User Auth plugin
2025-07-01 08:55:54,870 [INFO] PluginManage:359 - Loaded plugin userauth (category:base,tabindex:14)
2025-07-01 08:55:54,871 [INFO] PluginManage:283 - PluginManage : Loaded plugins [18]
2025-07-01 08:55:55,125 [INFO] PinOutPanel:1589 - setPackage(No Configuration,No Configuration)
2025-07-01 08:55:55,204 [INFO] CADModel:165 - CPN selected for project level
2025-07-01 08:55:55,205 [INFO] CADModel:114 - Register for checkConnection events
2025-07-01 08:55:55,220 [INFO] IPUIPlugin:80 - create IPUIPlugin
2025-07-01 08:55:55,221 [INFO] PluginManager:220 - loadIPPluginJar : add usbx
2025-07-01 08:55:55,222 [INFO] IPUIPlugin:80 - create IPUIPlugin
2025-07-01 08:55:55,222 [INFO] PluginManager:220 - loadIPPluginJar : add fatfs
2025-07-01 08:55:55,224 [INFO] IPUIPlugin:80 - create IPUIPlugin
2025-07-01 08:55:55,224 [INFO] PluginManager:220 - loadIPPluginJar : add quadspi
2025-07-01 08:55:55,227 [INFO] IPUIPlugin:80 - create IPUIPlugin
2025-07-01 08:55:55,227 [INFO] PluginManager:220 - loadIPPluginJar : add dma3
2025-07-01 08:55:55,231 [INFO] IPUIPlugin:80 - create IPUIPlugin
2025-07-01 08:55:55,231 [INFO] PluginManager:220 - loadIPPluginJar : add i2c
2025-07-01 08:55:55,238 [INFO] IPUIPlugin:80 - create IPUIPlugin
2025-07-01 08:55:55,238 [INFO] PluginManager:220 - loadIPPluginJar : add linkedlist
2025-07-01 08:55:55,241 [INFO] IPUIPlugin:80 - create IPUIPlugin
2025-07-01 08:55:55,241 [INFO] PluginManager:220 - loadIPPluginJar : add gtzc
2025-07-01 08:55:55,250 [INFO] IPUIPlugin:80 - create IPUIPlugin
2025-07-01 08:55:55,250 [INFO] PluginManager:220 - loadIPPluginJar : add adc
2025-07-01 08:55:55,252 [INFO] IPUIPlugin:80 - create IPUIPlugin
2025-07-01 08:55:55,252 [INFO] PluginManager:220 - loadIPPluginJar : add genericplugin
2025-07-01 08:55:55,257 [INFO] IPUIPlugin:80 - create IPUIPlugin
2025-07-01 08:55:55,260 [INFO] PluginManager:220 - loadIPPluginJar : add plateformsettings
2025-07-01 08:55:55,266 [INFO] IPUIPlugin:80 - create IPUIPlugin
2025-07-01 08:55:55,267 [INFO] PluginManager:220 - loadIPPluginJar : add gic
2025-07-01 08:55:55,269 [INFO] IPUIPlugin:80 - create IPUIPlugin
2025-07-01 08:55:55,270 [INFO] PluginManager:220 - loadIPPluginJar : add extmemmanager
2025-07-01 08:55:55,272 [INFO] IPUIPlugin:80 - create IPUIPlugin
2025-07-01 08:55:55,272 [INFO] PluginManager:220 - loadIPPluginJar : add ddr_ctrl_phy
2025-07-01 08:55:55,275 [INFO] IPUIPlugin:80 - create IPUIPlugin
2025-07-01 08:55:55,275 [INFO] PluginManager:220 - loadIPPluginJar : add touchsensing
2025-07-01 08:55:55,278 [INFO] IPUIPlugin:80 - create IPUIPlugin
2025-07-01 08:55:55,278 [INFO] PluginManager:220 - loadIPPluginJar : add ucpd
2025-07-01 08:55:55,281 [INFO] IPUIPlugin:80 - create IPUIPlugin
2025-07-01 08:55:55,281 [INFO] PluginManager:220 - loadIPPluginJar : add opamp
2025-07-01 08:55:55,284 [INFO] IPUIPlugin:80 - create IPUIPlugin
2025-07-01 08:55:55,284 [INFO] PluginManager:220 - loadIPPluginJar : add dfsdm
2025-07-01 08:55:55,286 [INFO] IPUIPlugin:80 - create IPUIPlugin
2025-07-01 08:55:55,287 [INFO] PluginManager:220 - loadIPPluginJar : add i3c
2025-07-01 08:55:55,291 [INFO] IPUIPlugin:80 - create IPUIPlugin
2025-07-01 08:55:55,292 [INFO] PluginManager:220 - loadIPPluginJar : add gpio
2025-07-01 08:55:55,295 [INFO] IPUIPlugin:80 - create IPUIPlugin
2025-07-01 08:55:55,295 [INFO] PluginManager:220 - loadIPPluginJar : add lorawan
2025-07-01 08:55:55,303 [INFO] IPUIPlugin:80 - create IPUIPlugin
2025-07-01 08:55:55,303 [INFO] PluginManager:220 - loadIPPluginJar : add stm32_wpan
2025-07-01 08:55:55,310 [INFO] IPUIPlugin:80 - create IPUIPlugin
2025-07-01 08:55:55,310 [INFO] PluginManager:220 - loadIPPluginJar : add freertos
2025-07-01 08:55:55,314 [INFO] IPUIPlugin:80 - create IPUIPlugin
2025-07-01 08:55:55,314 [INFO] PluginManager:220 - loadIPPluginJar : add ts
2025-07-01 08:55:55,320 [INFO] IPUIPlugin:80 - create IPUIPlugin
2025-07-01 08:55:55,320 [INFO] PluginManager:220 - loadIPPluginJar : add resmgrutility
2025-07-01 08:55:55,323 [INFO] IPUIPlugin:80 - create IPUIPlugin
2025-07-01 08:55:55,323 [INFO] PluginManager:220 - loadIPPluginJar : add tsc
2025-07-01 08:55:55,328 [INFO] IPUIPlugin:80 - create IPUIPlugin
2025-07-01 08:55:55,329 [INFO] PluginManager:220 - loadIPPluginJar : add pdm2pcm
2025-07-01 08:55:55,333 [INFO] IPUIPlugin:80 - create IPUIPlugin
2025-07-01 08:55:55,333 [INFO] PluginManager:220 - loadIPPluginJar : add usart
2025-07-01 08:55:55,336 [INFO] IPUIPlugin:80 - create IPUIPlugin
2025-07-01 08:55:55,337 [INFO] PluginManager:220 - loadIPPluginJar : add gfxmmu
2025-07-01 08:55:55,339 [INFO] IPUIPlugin:80 - create IPUIPlugin
2025-07-01 08:55:55,339 [INFO] PluginManager:220 - loadIPPluginJar : add radio
2025-07-01 08:55:55,347 [INFO] IPUIPlugin:80 - create IPUIPlugin
2025-07-01 08:55:55,348 [INFO] PluginManager:220 - loadIPPluginJar : add dma
2025-07-01 08:55:55,350 [INFO] IPUIPlugin:80 - create IPUIPlugin
2025-07-01 08:55:55,350 [INFO] PluginManager:220 - loadIPPluginJar : add comp
2025-07-01 08:55:55,353 [INFO] IPUIPlugin:80 - create IPUIPlugin
2025-07-01 08:55:55,353 [INFO] PluginManager:220 - loadIPPluginJar : add can
2025-07-01 08:55:55,358 [INFO] IPUIPlugin:80 - create IPUIPlugin
2025-07-01 08:55:55,358 [INFO] PluginManager:220 - loadIPPluginJar : add nvic
2025-07-01 08:55:55,362 [INFO] IPUIPlugin:80 - create IPUIPlugin
2025-07-01 08:55:55,362 [INFO] PluginManager:220 - loadIPPluginJar : add cryp
2025-07-01 08:55:55,370 [INFO] IPUIPlugin:80 - create IPUIPlugin
2025-07-01 08:55:55,371 [INFO] PluginManager:220 - loadIPPluginJar : add mdma
2025-07-01 08:55:55,376 [INFO] IPUIPlugin:80 - create IPUIPlugin
2025-07-01 08:55:55,376 [INFO] PluginManager:220 - loadIPPluginJar : add fmc
2025-07-01 08:55:55,381 [INFO] IPUIPlugin:80 - create IPUIPlugin
2025-07-01 08:55:55,381 [INFO] PluginManager:220 - loadIPPluginJar : add i2s
2025-07-01 08:55:55,383 [INFO] IPUIPlugin:80 - create IPUIPlugin
2025-07-01 08:55:55,383 [INFO] PluginManager:220 - loadIPPluginJar : add tim
2025-07-01 08:55:55,386 [INFO] IPUIPlugin:80 - create IPUIPlugin
2025-07-01 08:55:55,386 [INFO] PluginManager:220 - loadIPPluginJar : add tracer_emb
2025-07-01 08:55:55,389 [INFO] IPUIPlugin:80 - create IPUIPlugin
2025-07-01 08:55:55,389 [INFO] PluginManager:220 - loadIPPluginJar : add openamp
2025-07-01 08:55:55,394 [INFO] IPUIPlugin:80 - create IPUIPlugin
2025-07-01 08:55:55,394 [INFO] PluginManager:220 - loadIPPluginJar : add ipddr
2025-07-01 08:55:55,397 [INFO] IPUIPlugin:80 - create IPUIPlugin
2025-07-01 08:55:55,398 [INFO] PluginManager:220 - loadIPPluginJar : add spi
2025-07-01 08:55:55,401 [INFO] IPUIPlugin:80 - create IPUIPlugin
2025-07-01 08:55:55,401 [INFO] PluginManager:220 - loadIPPluginJar : add sai
2025-07-01 08:55:55,403 [INFO] IPUIPlugin:80 - create IPUIPlugin
2025-07-01 08:55:55,403 [INFO] PluginManager:220 - loadIPPluginJar : add ltdc
2025-07-01 08:55:55,406 [INFO] IPUIPlugin:80 - create IPUIPlugin
2025-07-01 08:55:55,406 [INFO] PluginManager:220 - loadIPPluginJar : add aes
2025-07-01 08:55:55,408 [INFO] IPUIPlugin:80 - create IPUIPlugin
2025-07-01 08:55:55,408 [INFO] PluginManager:220 - loadIPPluginJar : add hash
2025-07-01 08:55:55,524 [FATAL] Updater:351 - Updater called before beeing initialized
2025-07-01 08:55:55,568 [INFO] RulesReader:64 - Compatibility file has been processed (302 Rules)
2025-07-01 08:55:55,593 [INFO] RulesReader:64 - Compatibility file has been processed (302 Rules)
2025-07-01 08:55:55,605 [INFO] CADModel:165 - CPN selected for project level
2025-07-01 08:55:55,606 [INFO] CADModel:114 - Register for checkConnection events
2025-07-01 08:55:55,606 [FATAL] Updater:351 - Updater called before beeing initialized
2025-07-01 08:55:55,606 [ERROR] CADModel:125 - Updater not yet initialized, retry later 
2025-07-01 08:55:55,894 [FATAL] Updater:351 - Updater called before beeing initialized
2025-07-01 08:55:55,898 [INFO] CADModel:165 - CPN selected for project level
2025-07-01 08:55:55,898 [INFO] CADModel:114 - Register for checkConnection events
2025-07-01 08:55:55,899 [FATAL] Updater:351 - Updater called before beeing initialized
2025-07-01 08:55:55,899 [ERROR] CADModel:125 - Updater not yet initialized, retry later 
2025-07-01 08:55:55,906 [FATAL] Updater:351 - Updater called before beeing initialized
2025-07-01 08:55:56,088 [FATAL] Updater:351 - Updater called before beeing initialized
2025-07-01 08:55:56,096 [INFO] DbMcusAds:53 - JSON generation date=Thu Jun 19 17:32:37 KST 2025 (1750321957418)
2025-07-01 08:55:56,096 [FATAL] Updater:351 - Updater called before beeing initialized
2025-07-01 08:55:56,166 [WARN] DetailPanel:346 - Failed to get advertising image, set to default
2025-07-01 08:55:56,626 [FATAL] Updater:351 - Updater called before beeing initialized
2025-07-01 08:55:56,631 [FATAL] Updater:351 - Updater called before beeing initialized
2025-07-01 08:55:56,631 [FATAL] Updater:351 - Updater called before beeing initialized
2025-07-01 08:55:56,632 [WARN] DetailPanel:346 - Failed to get advertising image, set to default
2025-07-01 08:55:56,634 [FATAL] Updater:351 - Updater called before beeing initialized
2025-07-01 08:55:56,693 [ERROR] Updater:1198 - MainUpdater not yet initialized. External WinMGr cannot be set.
2025-07-01 08:55:56,696 [INFO] Updater:1134 - Updater Version found : 6.14.1
2025-07-01 08:55:56,730 [INFO] ApplicationProperties:184 - Using Application install path: /opt/st/stm32cubeide_1.18.1/plugins/com.st.stm32cube.common.mx_6.14.1.202504091515
2025-07-01 08:55:57,603 [INFO] ThirdPartyUpdaterWithRetryManager:70 - Updater plugin not ready yet. [2/15]
2025-07-01 08:56:00,604 [FATAL] Updater:351 - Updater called before beeing initialized
2025-07-01 08:56:00,604 [ERROR] IntegrityCheckThread:130 - Cannot retrieve database content from updater: error 21
2025-07-01 08:56:00,605 [INFO] ThirdParty:978 - Integrity check success = false
2025-07-01 08:56:00,605 [INFO] IntegrityCheckThread:100 - exiting critical section [integrity check]
2025-07-01 08:56:00,605 [INFO] IntegrityCheckThread:103 - End integrity checks thread
2025-07-01 08:56:05,599 [INFO] MainUpdater:2872 - connection check result : 10
2025-07-01 08:56:05,601 [INFO] MainUpdater:289 - Updater Check For Update Now.
2025-07-01 08:56:05,601 [INFO] MicroXplorer:498 - Change Database Version : DB.6.0.141
2025-07-01 08:56:05,611 [INFO] McuFinderGlobals:63 - Set McuFinder mode to 2 (CubeIDE integrated)
2025-07-01 08:56:05,613 [INFO] UserAuth:484 - Internet connection configuration mode: 1
2025-07-01 08:56:05,640 [INFO] JxBrowserEngine:152 - Initiate JxBrowser Engine with user profile folder
2025-07-01 08:56:05,851 [INFO] CheckServerUpdateThread:120 - End of CheckServer Thread
2025-07-01 08:56:06,865 [INFO] WebApp:169 - Instantiating new browser for Auth
2025-07-01 08:56:08,125 [INFO] WebApp:463 - Apply proxy settings
2025-07-01 08:56:08,125 [INFO] WebApp:548 - Chromium requires no authentication
2025-07-01 08:56:08,140 [INFO] WebApp:491 - Direct internet connection detected
2025-07-01 08:56:08,178 [INFO] WebApp:894 - Register for checkConnection events
2025-07-01 08:56:08,178 [INFO] WebApp:463 - Apply proxy settings
2025-07-01 08:56:08,178 [INFO] WebApp:548 - Chromium requires no authentication
2025-07-01 08:56:08,181 [INFO] WebApp:491 - Direct internet connection detected
2025-07-01 08:56:08,445 [INFO] WebApp:225 - Starting web application
2025-07-01 08:56:08,446 [INFO] WebApp:593 - Web application path used /opt/st/stm32cubeide_1.18.1/plugins/com.st.stm32cube.common.mx_6.14.1.202504091515/db/plugins/mcufinder/reactClient1/index.html
2025-07-01 08:56:08,616 [INFO] UserAuth:484 - Internet connection configuration mode: 1
2025-07-01 08:56:08,632 [INFO] WebApp:191 - Connection restablished
2025-07-01 08:56:56,590 [INFO] McuFinderGlobals:63 - Set McuFinder mode to 2 (CubeIDE integrated)
2025-07-01 08:56:56,595 [INFO] MainUpdater:2872 - connection check result : 10
2025-07-01 08:56:56,596 [INFO] MainUpdater:2872 - connection check result : 10
2025-07-01 08:56:56,623 [INFO] MicroXplorer:468 - Change Database Path : 
2025-07-01 08:56:56,624 [INFO] MicroXplorer:498 - Change Database Version : DB.6.0.141
2025-07-01 08:56:56,632 [WARN] ThirdParty:871 - waiting for thirdparty lock release [close project]
2025-07-01 08:56:56,633 [INFO] ThirdParty:873 - entering critical section [close project]
2025-07-01 08:56:56,635 [INFO] ThirdParty:883 - exiting critical section [close project]
2025-07-01 08:56:56,639 [INFO] PinOutPanel:1589 - setPackage(No Configuration,No Configuration)
2025-07-01 08:56:56,647 [INFO] UtilMem:75 - Begin LoadConfig() Used Memory: 422637376 Bytes (673185792)
2025-07-01 08:56:56,649 [INFO] MicroXplorer:468 - Change Database Path : 
2025-07-01 08:56:56,649 [INFO] MicroXplorer:498 - Change Database Version : DB.6.0.141
2025-07-01 08:56:56,650 [INFO] OpenFileManager:354 - Change cursor
2025-07-01 08:56:56,660 [WARN] IntegrityCheckThread:84 - waiting for thirdparty lock release [integrity check]
2025-07-01 08:56:56,660 [INFO] IntegrityCheckThread:86 - entering critical section [integrity check]
2025-07-01 08:56:56,861 [WARN] PackLoader:240 - Cannot read IP mode file for STMicroelectronics.FP-SNS-MOTENVWB1.1.4.0
2025-07-01 08:56:56,883 [WARN] PackLoader:240 - Cannot read IP mode file for STMicroelectronics.X-CUBE-SMBUS.2.1.0
2025-07-01 08:56:56,893 [WARN] PackLoader:240 - Cannot read IP mode file for STMicroelectronics.X-CUBE-ST60.1.0.0
2025-07-01 08:56:56,987 [WARN] PackLoader:240 - Cannot read IP mode file for STMicroelectronics.X-CUBE-AZRTOS-F7.1.1.0
2025-07-01 08:56:57,061 [WARN] PackLoader:240 - Cannot read IP mode file for Infineon.AIROC-Wi-Fi-Bluetooth-STM32.1.7.0
2025-07-01 08:56:57,084 [WARN] PackLoader:240 - Cannot read IP mode file for STMicroelectronics.X-CUBE-DISPLAY.3.0.0
2025-07-01 08:56:57,105 [WARN] PackLoader:240 - Cannot read IP mode file for STMicroelectronics.X-CUBE-NFC10.1.0.0
2025-07-01 08:56:57,125 [WARN] PackLoader:240 - Cannot read IP mode file for STMicroelectronics.X-CUBE-BLEMGR.4.0.0
2025-07-01 08:56:57,137 [WARN] PackLoader:240 - Cannot read IP mode file for emotas.I-CUBE-CANOPEN.1.3.0
2025-07-01 08:56:57,143 [WARN] ConditionMgr:438 - getConditionDescription Invalid condition id : Cortex-A Device cause : null
2025-07-01 08:56:57,159 [WARN] ConditionMgr:1044 - genDependencies : Invalid condition id : Cortex-A Device cause : null
2025-07-01 08:56:57,159 [WARN] ConditionMgr:1044 - genDependencies : Invalid condition id : Cortex-A Device cause : null
2025-07-01 08:56:57,160 [WARN] ConditionMgr:1044 - genDependencies : Invalid condition id : Cortex-A Device cause : null
2025-07-01 08:56:57,166 [WARN] PackLoader:240 - Cannot read IP mode file for STMicroelectronics.FP-SNS-SMARTAG2.1.2.0
2025-07-01 08:56:57,181 [INFO] LogOutputStream:77 - [STDOUT_REDIRECT] 1 : Invalid condition id : UX_CORESTACK_Condition cause : null
2025-07-01 08:56:57,182 [INFO] LogOutputStream:77 - [STDOUT_REDIRECT] 1 : Invalid condition id : UX_CORESTACK_Condition cause : null
2025-07-01 08:56:57,183 [INFO] LogOutputStream:77 - [STDOUT_REDIRECT] 1 : Invalid condition id : UX_CORESTACK_Condition cause : null
2025-07-01 08:56:57,183 [INFO] LogOutputStream:77 - [STDOUT_REDIRECT] 1 : Invalid condition id : UX_CORESTACK_Condition cause : null
2025-07-01 08:56:57,184 [INFO] LogOutputStream:77 - [STDOUT_REDIRECT] 1 : Invalid condition id : UX_CORESTACK_Condition cause : null
2025-07-01 08:56:57,192 [WARN] PackLoader:240 - Cannot read IP mode file for STMicroelectronics.X-CUBE-AZRTOS-WL.2.0.0
2025-07-01 08:56:57,200 [WARN] PackLoader:240 - Cannot read IP mode file for STMicroelectronics.FP-SNS-MOTENV1.5.0.0
2025-07-01 08:56:57,213 [WARN] PackLoader:240 - Cannot read IP mode file for WES.I-CUBE-Cesium.1.3.0
2025-07-01 08:56:57,222 [WARN] PackLoader:240 - Cannot read IP mode file for STMicroelectronics.X-CUBE-BLE2.3.3.0
2025-07-01 08:56:57,231 [WARN] PackLoader:240 - Cannot read IP mode file for STMicroelectronics.X-CUBE-NFC9.1.0.0
2025-07-01 08:56:57,241 [WARN] PackLoader:240 - Cannot read IP mode file for wolfSSL.I-CUBE-wolfSSL.5.8.0
2025-07-01 08:56:57,247 [WARN] PackLoader:240 - Cannot read IP mode file for wolfSSL.I-CUBE-wolfMQTT.1.19.2
2025-07-01 08:56:57,284 [WARN] PackLoader:240 - Cannot read IP mode file for STMicroelectronics.X-CUBE-AZRTOS-G0.1.1.0
2025-07-01 08:56:57,297 [WARN] PackLoader:240 - Cannot read IP mode file for STMicroelectronics.X-CUBE-SAFEA1.1.2.2
2025-07-01 08:56:57,308 [WARN] PackLoader:240 - Cannot read IP mode file for STMicroelectronics.X-CUBE-NFC4.3.0.0
2025-07-01 08:56:57,326 [WARN] PackLoader:240 - Cannot read IP mode file for EmbeddedOffice.I-CUBE-FS-RTOS.1.0.1
2025-07-01 08:56:57,335 [WARN] PackLoader:240 - Cannot read IP mode file for STMicroelectronics.X-CUBE-WB05N.2.0.0
2025-07-01 08:56:57,341 [WARN] PackLoader:240 - Cannot read IP mode file for wolfSSL.I-CUBE-wolfTPM.3.8.0
2025-07-01 08:56:57,351 [WARN] PackLoader:240 - Cannot read IP mode file for STMicroelectronics.X-CUBE-TCPP.4.2.0
2025-07-01 08:56:57,361 [WARN] PackLoader:240 - Cannot read IP mode file for RealThread.X-CUBE-RT-Thread_Nano.4.1.1
2025-07-01 08:56:57,367 [WARN] PackLoader:240 - Cannot read IP mode file for STMicroelectronics.FP-ATR-SIGFOX1.3.2.0
2025-07-01 08:56:57,377 [WARN] PackLoader:240 - Cannot read IP mode file for STMicroelectronics.X-CUBE-EEPRMA1.5.1.0
2025-07-01 08:56:57,388 [WARN] PackLoader:240 - Cannot read IP mode file for ITTIA_DB.I-CUBE-ITTIADB.8.9.0
2025-07-01 08:56:57,395 [WARN] PackLoader:240 - Cannot read IP mode file for STMicroelectronics.X-CUBE-ST67W61.1.0.0
2025-07-01 08:56:57,445 [WARN] PackLoader:240 - Cannot read IP mode file for SEGGER.I-CUBE-embOS.1.3.1
2025-07-01 08:56:57,521 [WARN] PackLoader:240 - Cannot read IP mode file for STMicroelectronics.X-CUBE-ALGOBUILD.1.4.0
2025-07-01 08:56:57,629 [WARN] PackLoader:240 - Cannot read IP mode file for STMicroelectronics.X-CUBE-MEMS1.11.3.0
2025-07-01 08:56:57,893 [WARN] PackLoader:240 - Cannot read IP mode file for STMicroelectronics.X-CUBE-PM33A1.1.0.0
2025-07-01 08:56:57,917 [WARN] PackLoader:240 - Cannot read IP mode file for STMicroelectronics.X-CUBE-AZRTOS-F4.1.1.0
2025-07-01 08:56:57,927 [WARN] PackLoader:240 - Cannot read IP mode file for Avnet-IotConnect.X-CUBE-IoTC-DA16k-PMOD.1.0.0
2025-07-01 08:56:57,932 [WARN] PackLoader:240 - Cannot read IP mode file for STMicroelectronics.X-CUBE-ISPU.2.1.0
2025-07-01 08:56:57,955 [WARN] PackLoader:240 - Cannot read IP mode file for STMicroelectronics.X-CUBE-AZRTOS-L5.2.0.0
2025-07-01 08:56:57,967 [WARN] PackLoader:240 - Cannot read IP mode file for STMicroelectronics.X-CUBE-NFC6.3.1.0
2025-07-01 08:56:57,978 [WARN] PackLoader:240 - Cannot read IP mode file for STMicroelectronics.X-CUBE-FREERTOS.1.3.1
2025-07-01 08:56:57,983 [WARN] PackLoader:240 - Cannot read IP mode file for STMicroelectronics.FP-SNS-STAIOTCFT.1.0.0
2025-07-01 08:56:57,992 [WARN] PackLoader:240 - Cannot read IP mode file for STMicroelectronics.X-CUBE-DPower.1.3.0
2025-07-01 08:56:58,017 [WARN] ConditionMgr:438 - getConditionDescription Invalid condition id : LAN8742 Phy interface Condition cause : null
2025-07-01 08:56:58,019 [WARN] PackLoader:240 - Cannot read IP mode file for STMicroelectronics.X-CUBE-AZRTOS-L4.2.0.0
2025-07-01 08:56:58,021 [WARN] ConditionMgr:1044 - genDependencies : Invalid condition id : LAN8742 Phy interface Condition cause : null
2025-07-01 08:56:58,021 [WARN] ConditionMgr:1044 - genDependencies : Invalid condition id : LAN8742 Phy interface Condition cause : null
2025-07-01 08:56:58,023 [WARN] ConditionMgr:1044 - genDependencies : Invalid condition id : LAN8742 Phy interface Condition cause : null
2025-07-01 08:56:58,033 [WARN] PackLoader:240 - Cannot read IP mode file for STMicroelectronics.X-CUBE-SFXS2LP1.4.0.0
2025-07-01 08:56:58,065 [WARN] PackLoader:240 - Cannot read IP mode file for STMicroelectronics.X-CUBE-AZRTOS-H7.3.3.0
2025-07-01 08:56:58,091 [WARN] ConditionMgr:438 - getConditionDescription Invalid condition id : UX DEVICE CLASS RTOS Condition cause : null
2025-07-01 08:56:58,091 [WARN] ConditionMgr:438 - getConditionDescription Invalid condition id : UX DEVICE CLASS RTOS Condition cause : null
2025-07-01 08:56:58,096 [WARN] PackLoader:240 - Cannot read IP mode file for STMicroelectronics.X-CUBE-AZRTOS-WB.2.0.0
2025-07-01 08:56:58,097 [WARN] ConditionMgr:1044 - genDependencies : Invalid condition id : UX DEVICE CLASS RTOS Condition cause : null
2025-07-01 08:56:58,097 [WARN] ConditionMgr:1044 - genDependencies : Invalid condition id : UX DEVICE CLASS RTOS Condition cause : null
2025-07-01 08:56:58,098 [WARN] ConditionMgr:1044 - genDependencies : Invalid condition id : UX DEVICE CLASS RTOS Condition cause : null
2025-07-01 08:56:58,098 [WARN] ConditionMgr:1044 - genDependencies : Invalid condition id : UX DEVICE CLASS RTOS Condition cause : null
2025-07-01 08:56:58,099 [WARN] ConditionMgr:1044 - genDependencies : Invalid condition id : UX DEVICE CLASS RTOS Condition cause : null
2025-07-01 08:56:58,107 [WARN] PackLoader:240 - Cannot read IP mode file for STMicroelectronics.X-CUBE-GNSS1.7.0.1
2025-07-01 08:56:58,114 [WARN] PackLoader:240 - Cannot read IP mode file for STMicroelectronics.X-CUBE-TOUCHGFX.4.25.0
2025-07-01 08:56:58,122 [WARN] PackLoader:240 - Cannot read IP mode file for STMicroelectronics.FP-SNS-STBOX1.2.0.0
2025-07-01 08:56:58,141 [WARN] PackLoader:240 - Cannot read IP mode file for STMicroelectronics.X-CUBE-SUBG2.5.0.0
2025-07-01 08:56:58,177 [WARN] PackLoader:240 - Cannot read IP mode file for STMicroelectronics.X-CUBE-AZRTOS-H7RS.1.1.0
2025-07-01 08:56:58,185 [WARN] PackLoader:240 - Cannot read IP mode file for Cesanta.I-CUBE-Mongoose.7.13.0
2025-07-01 08:56:58,206 [WARN] PackLoader:240 - Cannot read IP mode file for STMicroelectronics.X-CUBE-AZRTOS-G4.2.0.0
2025-07-01 08:56:58,212 [WARN] PackLoader:240 - Cannot read IP mode file for wolfSSL.I-CUBE-wolfSSH.1.4.20
2025-07-01 08:56:58,219 [WARN] PackLoader:240 - Cannot read IP mode file for STMicroelectronics.X-CUBE-NFC7.2.0.0
2025-07-01 08:56:58,240 [WARN] PackLoader:240 - Cannot read IP mode file for STMicroelectronics.X-CUBE-IPS.3.1.0
2025-07-01 08:56:58,254 [WARN] PackLoader:240 - Cannot read IP mode file for STMicroelectronics.X-CUBE-ALS.1.0.2
2025-07-01 08:56:58,260 [WARN] PackLoader:240 - Cannot read IP mode file for portGmbH.I-Cube-SoM-uGOAL.1.1.0
2025-07-01 08:56:58,278 [WARN] PackLoader:240 - Cannot read IP mode file for STMicroelectronics.X-CUBE-TOF1.3.4.3
2025-07-01 08:56:58,311 [INFO] ThirdParty:978 - Integrity check success = true
2025-07-01 08:56:58,313 [INFO] IntegrityCheckThread:100 - exiting critical section [integrity check]
2025-07-01 08:56:58,313 [INFO] IntegrityCheckThread:103 - End integrity checks thread
2025-07-01 08:56:58,401 [INFO] Mcu:2011 - Initializing MCU STM32F411R(C-E)Tx STM32F411RETx STM32F411RET6
2025-07-01 08:57:00,177 [INFO] Context:756 - Trying to add GPIOservice into a context  which must be forbidden
2025-07-01 08:57:00,855 [INFO] ImportTextPane:218 - (OptionalMessage_ERROR) Pin11 (VP_RIF_VS_RIF1) cannot be retrieved for this MCU
2025-07-01 08:57:01,040 [INFO] RtosManager:558 - Registered RTOS mode: class=CMSIS, group=RTOS, mode=CMSIS_V1, owner=FREERTOS
2025-07-01 08:57:01,041 [INFO] RtosManager:558 - Registered RTOS mode: class=CMSIS, group=RTOS2, mode=CMSIS_V2, owner=FREERTOS
2025-07-01 08:57:01,041 [INFO] RtosManager:558 - Registered RTOS mode: class=RTOS, group=Core, mode=CMSIS_V1, owner=FREERTOS
2025-07-01 08:57:01,041 [INFO] RtosManager:558 - Registered RTOS mode: class=RTOS, group=Core, mode=CMSIS_V2, owner=FREERTOS
2025-07-01 08:57:01,041 [WARN] ModelIntegratedComponent:184 - Missing modes for component STMicroelectronics:FreeRTOS:0.0.1:STMicroelectronics:RTOS:FreeRTOS:Core:::10.2.0:
2025-07-01 08:57:01,072 [WARN] ModelIntegratedComponent:182 - Modes not found for component STMicroelectronics:USB_HOST:1.0.0:STMicroelectronics:USB::USB Host:Audio HS::1.0:USB_HOST_1_0_RESTRICTED_HS
2025-07-01 08:57:01,073 [WARN] ModelIntegratedComponent:188 - Modes not found for component STMicroelectronics:USB_HOST:1.0.0:STMicroelectronics:USB::USB Host:Audio HS::1.0:USB_HOST_1_0_RESTRICTED_HS
2025-07-01 08:57:01,073 [WARN] ModelIntegratedComponent:182 - Modes not found for component STMicroelectronics:USB_HOST:1.0.0:STMicroelectronics:USB::USB Host:CDC HS::1.0:USB_HOST_1_0_RESTRICTED_HS
2025-07-01 08:57:01,073 [WARN] ModelIntegratedComponent:188 - Modes not found for component STMicroelectronics:USB_HOST:1.0.0:STMicroelectronics:USB::USB Host:CDC HS::1.0:USB_HOST_1_0_RESTRICTED_HS
2025-07-01 08:57:01,073 [WARN] ModelIntegratedComponent:182 - Modes not found for component STMicroelectronics:USB_HOST:1.0.0:STMicroelectronics:USB::USB Host:MSC HS::1.0:USB_HOST_1_0_RESTRICTED_HS
2025-07-01 08:57:01,073 [WARN] ModelIntegratedComponent:188 - Modes not found for component STMicroelectronics:USB_HOST:1.0.0:STMicroelectronics:USB::USB Host:MSC HS::1.0:USB_HOST_1_0_RESTRICTED_HS
2025-07-01 08:57:01,073 [WARN] ModelIntegratedComponent:182 - Modes not found for component STMicroelectronics:USB_HOST:1.0.0:STMicroelectronics:USB::USB Host:HID HS::1.0:USB_HOST_1_0_RESTRICTED_HS
2025-07-01 08:57:01,073 [WARN] ModelIntegratedComponent:188 - Modes not found for component STMicroelectronics:USB_HOST:1.0.0:STMicroelectronics:USB::USB Host:HID HS::1.0:USB_HOST_1_0_RESTRICTED_HS
2025-07-01 08:57:01,073 [WARN] ModelIntegratedComponent:182 - Modes not found for component STMicroelectronics:USB_HOST:1.0.0:STMicroelectronics:USB::USB Host:MTP HS::1.0:USB_HOST_1_0_RESTRICTED_HS
2025-07-01 08:57:01,073 [WARN] ModelIntegratedComponent:188 - Modes not found for component STMicroelectronics:USB_HOST:1.0.0:STMicroelectronics:USB::USB Host:MTP HS::1.0:USB_HOST_1_0_RESTRICTED_HS
2025-07-01 08:57:01,095 [WARN] ModelIntegratedComponent:63 - No mode defined for component null
2025-07-01 08:57:01,095 [WARN] ModelIntegratedComponent:63 - No mode defined for component null
2025-07-01 08:57:01,095 [WARN] ModelIntegratedComponent:63 - No mode defined for component null
2025-07-01 08:57:01,096 [WARN] ModelIntegratedComponent:63 - No mode defined for component null
2025-07-01 08:57:01,096 [WARN] ModelIntegratedComponent:63 - No mode defined for component null
2025-07-01 08:57:01,096 [WARN] ModelIntegratedComponent:63 - No mode defined for component null
2025-07-01 08:57:01,096 [WARN] ModelIntegratedComponent:63 - No mode defined for component null
2025-07-01 08:57:01,096 [WARN] ModelIntegratedComponent:63 - No mode defined for component null
2025-07-01 08:57:01,096 [WARN] ModelIntegratedComponent:63 - No mode defined for component null
2025-07-01 08:57:01,096 [WARN] ModelIntegratedComponent:63 - No mode defined for component null
2025-07-01 08:57:01,097 [WARN] ModelIntegratedComponent:63 - No mode defined for component null
2025-07-01 08:57:01,097 [WARN] ModelIntegratedComponent:63 - No mode defined for component null
2025-07-01 08:57:01,097 [WARN] ModelIntegratedComponent:63 - No mode defined for component null
2025-07-01 08:57:01,097 [WARN] ModelIntegratedComponent:63 - No mode defined for component null
2025-07-01 08:57:01,097 [WARN] ModelIntegratedComponent:63 - No mode defined for component null
2025-07-01 08:57:01,097 [WARN] ModelIntegratedComponent:63 - No mode defined for component null
2025-07-01 08:57:01,098 [WARN] ModelIntegratedComponent:63 - No mode defined for component null
2025-07-01 08:57:01,098 [WARN] ModelIntegratedComponent:63 - No mode defined for component null
2025-07-01 08:57:01,098 [WARN] ModelIntegratedComponent:63 - No mode defined for component null
2025-07-01 08:57:01,099 [WARN] ModelIntegratedComponent:63 - No mode defined for component null
2025-07-01 08:57:01,099 [WARN] ModelIntegratedComponent:63 - No mode defined for component null
2025-07-01 08:57:01,099 [WARN] ModelIntegratedComponent:63 - No mode defined for component null
2025-07-01 08:57:01,099 [WARN] ModelIntegratedComponent:63 - No mode defined for component null
2025-07-01 08:57:01,100 [WARN] ModelIntegratedComponent:63 - No mode defined for component null
2025-07-01 08:57:01,100 [WARN] ModelIntegratedComponent:63 - No mode defined for component null
2025-07-01 08:57:01,100 [WARN] ModelIntegratedComponent:63 - No mode defined for component null
2025-07-01 08:57:01,100 [WARN] ModelIntegratedComponent:63 - No mode defined for component null
2025-07-01 08:57:01,100 [WARN] ModelIntegratedComponent:63 - No mode defined for component null
2025-07-01 08:57:01,101 [WARN] ModelIntegratedComponent:63 - No mode defined for component null
2025-07-01 08:57:01,101 [WARN] ModelIntegratedComponent:63 - No mode defined for component null
2025-07-01 08:57:01,101 [WARN] ModelIntegratedComponent:63 - No mode defined for component null
2025-07-01 08:57:01,101 [WARN] ModelIntegratedComponent:63 - No mode defined for component null
2025-07-01 08:57:01,101 [WARN] ModelIntegratedComponent:63 - No mode defined for component null
2025-07-01 08:57:01,101 [WARN] ModelIntegratedComponent:63 - No mode defined for component null
2025-07-01 08:57:01,101 [WARN] ModelIntegratedComponent:63 - No mode defined for component null
2025-07-01 08:57:01,102 [WARN] ModelPack:524 - Component already loaded: STMicroelectronics:HAL Drivers:0.0.0:STMicroelectronics:Device:STMicro_Driver:XSPI:HAL::0.0.1:HAL_XSPI
2025-07-01 08:57:01,300 [WARN] ModelIntegratedComponent:182 - Modes not found for component STMicroelectronics:USB_DEVICE:1.0.0:STMicroelectronics:USB::USB Device:Audio HS::1.0:USB_DEVICE_1_0_RESTRICTED_HS
2025-07-01 08:57:01,300 [WARN] ModelIntegratedComponent:188 - Modes not found for component STMicroelectronics:USB_DEVICE:1.0.0:STMicroelectronics:USB::USB Device:Audio HS::1.0:USB_DEVICE_1_0_RESTRICTED_HS
2025-07-01 08:57:01,300 [WARN] ModelIntegratedComponent:182 - Modes not found for component STMicroelectronics:USB_DEVICE:1.0.0:STMicroelectronics:USB::USB Device:CDC HS::1.0:USB_DEVICE_1_0_RESTRICTED_HS
2025-07-01 08:57:01,301 [WARN] ModelIntegratedComponent:188 - Modes not found for component STMicroelectronics:USB_DEVICE:1.0.0:STMicroelectronics:USB::USB Device:CDC HS::1.0:USB_DEVICE_1_0_RESTRICTED_HS
2025-07-01 08:57:01,301 [WARN] ModelIntegratedComponent:182 - Modes not found for component STMicroelectronics:USB_DEVICE:1.0.0:STMicroelectronics:USB::USB Device:DFU HS::1.0:USB_DEVICE_1_0_RESTRICTED_HS
2025-07-01 08:57:01,301 [WARN] ModelIntegratedComponent:188 - Modes not found for component STMicroelectronics:USB_DEVICE:1.0.0:STMicroelectronics:USB::USB Device:DFU HS::1.0:USB_DEVICE_1_0_RESTRICTED_HS
2025-07-01 08:57:01,301 [WARN] ModelIntegratedComponent:182 - Modes not found for component STMicroelectronics:USB_DEVICE:1.0.0:STMicroelectronics:USB::USB Device:HID HS::1.0:USB_DEVICE_1_0_RESTRICTED_HS
2025-07-01 08:57:01,301 [WARN] ModelIntegratedComponent:188 - Modes not found for component STMicroelectronics:USB_DEVICE:1.0.0:STMicroelectronics:USB::USB Device:HID HS::1.0:USB_DEVICE_1_0_RESTRICTED_HS
2025-07-01 08:57:01,303 [WARN] ModelIntegratedComponent:182 - Modes not found for component STMicroelectronics:USB_DEVICE:1.0.0:STMicroelectronics:USB::USB Device:Custom HID HS::1.0:USB_DEVICE_1_0_RESTRICTED_HS
2025-07-01 08:57:01,303 [WARN] ModelIntegratedComponent:188 - Modes not found for component STMicroelectronics:USB_DEVICE:1.0.0:STMicroelectronics:USB::USB Device:Custom HID HS::1.0:USB_DEVICE_1_0_RESTRICTED_HS
2025-07-01 08:57:01,304 [WARN] ModelIntegratedComponent:182 - Modes not found for component STMicroelectronics:USB_DEVICE:1.0.0:STMicroelectronics:USB::USB Device:MSC HS::1.0:USB_DEVICE_1_0_RESTRICTED_HS
2025-07-01 08:57:01,304 [WARN] ModelIntegratedComponent:188 - Modes not found for component STMicroelectronics:USB_DEVICE:1.0.0:STMicroelectronics:USB::USB Device:MSC HS::1.0:USB_DEVICE_1_0_RESTRICTED_HS
2025-07-01 08:57:01,343 [INFO] ThirdPartyModel:298 - Start build external matchings
2025-07-01 08:57:01,847 [INFO] ThirdPartyModel:316 - End build external matchings
2025-07-01 08:57:01,874 [INFO] ImportTextPane:218 - (OptionalMessage_ERROR) IP (RCC) : Parameter (48MHZClocksFreq_Value) has invalid value (50000000)
2025-07-01 08:57:01,875 [INFO] ImportTextPane:218 - (OptionalMessage_ERROR) IP (RCC) : Parameter (RTCHSEDivFreq_Value) has invalid value (4000000)
2025-07-01 08:57:02,237 [INFO] ApiDb:581 - Connected to CubeFinder SQLite database (/home/psh/.stmcufinder/plugins/mcufinder/mcu/cube-finder-db.db)
2025-07-01 08:57:02,302 [INFO] ApiDb:668 - CubeFinder database Data Model version=2.1
2025-07-01 08:57:02,302 [INFO] ApiDb:669 - CubeFinder database Configuration version=3.0.39
2025-07-01 08:57:02,303 [INFO] ApiDb:670 - CubeFinder database generation date=2025-06-16 (1750072209)
2025-07-01 08:57:02,303 [INFO] ApiDb:671 - CubeFinder database FW Pack versions=[FP-ATR-ASTRA1_V2.0.0, FP-SNS-FLIGHT1_V5.1.0, FP-SNS-MOTENV1_V5.0.0, FP-SNS-MOTENVWB1_V1.4.0, FP-SNS-SMARTAG2_V1.2.0, FP-SNS-STBOX1_V2.0.0, STM32Cube_FW_C0_V1.4.0, STM32Cube_FW_F4_V1.28.2, STM32Cube_FW_F7_V1.17.3, STM32Cube_FW_G0_V1.6.2, STM32Cube_FW_G4_V1.6.1, STM32Cube_FW_H5_V1.5.0, STM32Cube_FW_H7RS_V1.2.0, STM32Cube_FW_H7_V1.12.1, STM32Cube_FW_L0_V1.12.2, STM32Cube_FW_L4_V1.18.1, STM32Cube_FW_L5_V1.5.1, STM32Cube_FW_N6_V1.1.1, STM32Cube_FW_U0_V1.2.0, STM32Cube_FW_U3_V1.1.0, STM32Cube_FW_U5_V1.7.0, STM32Cube_FW_WB0_V1.2.0, STM32Cube_FW_WBA_V1.6.0, STM32Cube_FW_WB_V1.22.0, STM32Cube_FW_WL3_V1.1.0, STM32Cube_FW_WL_V1.3.1, X-CUBE-ALGOBUILD_V1.4.0, X-CUBE-ALS_V1.0.2, X-CUBE-AZRTOS-F4_V1.1.0, X-CUBE-AZRTOS-F7_V1.1.0, X-CUBE-AZRTOS-G0_V1.1.0, X-CUBE-AZRTOS-G4_V2.0.0, X-CUBE-AZRTOS-H7RS_V1.1.0, X-CUBE-AZRTOS-H7_V3.3.0, X-CUBE-AZRTOS-L4_V2.0.0, X-CUBE-AZRTOS-L5_V2.0.0, X-CUBE-AZRTOS-WB_V2.0.0, X-CUBE-AZRTOS-WL_V2.0.0, X-CUBE-BLE1_V7.1.0, X-CUBE-BLE2_V3.3.0, X-CUBE-BLEMGR_V4.0.0, X-CUBE-EEPRMA1_V5.1.0, X-CUBE-FREERTOS_V1.3.1, X-CUBE-GNSS1_V6.0.0, X-CUBE-MEMS1_V11.3.0, X-CUBE-NFC4_V3.0.0, X-CUBE-NFC7_V2.0.0, X-CUBE-SFXS2LP1_V4.0.0, X-CUBE-SUBG2_V5.0.0, X-CUBE-TOF1_V3.4.3]
2025-07-01 08:57:02,411 [INFO] DbBoardsSqlite:226 - include board P-NUCLEO-WB55-NUCLEO as a kit item of type 'Nucleo-64'
2025-07-01 08:57:02,411 [INFO] DbBoardsSqlite:226 - include board P-NUCLEO-WB55-USBDONGLE as a kit item of type 'Nucleo USB Dongle'
2025-07-01 08:57:02,412 [INFO] DbBoardsSqlite:226 - include board STEVAL-IDP005V1 as a kit item of type 'Evaluation Board'
2025-07-01 08:57:02,412 [INFO] DbBoardsSqlite:226 - include board STEVAL-IDP005V2 as a kit item of type 'Evaluation Board'
2025-07-01 08:57:02,518 [INFO] ApiDb:240 - Found 895 in-development CPN: [B-G473E-ZEST1S, B-WB1M-WPAN1, B-WBA5M-WPAN, B-WL5M-SUBG1, NUCLEO-C031C6, NUCLEO-C051C8, NUCLEO-C071RB, NUCLEO-C092RC, NUCLEO-H503RB, NUCLEO-H533RE, NUCLEO-H563ZI, NUCLEO-H7S3L8, NUCLEO-N657X0-Q, NUCLEO-U031R8, NUCLEO-U083RC, NUCLEO-U385RG-Q, NUCLEO-U545RE-Q, NUCLEO-U5A5ZJ-Q, NUCLEO-WB05KZ, NUCLEO-WB07CC, NUCLEO-WB09KE, NUCLEO-WBA52CG, NUCLEO-WBA55CG, NUCLEO-WBA65RI, NUCLEO-WL33CC1, NUCLEO-WL33CC2, STEVAL-PROTEUS1, STEVAL-SMARTAG2, STEVAL-STWINBX1, STM320518-EVAL, STM32C0116-DK, STM32C011D6Y3TR, STM32C011D6Y6TR, STM32C011F4P3, STM32C011F4P6, STM32C011F4U3, STM32C011F4U6TR, STM32C011F6P3, STM32C011F6P6, STM32C011F6U3, STM32C011F6U6TR, STM32C011J4M3, STM32C011J4M6, STM32C011J6M3, STM32C011J6M6, STM32C0316-DK, STM32C031C4T3, STM32C031C4T6, STM32C031C4U3, STM32C031C4U6, STM32C031C6T3, STM32C031C6T6, STM32C031C6U3, STM32C031C6U6, STM32C031F4P3, STM32C031F4P6, STM32C031F6P3, STM32C031F6P6, STM32C031G4U3, STM32C031G4U6, STM32C031G6U3, STM32C031G6U6, STM32C031K4T3, STM32C031K4T6, STM32C031K4U3, STM32C031K4U6, STM32C031K6T3, STM32C031K6T6, STM32C031K6U3, STM32C031K6U6, STM32C051C6T6, STM32C051C6U6, STM32C051C8T6, STM32C051C8U6, STM32C051D8Y6TR, STM32C051F6P6, STM32C051F8P6, STM32C051G6U6, STM32C051G8U6, STM32C051K6T6, STM32C051K6U6, STM32C051K8T6, STM32C071C8T6, STM32C071C8T6N, STM32C071C8U6, STM32C071C8U6N, STM32C071CBT6, STM32C071CBT6N, STM32C071CBU6, STM32C071CBU6N, STM32C071F8P6, STM32C071F8P6N, STM32C071FBP6, STM32C071FBP6N, STM32C071FBY6TR, STM32C071G8U6, STM32C071G8U6N, STM32C071GBU6, STM32C071GBU6N, STM32C071K8T6, STM32C071K8T6N, STM32C071K8U6, STM32C071K8U6N, STM32C071KBT6, STM32C071KBT6N, STM32C071KBU6, STM32C071KBU6N, STM32C071R8T6, STM32C071R8T6N, STM32C071RBI6N, STM32C071RBT6, STM32C071RBT6N, STM32C091CBT6, STM32C091CBU6, STM32C091CCT6, STM32C091CCU6, STM32C091ECY6TR, STM32C091FBP6, STM32C091FCP6, STM32C091GBU6, STM32C091GCU6, STM32C091KBT6, STM32C091KBU6, STM32C091KCT6, STM32C091KCU6, STM32C091RBT6, STM32C091RCI6, STM32C091RCT6, STM32C092CBT6, STM32C092CBU6, STM32C092CCT6, STM32C092CCU6, STM32C092ECY6TR, STM32C092FBP6, STM32C092FCP6, STM32C092GBU6, STM32C092GCU6, STM32C092KBT6, STM32C092KBU6, STM32C092KCT6, STM32C092KCU6, STM32C092RBT6, STM32C092RCI6, STM32C092RCT6, STM32G071K8TXN, STM32G071K8UXN, STM32G081GBU6N, STM32G081KBT6N, STM32G081KBUXN, STM32G0B1CCT6N, STM32G0B1KCT6, STM32G0B1NEY6TR, STM32G0B1RCT6N, STM32G0C1CCT6, STM32G0C1CCT6N, STM32G0C1CCU6N, STM32G0C1CET6N, STM32G0C1CEU6N, STM32G0C1KCT6, STM32G0C1NEY6TR, STM32G0C1RCI6N, STM32G0C1RCT6N, STM32G0C1REI6N, STM32G0C1RET6N, STM32G0C1VCI6, STM32G0C1VEI6, STM32G411C6T3, STM32G411C6T6, STM32G411C6U3, STM32G411C6U6, STM32G411C8T3, STM32G411C8T6, STM32G411C8U3, STM32G411C8U6, STM32G411CBT3, STM32G411CBT6, STM32G411CBU3, STM32G411CBU6, STM32G411CCT3, STM32G411CCT6, STM32G411CCU3, STM32G411CCU6, STM32G411K6T3, STM32G411K6T6, STM32G411K6U3, STM32G411K6U6, STM32G411K8T3, STM32G411K8T6, STM32G411K8U3, STM32G411K8U6, STM32G411KBT3, STM32G411KBT6, STM32G411KBU3, STM32G411KBU6, STM32G411M6T3, STM32G411M6T6, STM32G411M8T3, STM32G411M8T6, STM32G411MBT3, STM32G411MBT6, STM32G411MCT3, STM32G411MCT6, STM32G411R6T3, STM32G411R6T6, STM32G411R8T3, STM32G411R8T6, STM32G411RBT3, STM32G411RBT6, STM32G411RCT3, STM32G411RCT6, STM32G414CBT3, STM32G414CBT6, STM32G414CBU3, STM32G414CBU6, STM32G414CCT3, STM32G414CCT6, STM32G414CCU3, STM32G414CCU6, STM32G414MBT3, STM32G414MBT6, STM32G414MCT3, STM32G414MCT6, STM32G414RBT3, STM32G414RBT6, STM32G414RCT3, STM32G414RCT6, STM32G414VBT3, STM32G414VBT6, STM32G414VCT3, STM32G414VCT6, STM32G431CBT3Z, STM32G431RBT3Z, STM32G471CCT6, STM32G471CCU6, STM32G471CET3, STM32G471CET6, STM32G471CEU3, STM32G471CEU6, STM32G471MCT6, STM32G471MET3, STM32G471MET6, STM32G471MEY6TR, STM32G471QCT6, STM32G471QET3, STM32G471RCT6, STM32G471RET3, STM32G471RET6, STM32G471VCH6, STM32G471VCI6, STM32G471VCT6, STM32G471VEH3, STM32G471VEH6, STM32G471VEI3, STM32G471VEI6, STM32G471VET3, STM32G471VET6, STM32G473QET3Z, STM32G473RET3Z, STM32G474CCT6, STM32G491RET3Z, STM32H503CBT6, STM32H503CBU6, STM32H503EBY6TR, STM32H503KBU6, STM32H503RBT6, STM32H523CCT6, STM32H523CCU6, STM32H523CET6, STM32H523CEU6, STM32H523HEY6TR, STM32H523RCT6, STM32H523RET6, STM32H523VCI6, STM32H523VCT6, STM32H523VEI6, STM32H523VET6, STM32H523ZCJ6, STM32H523ZCT6, STM32H523ZEJ6, STM32H523ZET6, STM32H533CET6, STM32H533CEU6, STM32H533HEY6TR, STM32H533RET6, STM32H533VEI6, STM32H533VET6, STM32H533ZEJ6, STM32H533ZET6, STM32H562AGI6, STM32H562AII6, STM32H562IGK6, STM32H562IGT6, STM32H562IIK6, STM32H562IIT6, STM32H562RGT6, STM32H562RGV6, STM32H562RIT6, STM32H562RIV6, STM32H562VGT6, STM32H562VIT6, STM32H562ZGT6, STM32H562ZIT6, STM32H563AGI6, STM32H563AII3Q, STM32H563AII6, STM32H563IGK6, STM32H563IGT6, STM32H563IIK3Q, STM32H563IIK6, STM32H563IIT3Q, STM32H563IIT6, STM32H563MIY3QTR, STM32H563RGT6, STM32H563RGV6, STM32H563RIT6, STM32H563RIV6, STM32H563VGT6, STM32H563VIT3Q, STM32H563VIT6, STM32H563ZGT6, STM32H563ZIT3Q, STM32H563ZIT6, STM32H573AII3Q, STM32H573AII6, STM32H573I-DK, STM32H573IIK3Q, STM32H573IIK6, STM32H573IIT3Q, STM32H573IIT6, STM32H573MIY3QTR, STM32H573RIT6, STM32H573RIV6, STM32H573VIT3Q, STM32H573VIT6, STM32H573ZIT3Q, STM32H573ZIT6, STM32H7R3A8I6, STM32H7R3I8K6, STM32H7R3I8T6, STM32H7R3L8H6, STM32H7R3L8H6H, STM32H7R3R8V6, STM32H7R3V8H6, STM32H7R3V8T6, STM32H7R3V8Y6TR, STM32H7R3Z8J6, STM32H7R3Z8T6, STM32H7R7A8I6, STM32H7R7I8K6, STM32H7R7I8T6, STM32H7R7L8H6, STM32H7R7L8H6H, STM32H7R7Z8J6, STM32H7S3A8I6, STM32H7S3I8K6, STM32H7S3I8T6, STM32H7S3L8H6, STM32H7S3L8H6H, STM32H7S3R8V6, STM32H7S3V8H6, STM32H7S3V8T6, STM32H7S3V8Y6TR, STM32H7S3Z8J6, STM32H7S3Z8T6, STM32H7S78-DK, STM32H7S7A8I6, STM32H7S7I8K6, STM32H7S7I8T6, STM32H7S7L8H6, STM32H7S7L8H6H, STM32H7S7Z8J6, STM32L4R5QGI6STR, STM32MP131AAE3, STM32MP131AAF3, STM32MP131AAG3, STM32MP131CAE3, STM32MP131CAF3, STM32MP131CAG3, STM32MP131DAE7, STM32MP131DAF7, STM32MP131DAG7, STM32MP131FAE7, STM32MP131FAF7, STM32MP131FAG7, STM32MP133AAE3, STM32MP133AAF3, STM32MP133AAG3, STM32MP133CAE3, STM32MP133CAF3, STM32MP133CAG3, STM32MP133DAE7, STM32MP133DAF7, STM32MP133DAG7, STM32MP133FAE7, STM32MP133FAF7, STM32MP133FAG7, STM32MP135AAE3, STM32MP135AAF3, STM32MP135AAG3, STM32MP135CAE3, STM32MP135CAF3, STM32MP135CAG3, STM32MP135DAE7, STM32MP135DAF7, STM32MP135DAG7, STM32MP135F-DK, STM32MP135FAE7, STM32MP135FAF7, STM32MP135FAF7T, STM32MP135FAF7U, STM32MP135FAG7, STM32MP231AAJ3, STM32MP231AAK3, STM32MP231AAL3, STM32MP231CAJ3, STM32MP231CAK3, STM32MP231CAL3, STM32MP231DAJ3, STM32MP231DAK3, STM32MP231DAL3, STM32MP231FAJ3, STM32MP231FAK3, STM32MP231FAL3, STM32MP233AAJ3, STM32MP233AAK3, STM32MP233AAL3, STM32MP233CAJ3, STM32MP233CAK3, STM32MP233CAL3, STM32MP233DAJ3, STM32MP233DAK3, STM32MP233DAL3, STM32MP233FAJ3, STM32MP233FAK3, STM32MP233FAL3, STM32MP235AAJ3, STM32MP235AAK3, STM32MP235AAL3, STM32MP235CAJ3, STM32MP235CAK3, STM32MP235CAL3, STM32MP235DAJ3, STM32MP235DAK3, STM32MP235DAL3, STM32MP235FAJ3, STM32MP235FAK3, STM32MP235FAL3, STM32MP251AAI3, STM32MP251AAJ3, STM32MP251AAK3, STM32MP251AAL3, STM32MP251CAI3, STM32MP251CAJ3, STM32MP251CAK3, STM32MP251CAL3, STM32MP251DAI3, STM32MP251DAJ3, STM32MP251DAK3, STM32MP251DAL3, STM32MP251FAI3, STM32MP251FAJ3, STM32MP251FAK3, STM32MP251FAL3, STM32MP253AAI3, STM32MP253AAJ3, STM32MP253AAK3, STM32MP253AAL3, STM32MP253CAI3, STM32MP253CAJ3, STM32MP253CAK3, STM32MP253CAL3, STM32MP253DAI3, STM32MP253DAJ3, STM32MP253DAK3, STM32MP253DAL3, STM32MP253FAI3, STM32MP253FAJ3, STM32MP253FAK3, STM32MP253FAL3, STM32MP255AAI3, STM32MP255AAJ3, STM32MP255AAK3, STM32MP255AAL3, STM32MP255CAI3, STM32MP255CAJ3, STM32MP255CAK3, STM32MP255CAL3, STM32MP255DAI3, STM32MP255DAJ3, STM32MP255DAK3, STM32MP255DAL3, STM32MP255FAI3, STM32MP255FAJ3, STM32MP255FAK3, STM32MP255FAL3, STM32MP257AAI3, STM32MP257AAJ3, STM32MP257AAK3, STM32MP257AAL3, STM32MP257CAI3, STM32MP257CAJ3, STM32MP257CAK3, STM32MP257CAL3, STM32MP257DAI3, STM32MP257DAJ3, STM32MP257DAK3, STM32MP257DAL3, STM32MP257F-DK, STM32MP257F-EV1, STM32MP257FAI3, STM32MP257FAJ3, STM32MP257FAK3, STM32MP257FAL3, STM32N645A0H3Q, STM32N645B0H3Q, STM32N645I0H3Q, STM32N645L0H3Q, STM32N645X0H3Q, STM32N645Z0H3Q, STM32N647A0H3Q, STM32N647B0H3Q, STM32N647I0H3Q, STM32N647L0H3Q, STM32N647X0H3Q, STM32N647Z0H3Q, STM32N655A0H3Q, STM32N655B0H3Q, STM32N655I0H3Q, STM32N655L0H3Q, STM32N655X0H3Q, STM32N655Z0H3Q, STM32N6570-DK, STM32N657A0H3Q, STM32N657B0H3Q, STM32N657I0H3Q, STM32N657L0H3Q, STM32N657X0H3Q, STM32N657Z0H3Q, STM32U031C6T6, STM32U031C6U6, STM32U031C8T6, STM32U031C8U6, STM32U031F4P6, STM32U031F6P6, STM32U031F8P6, STM32U031G6Y6TR, STM32U031G8Y6TR, STM32U031K4U6, STM32U031K6U6, STM32U031K8U6, STM32U031R6I6, STM32U031R6T6, STM32U031R8I6, STM32U031R8T6, STM32U073C8T6, STM32U073C8U6, STM32U073CBT6, STM32U073CBU6, STM32U073CCT6, STM32U073CCU6, STM32U073H8Y6TR, STM32U073HBY6TR, STM32U073HCY6TR, STM32U073K8U6, STM32U073KBU6, STM32U073KCU6, STM32U073M8I6, STM32U073M8T6, STM32U073MBI6, STM32U073MBT6, STM32U073MCI6, STM32U073MCT6, STM32U073R8I6, STM32U073R8T6, STM32U073RBI6, STM32U073RBT6, STM32U073RCI6, STM32U073RCT6, STM32U083C-DK, STM32U083CCT6, STM32U083CCU6, STM32U083HCY6TR, STM32U083KCU6, STM32U083MCI6, STM32U083MCT6, STM32U083RCI6, STM32U083RCT6, STM32U375CET6, STM32U375CET6Q, STM32U375CEU6, STM32U375CEU6Q, STM32U375CEY6QTR, STM32U375CGT6, STM32U375CGT6Q, STM32U375CGU6, STM32U375CGU6Q, STM32U375CGY6QTR, STM32U375KEU6, STM32U375KGU6, STM32U375REI6, STM32U375REI6Q, STM32U375RET6, STM32U375RET6Q, STM32U375REY6GTR, STM32U375REY6QTR, STM32U375RGI6, STM32U375RGI6Q, STM32U375RGT6, STM32U375RGT6Q, STM32U375RGY6GTR, STM32U375RGY6QTR, STM32U375VEI6, STM32U375VEI6Q, STM32U375VET6, STM32U375VET6Q, STM32U375VGI6, STM32U375VGI6Q, STM32U375VGT6, STM32U375VGT6Q, STM32U385CGT6, STM32U385CGT6Q, STM32U385CGU6, STM32U385CGU6Q, STM32U385CGY6QTR, STM32U385KGU6, STM32U385RGI6, STM32U385RGI6Q, STM32U385RGT6, STM32U385RGT6Q, STM32U385RGY6GTR, STM32U385RGY6QTR, STM32U385VGI6, STM32U385VGI6Q, STM32U385VGT6, STM32U385VGT6Q, STM32U535CBT6, STM32U535CBT6Q, STM32U535CBU6, STM32U535CBU6Q, STM32U535CCT6, STM32U535CCT6Q, STM32U535CCU6, STM32U535CCU6Q, STM32U535CET6, STM32U535CET6Q, STM32U535CEU6, STM32U535CEU6Q, STM32U535JEY6QTR, STM32U535NCY6QTR, STM32U535NEY6QTR, STM32U535RBI6, STM32U535RBI6Q, STM32U535RBT6, STM32U535RBT6Q, STM32U535RCI6, STM32U535RCI6Q, STM32U535RCT6, STM32U535RCT6Q, STM32U535REI6, STM32U535REI6Q, STM32U535RET6, STM32U535RET6Q, STM32U535VCI6, STM32U535VCI6Q, STM32U535VCT6, STM32U535VCT6Q, STM32U535VEI6, STM32U535VEI6Q, STM32U535VET6, STM32U535VET6Q, STM32U545CET6, STM32U545CET6Q, STM32U545CEU6, STM32U545CEU6Q, STM32U545JEY6QTR, STM32U545NEY6QTR, STM32U545REI6, STM32U545REI6Q, STM32U545RET6, STM32U545RET6Q, STM32U545VEI6, STM32U545VEI6Q, STM32U545VET6, STM32U545VET6Q, STM32U595AIH6, STM32U595AIH6Q, STM32U595AJH6, STM32U595AJH6Q, STM32U595QII6, STM32U595QII6Q, STM32U595QJI6, STM32U595QJI6Q, STM32U595RIT6, STM32U595RIT6Q, STM32U595RJT6, STM32U595RJT6Q, STM32U595VIT6, STM32U595VIT6Q, STM32U595VJT6, STM32U595VJT6Q, STM32U595ZIT6, STM32U595ZIT6Q, STM32U595ZIY6QTR, STM32U595ZJT6, STM32U595ZJT6Q, STM32U595ZJY6QTR, STM32U599BJY6QTR, STM32U599NIH6Q, STM32U599NJH6Q, STM32U599VIT6Q, STM32U599VJT6, STM32U599VJT6Q, STM32U599ZIT6Q, STM32U599ZIY6QTR, STM32U599ZJT6Q, STM32U599ZJY6QTR, STM32U5A5AJH6, STM32U5A5AJH6Q, STM32U5A5QII3Q , STM32U5A5QJI6, STM32U5A5QJI6Q, STM32U5A5RJT6, STM32U5A5RJT6Q, STM32U5A5VJT6, STM32U5A5VJT6Q, STM32U5A5ZJT6, STM32U5A5ZJT6Q, STM32U5A5ZJY6QTR, STM32U5A9BJY6QTR, STM32U5A9J-DK, STM32U5A9NJH6Q, STM32U5A9VJT6Q, STM32U5A9ZJT6Q, STM32U5A9ZJY6QTR, STM32U5F7VIT6, STM32U5F7VIT6Q, STM32U5F7VJT6, STM32U5F7VJT6Q, STM32U5F9BJY6QTR, STM32U5F9NJH6Q, STM32U5F9VIT6Q, STM32U5F9VJT6Q, STM32U5F9ZIJ6QTR, STM32U5F9ZIT6Q, STM32U5F9ZJJ6QTR, STM32U5F9ZJT6Q, STM32U5G7VJT6, STM32U5G7VJT6Q, STM32U5G9BJY6QTR, STM32U5G9J-DK1, STM32U5G9J-DK2, STM32U5G9NJH6Q, STM32U5G9VJT6Q, STM32U5G9ZJJ6QTR, STM32U5G9ZJT6Q, STM32WB05KZV6TR, STM32WB05KZV7TR, STM32WB05TZF6TR, STM32WB05TZF7TR, STM32WB06CCF6TR, STM32WB06CCF7TR, STM32WB06CCV6TR, STM32WB06CCV7TR, STM32WB06KCV6TR, STM32WB06KCV7TR, STM32WB07CCF6TR, STM32WB07CCF7TR, STM32WB07CCV6TR, STM32WB07CCV7TR, STM32WB07KCV6TR, STM32WB07KCV7TR, STM32WB09KEV6TR, STM32WB09KEV7TR, STM32WB09TEF6TR, STM32WB09TEF7TR, STM32WB1MMCH6, STM32WBA50KGU6, STM32WBA50KGU6TR, STM32WBA52CEU6, STM32WBA52CEU6TR, STM32WBA52CEU7, STM32WBA52CEU7TR, STM32WBA52CGU6, STM32WBA52CGU6TR, STM32WBA52CGU6U, STM32WBA52CGU7, STM32WBA52CGU7TR, STM32WBA52KEU6, STM32WBA52KEU6TR, STM32WBA52KGU6, STM32WBA52KGU6TR, STM32WBA54CEU6, STM32WBA54CEU6TR, STM32WBA54CEU7, STM32WBA54CEU7TR, STM32WBA54CGU6, STM32WBA54CGU6TR, STM32WBA54CGU7, STM32WBA54CGU7TR, STM32WBA54KEU6, STM32WBA54KEU6TR, STM32WBA54KEU7, STM32WBA54KEU7TR, STM32WBA54KGU6, STM32WBA54KGU6TR, STM32WBA54KGU7, STM32WBA54KGU7TR, STM32WBA55CEU6, STM32WBA55CEU6TR, STM32WBA55CEU7, STM32WBA55CEU7TR, STM32WBA55CGU6, STM32WBA55CGU6TR, STM32WBA55CGU6U, STM32WBA55CGU7, STM32WBA55CGU7TR, STM32WBA55G-DK1, STM32WBA55HEF6, STM32WBA55HEF7, STM32WBA55HGF6, STM32WBA55HGF7, STM32WBA55UEI6, STM32WBA55UEI6TR, STM32WBA55UEI7, STM32WBA55UEI7TR, STM32WBA55UGI6, STM32WBA55UGI6TR, STM32WBA55UGI7, STM32WBA55UGI7TR, STM32WBA5MJGH6TR, STM32WBA62CGU6, STM32WBA62CIU6, STM32WBA62MGF6, STM32WBA62MIF6, STM32WBA62PGI6, STM32WBA62PII6, STM32WBA63CGU6, STM32WBA63CGU7, STM32WBA63CIU6, STM32WBA63CIU7, STM32WBA64CGU6, STM32WBA64CGU7, STM32WBA64CIU6, STM32WBA64CIU7, STM32WBA65CGU6, STM32WBA65CGU7, STM32WBA65CIU6, STM32WBA65CIU7, STM32WBA65I-DK1, STM32WBA65MGF6, STM32WBA65MGF7, STM32WBA65MIF6, STM32WBA65MIF7, STM32WBA65PGI6, STM32WBA65PGI7, STM32WBA65PII6, STM32WBA65PII7, STM32WBA65RGV6, STM32WBA65RGV7, STM32WBA65RIV6, STM32WBA65RIV7, STM32WL30K8V6, STM32WL30KBV6, STM32WL31C8V6, STM32WL31CBV6, STM32WL31K8V6, STM32WL31KBV6, STM32WL33C8V6, STM32WL33C8V6TR, STM32WL33C8V7, STM32WL33C8V7TR, STM32WL33CBV6, STM32WL33CBV6TR, STM32WL33CBV7, STM32WL33CBV7TR, STM32WL33CCV6, STM32WL33CCV6TR, STM32WL33CCV7, STM32WL33CCV7A, STM32WL33CCV7ATR, STM32WL33CCV7TR, STM32WL33K8V6, STM32WL33K8V6TR, STM32WL33K8V7, STM32WL33K8V7TR, STM32WL33KBV6, STM32WL33KBV6TR, STM32WL33KBV7, STM32WL33KBV7TR, STM32WL33KCV6, STM32WL33KCV6TR, STM32WL33KCV7, STM32WL33KCV7TR, STM32WL5MOCH6, STM32WL5MOCH6TR]
2025-07-01 08:57:02,635 [INFO] BoardInfo:889 - No configuration file found for board P-NUCLEO-WB55
2025-07-01 08:57:02,635 [INFO] DbBoards:161 - Kit is not supported: P-NUCLEO-WB55
2025-07-01 08:57:02,640 [INFO] BoardInfo:889 - No configuration file found for board STEVAL-BFA001V1B
2025-07-01 08:57:02,641 [INFO] DbBoards:161 - Kit is not supported: STEVAL-BFA001V1B
2025-07-01 08:57:02,642 [INFO] BoardInfo:889 - No configuration file found for board STEVAL-BFA001V2B
2025-07-01 08:57:02,642 [INFO] DbBoards:161 - Kit is not supported: STEVAL-BFA001V2B
2025-07-01 08:57:02,762 [INFO] DbBoards:168 - Found 211 boards, 208 are supported
2025-07-01 08:57:02,763 [INFO] DbBoards:169 - Found 211 boards, 43 of them is supported for  Bsp
2025-07-01 08:57:02,766 [INFO] ApiDb:668 - CubeFinder database Data Model version=2.1
2025-07-01 08:57:02,767 [INFO] ApiDb:669 - CubeFinder database Configuration version=3.0.39
2025-07-01 08:57:02,767 [INFO] ApiDb:670 - CubeFinder database generation date=2025-06-16 (1750072209)
2025-07-01 08:57:02,767 [INFO] ApiDb:671 - CubeFinder database FW Pack versions=[FP-ATR-ASTRA1_V2.0.0, FP-SNS-FLIGHT1_V5.1.0, FP-SNS-MOTENV1_V5.0.0, FP-SNS-MOTENVWB1_V1.4.0, FP-SNS-SMARTAG2_V1.2.0, FP-SNS-STBOX1_V2.0.0, STM32Cube_FW_C0_V1.4.0, STM32Cube_FW_F4_V1.28.2, STM32Cube_FW_F7_V1.17.3, STM32Cube_FW_G0_V1.6.2, STM32Cube_FW_G4_V1.6.1, STM32Cube_FW_H5_V1.5.0, STM32Cube_FW_H7RS_V1.2.0, STM32Cube_FW_H7_V1.12.1, STM32Cube_FW_L0_V1.12.2, STM32Cube_FW_L4_V1.18.1, STM32Cube_FW_L5_V1.5.1, STM32Cube_FW_N6_V1.1.1, STM32Cube_FW_U0_V1.2.0, STM32Cube_FW_U3_V1.1.0, STM32Cube_FW_U5_V1.7.0, STM32Cube_FW_WB0_V1.2.0, STM32Cube_FW_WBA_V1.6.0, STM32Cube_FW_WB_V1.22.0, STM32Cube_FW_WL3_V1.1.0, STM32Cube_FW_WL_V1.3.1, X-CUBE-ALGOBUILD_V1.4.0, X-CUBE-ALS_V1.0.2, X-CUBE-AZRTOS-F4_V1.1.0, X-CUBE-AZRTOS-F7_V1.1.0, X-CUBE-AZRTOS-G0_V1.1.0, X-CUBE-AZRTOS-G4_V2.0.0, X-CUBE-AZRTOS-H7RS_V1.1.0, X-CUBE-AZRTOS-H7_V3.3.0, X-CUBE-AZRTOS-L4_V2.0.0, X-CUBE-AZRTOS-L5_V2.0.0, X-CUBE-AZRTOS-WB_V2.0.0, X-CUBE-AZRTOS-WL_V2.0.0, X-CUBE-BLE1_V7.1.0, X-CUBE-BLE2_V3.3.0, X-CUBE-BLEMGR_V4.0.0, X-CUBE-EEPRMA1_V5.1.0, X-CUBE-FREERTOS_V1.3.1, X-CUBE-GNSS1_V6.0.0, X-CUBE-MEMS1_V11.3.0, X-CUBE-NFC4_V3.0.0, X-CUBE-NFC7_V2.0.0, X-CUBE-SFXS2LP1_V4.0.0, X-CUBE-SUBG2_V5.0.0, X-CUBE-TOF1_V3.4.3]
2025-07-01 08:57:05,912 [INFO] ApiDb:240 - Found 895 in-development CPN: [B-G473E-ZEST1S, B-WB1M-WPAN1, B-WBA5M-WPAN, B-WL5M-SUBG1, NUCLEO-C031C6, NUCLEO-C051C8, NUCLEO-C071RB, NUCLEO-C092RC, NUCLEO-H503RB, NUCLEO-H533RE, NUCLEO-H563ZI, NUCLEO-H7S3L8, NUCLEO-N657X0-Q, NUCLEO-U031R8, NUCLEO-U083RC, NUCLEO-U385RG-Q, NUCLEO-U545RE-Q, NUCLEO-U5A5ZJ-Q, NUCLEO-WB05KZ, NUCLEO-WB07CC, NUCLEO-WB09KE, NUCLEO-WBA52CG, NUCLEO-WBA55CG, NUCLEO-WBA65RI, NUCLEO-WL33CC1, NUCLEO-WL33CC2, STEVAL-PROTEUS1, STEVAL-SMARTAG2, STEVAL-STWINBX1, STM320518-EVAL, STM32C0116-DK, STM32C011D6Y3TR, STM32C011D6Y6TR, STM32C011F4P3, STM32C011F4P6, STM32C011F4U3, STM32C011F4U6TR, STM32C011F6P3, STM32C011F6P6, STM32C011F6U3, STM32C011F6U6TR, STM32C011J4M3, STM32C011J4M6, STM32C011J6M3, STM32C011J6M6, STM32C0316-DK, STM32C031C4T3, STM32C031C4T6, STM32C031C4U3, STM32C031C4U6, STM32C031C6T3, STM32C031C6T6, STM32C031C6U3, STM32C031C6U6, STM32C031F4P3, STM32C031F4P6, STM32C031F6P3, STM32C031F6P6, STM32C031G4U3, STM32C031G4U6, STM32C031G6U3, STM32C031G6U6, STM32C031K4T3, STM32C031K4T6, STM32C031K4U3, STM32C031K4U6, STM32C031K6T3, STM32C031K6T6, STM32C031K6U3, STM32C031K6U6, STM32C051C6T6, STM32C051C6U6, STM32C051C8T6, STM32C051C8U6, STM32C051D8Y6TR, STM32C051F6P6, STM32C051F8P6, STM32C051G6U6, STM32C051G8U6, STM32C051K6T6, STM32C051K6U6, STM32C051K8T6, STM32C071C8T6, STM32C071C8T6N, STM32C071C8U6, STM32C071C8U6N, STM32C071CBT6, STM32C071CBT6N, STM32C071CBU6, STM32C071CBU6N, STM32C071F8P6, STM32C071F8P6N, STM32C071FBP6, STM32C071FBP6N, STM32C071FBY6TR, STM32C071G8U6, STM32C071G8U6N, STM32C071GBU6, STM32C071GBU6N, STM32C071K8T6, STM32C071K8T6N, STM32C071K8U6, STM32C071K8U6N, STM32C071KBT6, STM32C071KBT6N, STM32C071KBU6, STM32C071KBU6N, STM32C071R8T6, STM32C071R8T6N, STM32C071RBI6N, STM32C071RBT6, STM32C071RBT6N, STM32C091CBT6, STM32C091CBU6, STM32C091CCT6, STM32C091CCU6, STM32C091ECY6TR, STM32C091FBP6, STM32C091FCP6, STM32C091GBU6, STM32C091GCU6, STM32C091KBT6, STM32C091KBU6, STM32C091KCT6, STM32C091KCU6, STM32C091RBT6, STM32C091RCI6, STM32C091RCT6, STM32C092CBT6, STM32C092CBU6, STM32C092CCT6, STM32C092CCU6, STM32C092ECY6TR, STM32C092FBP6, STM32C092FCP6, STM32C092GBU6, STM32C092GCU6, STM32C092KBT6, STM32C092KBU6, STM32C092KCT6, STM32C092KCU6, STM32C092RBT6, STM32C092RCI6, STM32C092RCT6, STM32G071K8TXN, STM32G071K8UXN, STM32G081GBU6N, STM32G081KBT6N, STM32G081KBUXN, STM32G0B1CCT6N, STM32G0B1KCT6, STM32G0B1NEY6TR, STM32G0B1RCT6N, STM32G0C1CCT6, STM32G0C1CCT6N, STM32G0C1CCU6N, STM32G0C1CET6N, STM32G0C1CEU6N, STM32G0C1KCT6, STM32G0C1NEY6TR, STM32G0C1RCI6N, STM32G0C1RCT6N, STM32G0C1REI6N, STM32G0C1RET6N, STM32G0C1VCI6, STM32G0C1VEI6, STM32G411C6T3, STM32G411C6T6, STM32G411C6U3, STM32G411C6U6, STM32G411C8T3, STM32G411C8T6, STM32G411C8U3, STM32G411C8U6, STM32G411CBT3, STM32G411CBT6, STM32G411CBU3, STM32G411CBU6, STM32G411CCT3, STM32G411CCT6, STM32G411CCU3, STM32G411CCU6, STM32G411K6T3, STM32G411K6T6, STM32G411K6U3, STM32G411K6U6, STM32G411K8T3, STM32G411K8T6, STM32G411K8U3, STM32G411K8U6, STM32G411KBT3, STM32G411KBT6, STM32G411KBU3, STM32G411KBU6, STM32G411M6T3, STM32G411M6T6, STM32G411M8T3, STM32G411M8T6, STM32G411MBT3, STM32G411MBT6, STM32G411MCT3, STM32G411MCT6, STM32G411R6T3, STM32G411R6T6, STM32G411R8T3, STM32G411R8T6, STM32G411RBT3, STM32G411RBT6, STM32G411RCT3, STM32G411RCT6, STM32G414CBT3, STM32G414CBT6, STM32G414CBU3, STM32G414CBU6, STM32G414CCT3, STM32G414CCT6, STM32G414CCU3, STM32G414CCU6, STM32G414MBT3, STM32G414MBT6, STM32G414MCT3, STM32G414MCT6, STM32G414RBT3, STM32G414RBT6, STM32G414RCT3, STM32G414RCT6, STM32G414VBT3, STM32G414VBT6, STM32G414VCT3, STM32G414VCT6, STM32G431CBT3Z, STM32G431RBT3Z, STM32G471CCT6, STM32G471CCU6, STM32G471CET3, STM32G471CET6, STM32G471CEU3, STM32G471CEU6, STM32G471MCT6, STM32G471MET3, STM32G471MET6, STM32G471MEY6TR, STM32G471QCT6, STM32G471QET3, STM32G471RCT6, STM32G471RET3, STM32G471RET6, STM32G471VCH6, STM32G471VCI6, STM32G471VCT6, STM32G471VEH3, STM32G471VEH6, STM32G471VEI3, STM32G471VEI6, STM32G471VET3, STM32G471VET6, STM32G473QET3Z, STM32G473RET3Z, STM32G474CCT6, STM32G491RET3Z, STM32H503CBT6, STM32H503CBU6, STM32H503EBY6TR, STM32H503KBU6, STM32H503RBT6, STM32H523CCT6, STM32H523CCU6, STM32H523CET6, STM32H523CEU6, STM32H523HEY6TR, STM32H523RCT6, STM32H523RET6, STM32H523VCI6, STM32H523VCT6, STM32H523VEI6, STM32H523VET6, STM32H523ZCJ6, STM32H523ZCT6, STM32H523ZEJ6, STM32H523ZET6, STM32H533CET6, STM32H533CEU6, STM32H533HEY6TR, STM32H533RET6, STM32H533VEI6, STM32H533VET6, STM32H533ZEJ6, STM32H533ZET6, STM32H562AGI6, STM32H562AII6, STM32H562IGK6, STM32H562IGT6, STM32H562IIK6, STM32H562IIT6, STM32H562RGT6, STM32H562RGV6, STM32H562RIT6, STM32H562RIV6, STM32H562VGT6, STM32H562VIT6, STM32H562ZGT6, STM32H562ZIT6, STM32H563AGI6, STM32H563AII3Q, STM32H563AII6, STM32H563IGK6, STM32H563IGT6, STM32H563IIK3Q, STM32H563IIK6, STM32H563IIT3Q, STM32H563IIT6, STM32H563MIY3QTR, STM32H563RGT6, STM32H563RGV6, STM32H563RIT6, STM32H563RIV6, STM32H563VGT6, STM32H563VIT3Q, STM32H563VIT6, STM32H563ZGT6, STM32H563ZIT3Q, STM32H563ZIT6, STM32H573AII3Q, STM32H573AII6, STM32H573I-DK, STM32H573IIK3Q, STM32H573IIK6, STM32H573IIT3Q, STM32H573IIT6, STM32H573MIY3QTR, STM32H573RIT6, STM32H573RIV6, STM32H573VIT3Q, STM32H573VIT6, STM32H573ZIT3Q, STM32H573ZIT6, STM32H7R3A8I6, STM32H7R3I8K6, STM32H7R3I8T6, STM32H7R3L8H6, STM32H7R3L8H6H, STM32H7R3R8V6, STM32H7R3V8H6, STM32H7R3V8T6, STM32H7R3V8Y6TR, STM32H7R3Z8J6, STM32H7R3Z8T6, STM32H7R7A8I6, STM32H7R7I8K6, STM32H7R7I8T6, STM32H7R7L8H6, STM32H7R7L8H6H, STM32H7R7Z8J6, STM32H7S3A8I6, STM32H7S3I8K6, STM32H7S3I8T6, STM32H7S3L8H6, STM32H7S3L8H6H, STM32H7S3R8V6, STM32H7S3V8H6, STM32H7S3V8T6, STM32H7S3V8Y6TR, STM32H7S3Z8J6, STM32H7S3Z8T6, STM32H7S78-DK, STM32H7S7A8I6, STM32H7S7I8K6, STM32H7S7I8T6, STM32H7S7L8H6, STM32H7S7L8H6H, STM32H7S7Z8J6, STM32L4R5QGI6STR, STM32MP131AAE3, STM32MP131AAF3, STM32MP131AAG3, STM32MP131CAE3, STM32MP131CAF3, STM32MP131CAG3, STM32MP131DAE7, STM32MP131DAF7, STM32MP131DAG7, STM32MP131FAE7, STM32MP131FAF7, STM32MP131FAG7, STM32MP133AAE3, STM32MP133AAF3, STM32MP133AAG3, STM32MP133CAE3, STM32MP133CAF3, STM32MP133CAG3, STM32MP133DAE7, STM32MP133DAF7, STM32MP133DAG7, STM32MP133FAE7, STM32MP133FAF7, STM32MP133FAG7, STM32MP135AAE3, STM32MP135AAF3, STM32MP135AAG3, STM32MP135CAE3, STM32MP135CAF3, STM32MP135CAG3, STM32MP135DAE7, STM32MP135DAF7, STM32MP135DAG7, STM32MP135F-DK, STM32MP135FAE7, STM32MP135FAF7, STM32MP135FAF7T, STM32MP135FAF7U, STM32MP135FAG7, STM32MP231AAJ3, STM32MP231AAK3, STM32MP231AAL3, STM32MP231CAJ3, STM32MP231CAK3, STM32MP231CAL3, STM32MP231DAJ3, STM32MP231DAK3, STM32MP231DAL3, STM32MP231FAJ3, STM32MP231FAK3, STM32MP231FAL3, STM32MP233AAJ3, STM32MP233AAK3, STM32MP233AAL3, STM32MP233CAJ3, STM32MP233CAK3, STM32MP233CAL3, STM32MP233DAJ3, STM32MP233DAK3, STM32MP233DAL3, STM32MP233FAJ3, STM32MP233FAK3, STM32MP233FAL3, STM32MP235AAJ3, STM32MP235AAK3, STM32MP235AAL3, STM32MP235CAJ3, STM32MP235CAK3, STM32MP235CAL3, STM32MP235DAJ3, STM32MP235DAK3, STM32MP235DAL3, STM32MP235FAJ3, STM32MP235FAK3, STM32MP235FAL3, STM32MP251AAI3, STM32MP251AAJ3, STM32MP251AAK3, STM32MP251AAL3, STM32MP251CAI3, STM32MP251CAJ3, STM32MP251CAK3, STM32MP251CAL3, STM32MP251DAI3, STM32MP251DAJ3, STM32MP251DAK3, STM32MP251DAL3, STM32MP251FAI3, STM32MP251FAJ3, STM32MP251FAK3, STM32MP251FAL3, STM32MP253AAI3, STM32MP253AAJ3, STM32MP253AAK3, STM32MP253AAL3, STM32MP253CAI3, STM32MP253CAJ3, STM32MP253CAK3, STM32MP253CAL3, STM32MP253DAI3, STM32MP253DAJ3, STM32MP253DAK3, STM32MP253DAL3, STM32MP253FAI3, STM32MP253FAJ3, STM32MP253FAK3, STM32MP253FAL3, STM32MP255AAI3, STM32MP255AAJ3, STM32MP255AAK3, STM32MP255AAL3, STM32MP255CAI3, STM32MP255CAJ3, STM32MP255CAK3, STM32MP255CAL3, STM32MP255DAI3, STM32MP255DAJ3, STM32MP255DAK3, STM32MP255DAL3, STM32MP255FAI3, STM32MP255FAJ3, STM32MP255FAK3, STM32MP255FAL3, STM32MP257AAI3, STM32MP257AAJ3, STM32MP257AAK3, STM32MP257AAL3, STM32MP257CAI3, STM32MP257CAJ3, STM32MP257CAK3, STM32MP257CAL3, STM32MP257DAI3, STM32MP257DAJ3, STM32MP257DAK3, STM32MP257DAL3, STM32MP257F-DK, STM32MP257F-EV1, STM32MP257FAI3, STM32MP257FAJ3, STM32MP257FAK3, STM32MP257FAL3, STM32N645A0H3Q, STM32N645B0H3Q, STM32N645I0H3Q, STM32N645L0H3Q, STM32N645X0H3Q, STM32N645Z0H3Q, STM32N647A0H3Q, STM32N647B0H3Q, STM32N647I0H3Q, STM32N647L0H3Q, STM32N647X0H3Q, STM32N647Z0H3Q, STM32N655A0H3Q, STM32N655B0H3Q, STM32N655I0H3Q, STM32N655L0H3Q, STM32N655X0H3Q, STM32N655Z0H3Q, STM32N6570-DK, STM32N657A0H3Q, STM32N657B0H3Q, STM32N657I0H3Q, STM32N657L0H3Q, STM32N657X0H3Q, STM32N657Z0H3Q, STM32U031C6T6, STM32U031C6U6, STM32U031C8T6, STM32U031C8U6, STM32U031F4P6, STM32U031F6P6, STM32U031F8P6, STM32U031G6Y6TR, STM32U031G8Y6TR, STM32U031K4U6, STM32U031K6U6, STM32U031K8U6, STM32U031R6I6, STM32U031R6T6, STM32U031R8I6, STM32U031R8T6, STM32U073C8T6, STM32U073C8U6, STM32U073CBT6, STM32U073CBU6, STM32U073CCT6, STM32U073CCU6, STM32U073H8Y6TR, STM32U073HBY6TR, STM32U073HCY6TR, STM32U073K8U6, STM32U073KBU6, STM32U073KCU6, STM32U073M8I6, STM32U073M8T6, STM32U073MBI6, STM32U073MBT6, STM32U073MCI6, STM32U073MCT6, STM32U073R8I6, STM32U073R8T6, STM32U073RBI6, STM32U073RBT6, STM32U073RCI6, STM32U073RCT6, STM32U083C-DK, STM32U083CCT6, STM32U083CCU6, STM32U083HCY6TR, STM32U083KCU6, STM32U083MCI6, STM32U083MCT6, STM32U083RCI6, STM32U083RCT6, STM32U375CET6, STM32U375CET6Q, STM32U375CEU6, STM32U375CEU6Q, STM32U375CEY6QTR, STM32U375CGT6, STM32U375CGT6Q, STM32U375CGU6, STM32U375CGU6Q, STM32U375CGY6QTR, STM32U375KEU6, STM32U375KGU6, STM32U375REI6, STM32U375REI6Q, STM32U375RET6, STM32U375RET6Q, STM32U375REY6GTR, STM32U375REY6QTR, STM32U375RGI6, STM32U375RGI6Q, STM32U375RGT6, STM32U375RGT6Q, STM32U375RGY6GTR, STM32U375RGY6QTR, STM32U375VEI6, STM32U375VEI6Q, STM32U375VET6, STM32U375VET6Q, STM32U375VGI6, STM32U375VGI6Q, STM32U375VGT6, STM32U375VGT6Q, STM32U385CGT6, STM32U385CGT6Q, STM32U385CGU6, STM32U385CGU6Q, STM32U385CGY6QTR, STM32U385KGU6, STM32U385RGI6, STM32U385RGI6Q, STM32U385RGT6, STM32U385RGT6Q, STM32U385RGY6GTR, STM32U385RGY6QTR, STM32U385VGI6, STM32U385VGI6Q, STM32U385VGT6, STM32U385VGT6Q, STM32U535CBT6, STM32U535CBT6Q, STM32U535CBU6, STM32U535CBU6Q, STM32U535CCT6, STM32U535CCT6Q, STM32U535CCU6, STM32U535CCU6Q, STM32U535CET6, STM32U535CET6Q, STM32U535CEU6, STM32U535CEU6Q, STM32U535JEY6QTR, STM32U535NCY6QTR, STM32U535NEY6QTR, STM32U535RBI6, STM32U535RBI6Q, STM32U535RBT6, STM32U535RBT6Q, STM32U535RCI6, STM32U535RCI6Q, STM32U535RCT6, STM32U535RCT6Q, STM32U535REI6, STM32U535REI6Q, STM32U535RET6, STM32U535RET6Q, STM32U535VCI6, STM32U535VCI6Q, STM32U535VCT6, STM32U535VCT6Q, STM32U535VEI6, STM32U535VEI6Q, STM32U535VET6, STM32U535VET6Q, STM32U545CET6, STM32U545CET6Q, STM32U545CEU6, STM32U545CEU6Q, STM32U545JEY6QTR, STM32U545NEY6QTR, STM32U545REI6, STM32U545REI6Q, STM32U545RET6, STM32U545RET6Q, STM32U545VEI6, STM32U545VEI6Q, STM32U545VET6, STM32U545VET6Q, STM32U595AIH6, STM32U595AIH6Q, STM32U595AJH6, STM32U595AJH6Q, STM32U595QII6, STM32U595QII6Q, STM32U595QJI6, STM32U595QJI6Q, STM32U595RIT6, STM32U595RIT6Q, STM32U595RJT6, STM32U595RJT6Q, STM32U595VIT6, STM32U595VIT6Q, STM32U595VJT6, STM32U595VJT6Q, STM32U595ZIT6, STM32U595ZIT6Q, STM32U595ZIY6QTR, STM32U595ZJT6, STM32U595ZJT6Q, STM32U595ZJY6QTR, STM32U599BJY6QTR, STM32U599NIH6Q, STM32U599NJH6Q, STM32U599VIT6Q, STM32U599VJT6, STM32U599VJT6Q, STM32U599ZIT6Q, STM32U599ZIY6QTR, STM32U599ZJT6Q, STM32U599ZJY6QTR, STM32U5A5AJH6, STM32U5A5AJH6Q, STM32U5A5QII3Q , STM32U5A5QJI6, STM32U5A5QJI6Q, STM32U5A5RJT6, STM32U5A5RJT6Q, STM32U5A5VJT6, STM32U5A5VJT6Q, STM32U5A5ZJT6, STM32U5A5ZJT6Q, STM32U5A5ZJY6QTR, STM32U5A9BJY6QTR, STM32U5A9J-DK, STM32U5A9NJH6Q, STM32U5A9VJT6Q, STM32U5A9ZJT6Q, STM32U5A9ZJY6QTR, STM32U5F7VIT6, STM32U5F7VIT6Q, STM32U5F7VJT6, STM32U5F7VJT6Q, STM32U5F9BJY6QTR, STM32U5F9NJH6Q, STM32U5F9VIT6Q, STM32U5F9VJT6Q, STM32U5F9ZIJ6QTR, STM32U5F9ZIT6Q, STM32U5F9ZJJ6QTR, STM32U5F9ZJT6Q, STM32U5G7VJT6, STM32U5G7VJT6Q, STM32U5G9BJY6QTR, STM32U5G9J-DK1, STM32U5G9J-DK2, STM32U5G9NJH6Q, STM32U5G9VJT6Q, STM32U5G9ZJJ6QTR, STM32U5G9ZJT6Q, STM32WB05KZV6TR, STM32WB05KZV7TR, STM32WB05TZF6TR, STM32WB05TZF7TR, STM32WB06CCF6TR, STM32WB06CCF7TR, STM32WB06CCV6TR, STM32WB06CCV7TR, STM32WB06KCV6TR, STM32WB06KCV7TR, STM32WB07CCF6TR, STM32WB07CCF7TR, STM32WB07CCV6TR, STM32WB07CCV7TR, STM32WB07KCV6TR, STM32WB07KCV7TR, STM32WB09KEV6TR, STM32WB09KEV7TR, STM32WB09TEF6TR, STM32WB09TEF7TR, STM32WB1MMCH6, STM32WBA50KGU6, STM32WBA50KGU6TR, STM32WBA52CEU6, STM32WBA52CEU6TR, STM32WBA52CEU7, STM32WBA52CEU7TR, STM32WBA52CGU6, STM32WBA52CGU6TR, STM32WBA52CGU6U, STM32WBA52CGU7, STM32WBA52CGU7TR, STM32WBA52KEU6, STM32WBA52KEU6TR, STM32WBA52KGU6, STM32WBA52KGU6TR, STM32WBA54CEU6, STM32WBA54CEU6TR, STM32WBA54CEU7, STM32WBA54CEU7TR, STM32WBA54CGU6, STM32WBA54CGU6TR, STM32WBA54CGU7, STM32WBA54CGU7TR, STM32WBA54KEU6, STM32WBA54KEU6TR, STM32WBA54KEU7, STM32WBA54KEU7TR, STM32WBA54KGU6, STM32WBA54KGU6TR, STM32WBA54KGU7, STM32WBA54KGU7TR, STM32WBA55CEU6, STM32WBA55CEU6TR, STM32WBA55CEU7, STM32WBA55CEU7TR, STM32WBA55CGU6, STM32WBA55CGU6TR, STM32WBA55CGU6U, STM32WBA55CGU7, STM32WBA55CGU7TR, STM32WBA55G-DK1, STM32WBA55HEF6, STM32WBA55HEF7, STM32WBA55HGF6, STM32WBA55HGF7, STM32WBA55UEI6, STM32WBA55UEI6TR, STM32WBA55UEI7, STM32WBA55UEI7TR, STM32WBA55UGI6, STM32WBA55UGI6TR, STM32WBA55UGI7, STM32WBA55UGI7TR, STM32WBA5MJGH6TR, STM32WBA62CGU6, STM32WBA62CIU6, STM32WBA62MGF6, STM32WBA62MIF6, STM32WBA62PGI6, STM32WBA62PII6, STM32WBA63CGU6, STM32WBA63CGU7, STM32WBA63CIU6, STM32WBA63CIU7, STM32WBA64CGU6, STM32WBA64CGU7, STM32WBA64CIU6, STM32WBA64CIU7, STM32WBA65CGU6, STM32WBA65CGU7, STM32WBA65CIU6, STM32WBA65CIU7, STM32WBA65I-DK1, STM32WBA65MGF6, STM32WBA65MGF7, STM32WBA65MIF6, STM32WBA65MIF7, STM32WBA65PGI6, STM32WBA65PGI7, STM32WBA65PII6, STM32WBA65PII7, STM32WBA65RGV6, STM32WBA65RGV7, STM32WBA65RIV6, STM32WBA65RIV7, STM32WL30K8V6, STM32WL30KBV6, STM32WL31C8V6, STM32WL31CBV6, STM32WL31K8V6, STM32WL31KBV6, STM32WL33C8V6, STM32WL33C8V6TR, STM32WL33C8V7, STM32WL33C8V7TR, STM32WL33CBV6, STM32WL33CBV6TR, STM32WL33CBV7, STM32WL33CBV7TR, STM32WL33CCV6, STM32WL33CCV6TR, STM32WL33CCV7, STM32WL33CCV7A, STM32WL33CCV7ATR, STM32WL33CCV7TR, STM32WL33K8V6, STM32WL33K8V6TR, STM32WL33K8V7, STM32WL33K8V7TR, STM32WL33KBV6, STM32WL33KBV6TR, STM32WL33KBV7, STM32WL33KBV7TR, STM32WL33KCV6, STM32WL33KCV6TR, STM32WL33KCV7, STM32WL33KCV7TR, STM32WL5MOCH6, STM32WL5MOCH6TR]
2025-07-01 08:57:05,917 [INFO] DbMcus:218 - Found 4686 MCUs, 4686 are supported
2025-07-01 08:57:05,924 [INFO] ApiDb:423 - Load user favorites file /home/psh/.stm32cubeide/favorites.mcus.txt: 1 item(s)
2025-07-01 08:57:05,924 [INFO] ApiDb:427 - User favorites MCUs=[STM32F411RET6]
2025-07-01 08:57:05,924 [INFO] DbMcus:224 - Set 1 / 1 favorites MCUs
2025-07-01 08:57:07,045 [INFO] ApiDb:423 - Load user favorites file /home/psh/.stm32cubeide/favorites.boards.txt: 1 item(s)
2025-07-01 08:57:07,045 [INFO] ApiDb:427 - User favorites Boards=[NUCLEO-F411RE]
2025-07-01 08:57:07,045 [INFO] DbBoards:198 - Set 1 / 1 favorites Boards
2025-07-01 08:57:07,090 [INFO] UtilMem:75 - End LoadConfig() Used Memory: 458483312 Bytes (722468864)
2025-07-01 08:57:07,287 [WARN] ThirdParty:833 - waiting for thirdparty lock release [change project]
2025-07-01 08:57:07,287 [INFO] ThirdParty:835 - entering critical section [change project]
2025-07-01 08:57:07,288 [INFO] ThirdParty:1030 - CMSIS Pack Vendor :STMicroelectronics X-CUBE-PM33A1 1.0.0
2025-07-01 08:57:07,288 [INFO] ThirdParty:1030 - CMSIS Pack Vendor :STMicroelectronics USBPD 4.1
2025-07-01 08:57:07,288 [INFO] ThirdParty:1030 - CMSIS Pack Vendor :STMicroelectronics X-CUBE-AZRTOS-H7 3.3.0
2025-07-01 08:57:07,288 [INFO] ThirdParty:1030 - CMSIS Pack Vendor :STMicroelectronics X-CUBE-NFC9 1.0.0
2025-07-01 08:57:07,288 [INFO] ThirdParty:1030 - CMSIS Pack Vendor :wolfSSL I-CUBE-wolfSSL 5.8.0
2025-07-01 08:57:07,288 [INFO] ThirdParty:1030 - CMSIS Pack Vendor :STMicroelectronics USB_HOST 2.0.0
2025-07-01 08:57:07,288 [INFO] ThirdParty:1030 - CMSIS Pack Vendor :STMicroelectronics FP-SNS-MOTENVWB1 1.4.0
2025-07-01 08:57:07,288 [INFO] ThirdParty:1030 - CMSIS Pack Vendor :STMicroelectronics X-CUBE-AZRTOS-F4 1.1.0
2025-07-01 08:57:07,288 [INFO] ThirdParty:1030 - CMSIS Pack Vendor :STMicroelectronics LIBJPEG 8.0.0
2025-07-01 08:57:07,288 [INFO] ThirdParty:1030 - CMSIS Pack Vendor :Avnet-IotConnect X-CUBE-IoTC-DA16k-PMOD 1.0.0
2025-07-01 08:57:07,288 [INFO] ThirdParty:1030 - CMSIS Pack Vendor :STMicroelectronics X-CUBE-SMBUS 2.1.0
2025-07-01 08:57:07,289 [INFO] ThirdParty:1030 - CMSIS Pack Vendor :wolfSSL I-CUBE-wolfMQTT 1.19.2
2025-07-01 08:57:07,289 [INFO] ThirdParty:1030 - CMSIS Pack Vendor :STMicroelectronics USB_DEVICE 3.0.0
2025-07-01 08:57:07,289 [INFO] ThirdParty:1030 - CMSIS Pack Vendor :STMicroelectronics X-CUBE-ISPU 2.1.0
2025-07-01 08:57:07,289 [INFO] ThirdParty:1030 - CMSIS Pack Vendor :STMicroelectronics X-CUBE-AZRTOS-WB 2.0.0
2025-07-01 08:57:07,289 [INFO] ThirdParty:1030 - CMSIS Pack Vendor :STMicroelectronics X-CUBE-ST60 1.0.0
2025-07-01 08:57:07,289 [INFO] ThirdParty:1030 - CMSIS Pack Vendor :STMicroelectronics X-CUBE-GNSS1 7.0.1
2025-07-01 08:57:07,289 [INFO] ThirdParty:1030 - CMSIS Pack Vendor :STMicroelectronics X-CUBE-AZRTOS-F7 1.1.0
2025-07-01 08:57:07,289 [INFO] ThirdParty:1030 - CMSIS Pack Vendor :STMicroelectronics X-CUBE-AZRTOS-L5 2.0.0
2025-07-01 08:57:07,289 [INFO] ThirdParty:1030 - CMSIS Pack Vendor :STMicroelectronics X-CUBE-TOUCHGFX 4.25.0
2025-07-01 08:57:07,289 [INFO] ThirdParty:1030 - CMSIS Pack Vendor :STMicroelectronics USB_DEVICE 2.0.0
2025-07-01 08:57:07,290 [INFO] ThirdParty:1030 - CMSIS Pack Vendor :STMicroelectronics X-CUBE-NFC6 3.1.0
2025-07-01 08:57:07,290 [INFO] ThirdParty:1030 - CMSIS Pack Vendor :STMicroelectronics FP-SNS-STBOX1 2.0.0
2025-07-01 08:57:07,290 [INFO] ThirdParty:1030 - CMSIS Pack Vendor :STMicroelectronics FreeRTOS 0.0.1
2025-07-01 08:57:07,290 [INFO] ThirdParty:1030 - CMSIS Pack Vendor :STMicroelectronics X-CUBE-AZRTOS-G0 1.1.0
2025-07-01 08:57:07,290 [INFO] ThirdParty:1030 - CMSIS Pack Vendor :STMicroelectronics X-CUBE-SAFEA1 1.2.2
2025-07-01 08:57:07,290 [INFO] ThirdParty:1030 - CMSIS Pack Vendor :STMicroelectronics X-CUBE-NFC4 3.0.0
2025-07-01 08:57:07,290 [INFO] ThirdParty:1030 - CMSIS Pack Vendor :STMicroelectronics X-CUBE-SUBG2 5.0.0
2025-07-01 08:57:07,290 [INFO] ThirdParty:1030 - CMSIS Pack Vendor :STMicroelectronics X-CUBE-AZRTOS-H7RS 1.1.0
2025-07-01 08:57:07,290 [INFO] ThirdParty:1030 - CMSIS Pack Vendor :STMicroelectronics STM32_WPAN 1.0.0
2025-07-01 08:57:07,290 [INFO] ThirdParty:1030 - CMSIS Pack Vendor :EmbeddedOffice I-CUBE-FS-RTOS 1.0.1
2025-07-01 08:57:07,290 [INFO] ThirdParty:1030 - CMSIS Pack Vendor :STMicroelectronics lwIP 2.0.3
2025-07-01 08:57:07,291 [INFO] ThirdParty:1030 - CMSIS Pack Vendor :Cesanta I-CUBE-Mongoose 7.13.0
2025-07-01 08:57:07,291 [INFO] ThirdParty:1030 - CMSIS Pack Vendor :STMicroelectronics USB_HOST 1.0.0
2025-07-01 08:57:07,291 [INFO] ThirdParty:1030 - CMSIS Pack Vendor :Infineon AIROC-Wi-Fi-Bluetooth-STM32 1.7.0
2025-07-01 08:57:07,291 [INFO] ThirdParty:1030 - CMSIS Pack Vendor :STMicroelectronics X-CUBE-AZRTOS-G4 2.0.0
2025-07-01 08:57:07,291 [INFO] ThirdParty:1030 - CMSIS Pack Vendor :STMicroelectronics X-CUBE-WB05N 2.0.0
2025-07-01 08:57:07,291 [INFO] ThirdParty:1030 - CMSIS Pack Vendor :STMicroelectronics PDM2PCM 3.1.0
2025-07-01 08:57:07,291 [INFO] ThirdParty:1030 - CMSIS Pack Vendor :STMicroelectronics PDM2PCM 3.3.0
2025-07-01 08:57:07,291 [INFO] ThirdParty:1030 - CMSIS Pack Vendor :wolfSSL I-CUBE-wolfTPM 3.8.0
2025-07-01 08:57:07,291 [INFO] ThirdParty:1030 - CMSIS Pack Vendor :STMicroelectronics X-CUBE-DISPLAY 3.0.0
2025-07-01 08:57:07,291 [INFO] ThirdParty:1030 - CMSIS Pack Vendor :wolfSSL I-CUBE-wolfSSH 1.4.20
2025-07-01 08:57:07,291 [INFO] ThirdParty:1030 - CMSIS Pack Vendor :STMicroelectronics X-CUBE-NFC7 2.0.0
2025-07-01 08:57:07,291 [INFO] ThirdParty:1030 - CMSIS Pack Vendor :STMicroelectronics X-CUBE-TCPP 4.2.0
2025-07-01 08:57:07,291 [INFO] ThirdParty:1030 - CMSIS Pack Vendor :RealThread X-CUBE-RT-Thread_Nano 4.1.1
2025-07-01 08:57:07,291 [INFO] ThirdParty:1030 - CMSIS Pack Vendor :STMicroelectronics FP-ATR-SIGFOX1 3.2.0
2025-07-01 08:57:07,291 [INFO] ThirdParty:1030 - CMSIS Pack Vendor :STMicroelectronics X-CUBE-NFC10 1.0.0
2025-07-01 08:57:07,291 [INFO] ThirdParty:1030 - CMSIS Pack Vendor :STMicroelectronics X-CUBE-BLEMGR 4.0.0
2025-07-01 08:57:07,291 [INFO] ThirdParty:1030 - CMSIS Pack Vendor :STMicroelectronics X-CUBE-EEPRMA1 5.1.0
2025-07-01 08:57:07,292 [INFO] ThirdParty:1030 - CMSIS Pack Vendor :STMicroelectronics X-CUBE-FREERTOS 1.3.1
2025-07-01 08:57:07,292 [INFO] ThirdParty:1030 - CMSIS Pack Vendor :STMicroelectronics HAL Drivers 0.0.0
2025-07-01 08:57:07,292 [INFO] ThirdParty:1030 - CMSIS Pack Vendor :STMicroelectronics MBEDTLS 2.16.2
2025-07-01 08:57:07,292 [INFO] ThirdParty:1030 - CMSIS Pack Vendor :STMicroelectronics X-CUBE-IPS 3.1.0
2025-07-01 08:57:07,292 [INFO] ThirdParty:1030 - CMSIS Pack Vendor :STMicroelectronics X-CUBE-ALS 1.0.2
2025-07-01 08:57:07,292 [INFO] ThirdParty:1030 - CMSIS Pack Vendor :emotas I-CUBE-CANOPEN 1.3.0
2025-07-01 08:57:07,292 [INFO] ThirdParty:1030 - CMSIS Pack Vendor :STMicroelectronics MBEDTLS 2.14.1
2025-07-01 08:57:07,292 [INFO] ThirdParty:1030 - CMSIS Pack Vendor :ITTIA_DB I-CUBE-ITTIADB 8.9.0
2025-07-01 08:57:07,292 [INFO] ThirdParty:1030 - CMSIS Pack Vendor :portGmbH I-Cube-SoM-uGOAL 1.1.0
2025-07-01 08:57:07,292 [INFO] ThirdParty:1030 - CMSIS Pack Vendor :quantropi X-CUBE-qispace-sdk-base 2.0.0
2025-07-01 08:57:07,292 [INFO] ThirdParty:1030 - CMSIS Pack Vendor :STMicroelectronics X-CUBE-ST67W61 1.0.0
2025-07-01 08:57:07,292 [INFO] ThirdParty:1030 - CMSIS Pack Vendor :STMicroelectronics FP-SNS-STAIOTCFT 1.0.0
2025-07-01 08:57:07,292 [INFO] ThirdParty:1030 - CMSIS Pack Vendor :STMicroelectronics ThreadX 1.0.0
2025-07-01 08:57:07,293 [INFO] ThirdParty:1030 - CMSIS Pack Vendor :STMicroelectronics FP-SNS-SMARTAG2 1.2.0
2025-07-01 08:57:07,293 [INFO] ThirdParty:1030 - CMSIS Pack Vendor :STMicroelectronics X-CUBE-AZRTOS-WL 2.0.0
2025-07-01 08:57:07,293 [INFO] ThirdParty:1030 - CMSIS Pack Vendor :SEGGER I-CUBE-embOS 1.3.1
2025-07-01 08:57:07,293 [INFO] ThirdParty:1030 - CMSIS Pack Vendor :STMicroelectronics X-CUBE-ALGOBUILD 1.4.0
2025-07-01 08:57:07,293 [INFO] ThirdParty:1030 - CMSIS Pack Vendor :STMicroelectronics X-CUBE-DPower 1.3.0
2025-07-01 08:57:07,293 [INFO] ThirdParty:1030 - CMSIS Pack Vendor :STMicroelectronics X-CUBE-MEMS1 11.3.0
2025-07-01 08:57:07,293 [INFO] ThirdParty:1030 - CMSIS Pack Vendor :STMicroelectronics FP-SNS-MOTENV1 5.0.0
2025-07-01 08:57:07,293 [INFO] ThirdParty:1030 - CMSIS Pack Vendor :STMicroelectronics USB_DEVICE 1.0.0
2025-07-01 08:57:07,293 [INFO] ThirdParty:1030 - CMSIS Pack Vendor :STMicroelectronics X-CUBE-AZRTOS-L4 2.0.0
2025-07-01 08:57:07,293 [INFO] ThirdParty:1030 - CMSIS Pack Vendor :STMicroelectronics ThreadX 0.0.2
2025-07-01 08:57:07,294 [INFO] ThirdParty:1030 - CMSIS Pack Vendor :WES I-CUBE-Cesium 1.3.0
2025-07-01 08:57:07,294 [INFO] ThirdParty:1030 - CMSIS Pack Vendor :STMicroelectronics lwIP 2.1.2
2025-07-01 08:57:07,294 [INFO] ThirdParty:1030 - CMSIS Pack Vendor :STMicroelectronics X-CUBE-SFXS2LP1 4.0.0
2025-07-01 08:57:07,294 [INFO] ThirdParty:1030 - CMSIS Pack Vendor :STMicroelectronics X-CUBE-BLE2 3.3.0
2025-07-01 08:57:07,294 [INFO] ThirdParty:1030 - CMSIS Pack Vendor :STMicroelectronics X-CUBE-TOF1 3.4.3
2025-07-01 08:57:07,294 [INFO] ThirdParty:1030 - CMSIS Pack Vendor :STMicroelectronics PDM2PCM 3.2.0
2025-07-01 08:57:07,294 [INFO] ThirdParty:841 - exiting critical section [change project]
2025-07-01 08:57:07,978 [INFO] PinOutPanel:1589 - setPackage(No Configuration,No Configuration)
2025-07-01 08:57:07,980 [INFO] PinOutPanel:1589 - setPackage(STM32F411RETx,LQFP64)
2025-07-01 08:57:08,893 [INFO] UtilMem:75 - Before build in PCC Used Memory: 476579840 Bytes (722468864)
2025-07-01 08:57:10,016 [INFO] UtilMem:75 - After build in PCC Used Memory: 593494016 Bytes (722468864)
2025-07-01 08:57:10,090 [INFO] IPUIPlugin:80 - create IPUIPlugin
2025-07-01 08:57:10,090 [INFO] IPUIPlugin:80 - create IPUIPlugin
2025-07-01 08:57:10,091 [INFO] IPUIPlugin:80 - create IPUIPlugin
2025-07-01 08:57:10,091 [INFO] IPUIPlugin:80 - create IPUIPlugin
2025-07-01 08:57:10,091 [INFO] IPUIPlugin:80 - create IPUIPlugin
2025-07-01 08:57:10,092 [INFO] IPUIPlugin:80 - create IPUIPlugin
2025-07-01 08:57:10,092 [INFO] IPUIPlugin:80 - create IPUIPlugin
2025-07-01 08:57:10,092 [INFO] IPUIPlugin:80 - create IPUIPlugin
2025-07-01 08:57:10,092 [INFO] IPUIPlugin:80 - create IPUIPlugin
2025-07-01 08:57:10,093 [INFO] IPUIPlugin:80 - create IPUIPlugin
2025-07-01 08:57:10,093 [INFO] IPUIPlugin:80 - create IPUIPlugin
2025-07-01 08:57:10,094 [INFO] IPUIPlugin:80 - create IPUIPlugin
2025-07-01 08:57:10,094 [INFO] IPUIPlugin:80 - create IPUIPlugin
2025-07-01 08:57:10,095 [INFO] IPUIPlugin:80 - create IPUIPlugin
2025-07-01 08:57:10,096 [INFO] IPUIPlugin:80 - create IPUIPlugin
2025-07-01 08:57:10,097 [INFO] IPUIPlugin:80 - create IPUIPlugin
2025-07-01 08:57:10,097 [INFO] IPUIPlugin:80 - create IPUIPlugin
2025-07-01 08:57:10,098 [INFO] IPUIPlugin:80 - create IPUIPlugin
2025-07-01 08:57:10,098 [INFO] IPUIPlugin:80 - create IPUIPlugin
2025-07-01 08:57:10,099 [INFO] IPUIPlugin:80 - create IPUIPlugin
2025-07-01 08:57:10,099 [INFO] IPUIPlugin:80 - create IPUIPlugin
2025-07-01 08:57:10,100 [INFO] IPUIPlugin:80 - create IPUIPlugin
2025-07-01 08:57:10,100 [INFO] IPUIPlugin:80 - create IPUIPlugin
2025-07-01 08:57:10,101 [INFO] IPUIPlugin:80 - create IPUIPlugin
2025-07-01 08:57:10,102 [INFO] IPUIPlugin:80 - create IPUIPlugin
2025-07-01 08:57:10,102 [INFO] IPUIPlugin:80 - create IPUIPlugin
2025-07-01 08:57:10,103 [INFO] IPUIPlugin:80 - create IPUIPlugin
2025-07-01 08:57:10,103 [INFO] IPUIPlugin:80 - create IPUIPlugin
2025-07-01 08:57:10,104 [INFO] IPUIPlugin:80 - create IPUIPlugin
2025-07-01 08:57:10,104 [INFO] IPUIPlugin:80 - create IPUIPlugin
2025-07-01 08:57:10,105 [INFO] IPUIPlugin:80 - create IPUIPlugin
2025-07-01 08:57:10,107 [INFO] IPUIPlugin:80 - create IPUIPlugin
2025-07-01 08:57:10,108 [INFO] IPUIPlugin:80 - create IPUIPlugin
2025-07-01 08:57:10,108 [INFO] IPUIPlugin:80 - create IPUIPlugin
2025-07-01 08:57:10,109 [INFO] IPUIPlugin:80 - create IPUIPlugin
2025-07-01 08:57:10,110 [INFO] IPUIPlugin:80 - create IPUIPlugin
2025-07-01 08:57:10,111 [INFO] IPUIPlugin:80 - create IPUIPlugin
2025-07-01 08:57:10,112 [INFO] IPUIPlugin:80 - create IPUIPlugin
2025-07-01 08:57:10,112 [INFO] IPUIPlugin:80 - create IPUIPlugin
2025-07-01 08:57:10,113 [INFO] IPUIPlugin:80 - create IPUIPlugin
2025-07-01 08:57:10,114 [INFO] IPUIPlugin:80 - create IPUIPlugin
2025-07-01 08:57:10,115 [INFO] IPUIPlugin:80 - create IPUIPlugin
2025-07-01 08:57:10,116 [INFO] IPUIPlugin:80 - create IPUIPlugin
2025-07-01 08:57:10,178 [INFO] ApiDbMcu:508 - Load IP Config File for PDM2PCM
2025-07-01 08:57:10,473 [INFO] CADModel:165 - CPN selected for project levelSTM32F411RET6
2025-07-01 08:57:10,474 [INFO] CADModel:114 - Register for checkConnection events
2025-07-01 08:57:10,547 [INFO] OpenFileManager:385 - Restore cursor
2025-07-01 09:23:54,544 [INFO] MainUpdater:2872 - connection check result : 10
2025-07-01 09:23:54,724 [INFO] McuFinderGlobals:76 - Set McuFinderConnectedMode to true
2025-07-01 09:23:54,736 [INFO] MultiScanPanel:200 - Auto-refresh data requested => check proxy status ongoing
2025-07-01 09:23:54,739 [INFO] FinderPluginLoader:95 - Searching for filters in installed packs
2025-07-01 09:23:57,245 [INFO] LoadUrlFilesThread:185 - End of LoadServerUrlFiles without Thread
2025-07-01 09:23:57,313 [INFO] DetailPanel:341 - Set advertising image to /home/psh/STM32Cube/Repository//en.cubemxfinderstm32wba6.jpg
2025-07-01 09:25:36,056 [INFO] MainUpdater:2872 - connection check result : 10
2025-07-01 09:25:36,056 [INFO] MainUpdater:2872 - connection check result : 10
2025-07-01 09:25:36,635 [INFO] MicroXplorer:468 - Change Database Path : 
2025-07-01 09:25:36,636 [INFO] MicroXplorer:498 - Change Database Version : DB.6.0.141
2025-07-01 09:25:36,707 [ERROR] ProjectManagerView:395 - 
java.lang.NullPointerException: Cannot invoke "javax.swing.JTextField.getText()" because the return value of "java.util.List.get(int)" is null
	at com.st.microxplorer.plugins.projectmanager.gui.ProjectChoiceTab$9.caretUpdate(ProjectChoiceTab.java:2678) ~[filemanager.jar:?]
	at javax.swing.text.JTextComponent.fireCaretUpdate(JTextComponent.java:408) ~[?:?]
	at javax.swing.text.JTextComponent$MutableCaretEvent.fire(JTextComponent.java:4484) ~[?:?]
	at javax.swing.text.JTextComponent$MutableCaretEvent.stateChanged(JTextComponent.java:4506) ~[?:?]
	at javax.swing.text.DefaultCaret.fireStateChanged(DefaultCaret.java:857) ~[?:?]
	at javax.swing.text.DefaultCaret.changeCaretPosition(DefaultCaret.java:1343) ~[?:?]
	at javax.swing.text.DefaultCaret.handleSetDot(DefaultCaret.java:1242) ~[?:?]
	at javax.swing.text.DefaultCaret.setDot(DefaultCaret.java:1223) ~[?:?]
	at javax.swing.text.DefaultCaret$Handler.insertUpdate(DefaultCaret.java:1819) ~[?:?]
	at javax.swing.text.AbstractDocument.fireInsertUpdate(AbstractDocument.java:227) ~[?:?]
	at javax.swing.text.AbstractDocument.handleInsertString(AbstractDocument.java:781) ~[?:?]
	at javax.swing.text.AbstractDocument.insertString(AbstractDocument.java:740) ~[?:?]
	at javax.swing.text.PlainDocument.insertString(PlainDocument.java:131) ~[?:?]
	at javax.swing.text.AbstractDocument.replace(AbstractDocument.java:699) ~[?:?]
	at javax.swing.text.JTextComponent.setText(JTextComponent.java:1725) ~[?:?]
	at com.st.microxplorer.plugins.projectmanager.gui.ProjectChoiceTab.createHeapStackFields(ProjectChoiceTab.java:979) ~[filemanager.jar:?]
	at com.st.microxplorer.plugins.projectmanager.gui.ProjectChoiceTab.buildLinkSettingsPanel(ProjectChoiceTab.java:3766) ~[filemanager.jar:?]
	at com.st.microxplorer.plugins.projectmanager.gui.ProjectChoiceTab.defineWindowsFields(ProjectChoiceTab.java:1962) ~[filemanager.jar:?]
	at com.st.microxplorer.plugins.projectmanager.gui.ProjectChoiceTab.updateSettings(ProjectChoiceTab.java:555) ~[filemanager.jar:?]
	at com.st.microxplorer.plugins.projectmanager.gui.ProjectSettingsPanel.UpdateDialog(ProjectSettingsPanel.java:245) ~[filemanager.jar:?]
	at com.st.microxplorer.plugins.projectmanager.ProjectManagerView.propertyChange(ProjectManagerView.java:392) ~[filemanager.jar:?]
	at java.beans.PropertyChangeSupport.fire(PropertyChangeSupport.java:343) ~[?:?]
	at java.beans.PropertyChangeSupport.firePropertyChange(PropertyChangeSupport.java:335) ~[?:?]
	at java.beans.PropertyChangeSupport.firePropertyChange(PropertyChangeSupport.java:268) ~[?:?]
	at com.st.microxplorer.util.MXPropertyChangeSupport.firePropertyChange(MXPropertyChangeSupport.java:54) ~[STM32CubeMX.jar:?]
	at com.st.microxplorer.mxsystem.MxSystem.closeConfig(MxSystem.java:899) ~[STM32CubeMX.jar:?]
	at com.st.microxplorer.maingui.MainPanel.closeConfig(MainPanel.java:789) ~[STM32CubeMX.jar:?]
	at com.st.microxplorer.plugins.filemanager.engine.OpenFileManager.loadConfigurationFile(OpenFileManager.java:287) ~[filemanager.jar:?]
	at com.st.microxplorer.plugins.filemanager.engine.MainFileManager.userLoadConfig(MainFileManager.java:341) ~[filemanager.jar:?]
	at com.st.microxplorer.plugins.filemanager.engine.MainFileManager.userLoadConfig(MainFileManager.java:319) ~[filemanager.jar:?]
	at com.st.microxplorer.plugins.filemanager.FileManagerView.getSpecificTask(FileManagerView.java:246) ~[filemanager.jar:?]
	at com.st.stm32cube.common.mx.editor.CubeMxEditor.getMxTabbedPaneInstance(CubeMxEditor.java:1198) ~[com.st.stm32cube.common.mx_6.14.1.202504091515/:?]
	at com.st.stm32cube.common.mx.editor.CubeMxEditor$12$1.createSwingComponent(CubeMxEditor.java:1068) ~[com.st.stm32cube.common.mx_6.14.1.202504091515/:?]
	at com.st.stm32cube.common.mx.oss.core.awtswtbridge.EmbeddedSwingComposite.doComponentCreation(EmbeddedSwingComposite.java:492) ~[com.st.stm32cube.common.mx.oss_6.14.1.202504091515/:?]
	at com.st.stm32cube.common.mx.oss.core.awtswtbridge.EmbeddedSwingComposite$4.run(EmbeddedSwingComposite.java:291) ~[com.st.stm32cube.common.mx.oss_6.14.1.202504091515/:?]
	at com.st.stm32cube.common.mx.oss.core.awtswtbridge.AwtEnvironment$2.run(AwtEnvironment.java:166) ~[com.st.stm32cube.common.mx.oss_6.14.1.202504091515/:?]
	at java.awt.event.InvocationEvent.dispatch(InvocationEvent.java:318) ~[?:?]
	at java.awt.EventQueue.dispatchEventImpl(EventQueue.java:773) ~[?:?]
	at java.awt.EventQueue$4.run(EventQueue.java:720) ~[?:?]
	at java.awt.EventQueue$4.run(EventQueue.java:714) ~[?:?]
	at java.security.AccessController.doPrivileged(AccessController.java:400) ~[?:?]
	at java.security.ProtectionDomain$JavaSecurityAccessImpl.doIntersectionPrivilege(ProtectionDomain.java:87) ~[?:?]
	at java.awt.EventQueue.dispatchEvent(EventQueue.java:742) ~[?:?]
	at java.awt.EventDispatchThread.pumpOneEventForFilters(EventDispatchThread.java:203) ~[?:?]
	at java.awt.EventDispatchThread.pumpEventsForFilter(EventDispatchThread.java:124) ~[?:?]
	at java.awt.EventDispatchThread.pumpEventsForHierarchy(EventDispatchThread.java:113) ~[?:?]
	at java.awt.EventDispatchThread.pumpEvents(EventDispatchThread.java:109) ~[?:?]
	at java.awt.EventDispatchThread.pumpEvents(EventDispatchThread.java:101) ~[?:?]
	at java.awt.EventDispatchThread.run(EventDispatchThread.java:90) ~[?:?]
2025-07-01 09:25:36,718 [WARN] ThirdParty:871 - waiting for thirdparty lock release [close project]
2025-07-01 09:25:36,720 [INFO] ThirdParty:873 - entering critical section [close project]
2025-07-01 09:25:36,721 [INFO] ThirdParty:883 - exiting critical section [close project]
2025-07-01 09:25:36,725 [INFO] PinOutPanel:1589 - setPackage(No Configuration,No Configuration)
2025-07-01 09:25:36,776 [WARN] IpParametersView:155 - Warning: This peripheral hasn't parameters
2025-07-01 09:25:36,824 [WARN] MainPanel:289 - <html><b><center>Warning: This peripheral has no parameters to be configured<br></b></html>
2025-07-01 09:25:36,849 [INFO] UtilMem:75 - Begin LoadConfig() Used Memory: 764936192 Bytes (1073741824)
2025-07-01 09:25:36,850 [INFO] MicroXplorer:468 - Change Database Path : 
2025-07-01 09:25:36,850 [INFO] MicroXplorer:498 - Change Database Version : DB.6.0.141
2025-07-01 09:25:36,851 [INFO] OpenFileManager:354 - Change cursor
2025-07-01 09:25:36,893 [INFO] Mcu:2011 - Initializing MCU STM32F411R(C-E)Tx STM32F411RETx STM32F411RET6
2025-07-01 09:25:39,735 [INFO] Context:756 - Trying to add GPIOservice into a context  which must be forbidden
2025-07-01 09:25:41,503 [INFO] ImportTextPane:218 - (OptionalMessage_ERROR) Pin5 (VP_RIF_VS_RIF1) cannot be retrieved for this MCU
2025-07-01 09:25:41,629 [INFO] RtosManager:558 - Registered RTOS mode: class=CMSIS, group=RTOS, mode=CMSIS_V1, owner=FREERTOS
2025-07-01 09:25:41,630 [INFO] RtosManager:558 - Registered RTOS mode: class=CMSIS, group=RTOS2, mode=CMSIS_V2, owner=FREERTOS
2025-07-01 09:25:41,630 [INFO] RtosManager:558 - Registered RTOS mode: class=RTOS, group=Core, mode=CMSIS_V1, owner=FREERTOS
2025-07-01 09:25:41,631 [INFO] RtosManager:558 - Registered RTOS mode: class=RTOS, group=Core, mode=CMSIS_V2, owner=FREERTOS
2025-07-01 09:25:41,631 [WARN] ModelIntegratedComponent:184 - Missing modes for component STMicroelectronics:FreeRTOS:0.0.1:STMicroelectronics:RTOS:FreeRTOS:Core:::10.2.0:
2025-07-01 09:25:41,693 [WARN] ModelIntegratedComponent:182 - Modes not found for component STMicroelectronics:USB_HOST:1.0.0:STMicroelectronics:USB::USB Host:Audio HS::1.0:USB_HOST_1_0_RESTRICTED_HS
2025-07-01 09:25:41,693 [WARN] ModelIntegratedComponent:188 - Modes not found for component STMicroelectronics:USB_HOST:1.0.0:STMicroelectronics:USB::USB Host:Audio HS::1.0:USB_HOST_1_0_RESTRICTED_HS
2025-07-01 09:25:41,694 [WARN] ModelIntegratedComponent:182 - Modes not found for component STMicroelectronics:USB_HOST:1.0.0:STMicroelectronics:USB::USB Host:CDC HS::1.0:USB_HOST_1_0_RESTRICTED_HS
2025-07-01 09:25:41,694 [WARN] ModelIntegratedComponent:188 - Modes not found for component STMicroelectronics:USB_HOST:1.0.0:STMicroelectronics:USB::USB Host:CDC HS::1.0:USB_HOST_1_0_RESTRICTED_HS
2025-07-01 09:25:41,694 [WARN] ModelIntegratedComponent:182 - Modes not found for component STMicroelectronics:USB_HOST:1.0.0:STMicroelectronics:USB::USB Host:MSC HS::1.0:USB_HOST_1_0_RESTRICTED_HS
2025-07-01 09:25:41,696 [WARN] ModelIntegratedComponent:188 - Modes not found for component STMicroelectronics:USB_HOST:1.0.0:STMicroelectronics:USB::USB Host:MSC HS::1.0:USB_HOST_1_0_RESTRICTED_HS
2025-07-01 09:25:41,696 [WARN] ModelIntegratedComponent:182 - Modes not found for component STMicroelectronics:USB_HOST:1.0.0:STMicroelectronics:USB::USB Host:HID HS::1.0:USB_HOST_1_0_RESTRICTED_HS
2025-07-01 09:25:41,697 [WARN] ModelIntegratedComponent:188 - Modes not found for component STMicroelectronics:USB_HOST:1.0.0:STMicroelectronics:USB::USB Host:HID HS::1.0:USB_HOST_1_0_RESTRICTED_HS
2025-07-01 09:25:41,697 [WARN] ModelIntegratedComponent:182 - Modes not found for component STMicroelectronics:USB_HOST:1.0.0:STMicroelectronics:USB::USB Host:MTP HS::1.0:USB_HOST_1_0_RESTRICTED_HS
2025-07-01 09:25:41,697 [WARN] ModelIntegratedComponent:188 - Modes not found for component STMicroelectronics:USB_HOST:1.0.0:STMicroelectronics:USB::USB Host:MTP HS::1.0:USB_HOST_1_0_RESTRICTED_HS
2025-07-01 09:25:41,736 [WARN] ModelIntegratedComponent:63 - No mode defined for component null
2025-07-01 09:25:41,737 [WARN] ModelIntegratedComponent:63 - No mode defined for component null
2025-07-01 09:25:41,737 [WARN] ModelIntegratedComponent:63 - No mode defined for component null
2025-07-01 09:25:41,738 [WARN] ModelIntegratedComponent:63 - No mode defined for component null
2025-07-01 09:25:41,738 [WARN] ModelIntegratedComponent:63 - No mode defined for component null
2025-07-01 09:25:41,738 [WARN] ModelIntegratedComponent:63 - No mode defined for component null
2025-07-01 09:25:41,738 [WARN] ModelIntegratedComponent:63 - No mode defined for component null
2025-07-01 09:25:41,738 [WARN] ModelIntegratedComponent:63 - No mode defined for component null
2025-07-01 09:25:41,739 [WARN] ModelIntegratedComponent:63 - No mode defined for component null
2025-07-01 09:25:41,739 [WARN] ModelIntegratedComponent:63 - No mode defined for component null
2025-07-01 09:25:41,740 [WARN] ModelIntegratedComponent:63 - No mode defined for component null
2025-07-01 09:25:41,740 [WARN] ModelIntegratedComponent:63 - No mode defined for component null
2025-07-01 09:25:41,740 [WARN] ModelIntegratedComponent:63 - No mode defined for component null
2025-07-01 09:25:41,740 [WARN] ModelIntegratedComponent:63 - No mode defined for component null
2025-07-01 09:25:41,741 [WARN] ModelIntegratedComponent:63 - No mode defined for component null
2025-07-01 09:25:41,741 [WARN] ModelIntegratedComponent:63 - No mode defined for component null
2025-07-01 09:25:41,741 [WARN] ModelIntegratedComponent:63 - No mode defined for component null
2025-07-01 09:25:41,741 [WARN] ModelIntegratedComponent:63 - No mode defined for component null
2025-07-01 09:25:41,741 [WARN] ModelIntegratedComponent:63 - No mode defined for component null
2025-07-01 09:25:41,742 [WARN] ModelIntegratedComponent:63 - No mode defined for component null
2025-07-01 09:25:41,742 [WARN] ModelIntegratedComponent:63 - No mode defined for component null
2025-07-01 09:25:41,742 [WARN] ModelIntegratedComponent:63 - No mode defined for component null
2025-07-01 09:25:41,742 [WARN] ModelIntegratedComponent:63 - No mode defined for component null
2025-07-01 09:25:41,742 [WARN] ModelIntegratedComponent:63 - No mode defined for component null
2025-07-01 09:25:41,743 [WARN] ModelIntegratedComponent:63 - No mode defined for component null
2025-07-01 09:25:41,743 [WARN] ModelIntegratedComponent:63 - No mode defined for component null
2025-07-01 09:25:41,744 [WARN] ModelIntegratedComponent:63 - No mode defined for component null
2025-07-01 09:25:41,744 [WARN] ModelIntegratedComponent:63 - No mode defined for component null
2025-07-01 09:25:41,744 [WARN] ModelIntegratedComponent:63 - No mode defined for component null
2025-07-01 09:25:41,744 [WARN] ModelIntegratedComponent:63 - No mode defined for component null
2025-07-01 09:25:41,745 [WARN] ModelIntegratedComponent:63 - No mode defined for component null
2025-07-01 09:25:41,745 [WARN] ModelIntegratedComponent:63 - No mode defined for component null
2025-07-01 09:25:41,745 [WARN] ModelIntegratedComponent:63 - No mode defined for component null
2025-07-01 09:25:41,745 [WARN] ModelIntegratedComponent:63 - No mode defined for component null
2025-07-01 09:25:41,746 [WARN] ModelIntegratedComponent:63 - No mode defined for component null
2025-07-01 09:25:41,746 [WARN] ModelPack:524 - Component already loaded: STMicroelectronics:HAL Drivers:0.0.0:STMicroelectronics:Device:STMicro_Driver:XSPI:HAL::0.0.1:HAL_XSPI
2025-07-01 09:25:42,333 [WARN] ModelIntegratedComponent:182 - Modes not found for component STMicroelectronics:USB_DEVICE:1.0.0:STMicroelectronics:USB::USB Device:Audio HS::1.0:USB_DEVICE_1_0_RESTRICTED_HS
2025-07-01 09:25:42,333 [WARN] ModelIntegratedComponent:188 - Modes not found for component STMicroelectronics:USB_DEVICE:1.0.0:STMicroelectronics:USB::USB Device:Audio HS::1.0:USB_DEVICE_1_0_RESTRICTED_HS
2025-07-01 09:25:42,334 [WARN] ModelIntegratedComponent:182 - Modes not found for component STMicroelectronics:USB_DEVICE:1.0.0:STMicroelectronics:USB::USB Device:CDC HS::1.0:USB_DEVICE_1_0_RESTRICTED_HS
2025-07-01 09:25:42,334 [WARN] ModelIntegratedComponent:188 - Modes not found for component STMicroelectronics:USB_DEVICE:1.0.0:STMicroelectronics:USB::USB Device:CDC HS::1.0:USB_DEVICE_1_0_RESTRICTED_HS
2025-07-01 09:25:42,334 [WARN] ModelIntegratedComponent:182 - Modes not found for component STMicroelectronics:USB_DEVICE:1.0.0:STMicroelectronics:USB::USB Device:DFU HS::1.0:USB_DEVICE_1_0_RESTRICTED_HS
2025-07-01 09:25:42,334 [WARN] ModelIntegratedComponent:188 - Modes not found for component STMicroelectronics:USB_DEVICE:1.0.0:STMicroelectronics:USB::USB Device:DFU HS::1.0:USB_DEVICE_1_0_RESTRICTED_HS
2025-07-01 09:25:42,334 [WARN] ModelIntegratedComponent:182 - Modes not found for component STMicroelectronics:USB_DEVICE:1.0.0:STMicroelectronics:USB::USB Device:HID HS::1.0:USB_DEVICE_1_0_RESTRICTED_HS
2025-07-01 09:25:42,335 [WARN] ModelIntegratedComponent:188 - Modes not found for component STMicroelectronics:USB_DEVICE:1.0.0:STMicroelectronics:USB::USB Device:HID HS::1.0:USB_DEVICE_1_0_RESTRICTED_HS
2025-07-01 09:25:42,336 [WARN] ModelIntegratedComponent:182 - Modes not found for component STMicroelectronics:USB_DEVICE:1.0.0:STMicroelectronics:USB::USB Device:Custom HID HS::1.0:USB_DEVICE_1_0_RESTRICTED_HS
2025-07-01 09:25:42,337 [WARN] ModelIntegratedComponent:188 - Modes not found for component STMicroelectronics:USB_DEVICE:1.0.0:STMicroelectronics:USB::USB Device:Custom HID HS::1.0:USB_DEVICE_1_0_RESTRICTED_HS
2025-07-01 09:25:42,337 [WARN] ModelIntegratedComponent:182 - Modes not found for component STMicroelectronics:USB_DEVICE:1.0.0:STMicroelectronics:USB::USB Device:MSC HS::1.0:USB_DEVICE_1_0_RESTRICTED_HS
2025-07-01 09:25:42,338 [WARN] ModelIntegratedComponent:188 - Modes not found for component STMicroelectronics:USB_DEVICE:1.0.0:STMicroelectronics:USB::USB Device:MSC HS::1.0:USB_DEVICE_1_0_RESTRICTED_HS
2025-07-01 09:25:42,381 [INFO] ThirdPartyModel:298 - Start build external matchings
2025-07-01 09:25:44,200 [INFO] ThirdPartyModel:316 - End build external matchings
2025-07-01 09:25:44,240 [INFO] ImportTextPane:218 - (OptionalMessage_ERROR) IP (RCC) : Parameter (48MHZClocksFreq_Value) has invalid value (50000000)
2025-07-01 09:25:44,242 [INFO] ImportTextPane:218 - (OptionalMessage_ERROR) IP (RCC) : Parameter (RTCHSEDivFreq_Value) has invalid value (12500000)
2025-07-01 09:25:44,897 [INFO] UtilMem:75 - End LoadConfig() Used Memory: 806791224 Bytes (1073741824)
2025-07-01 09:25:44,979 [WARN] ThirdParty:833 - waiting for thirdparty lock release [change project]
2025-07-01 09:25:44,981 [INFO] ThirdParty:835 - entering critical section [change project]
2025-07-01 09:25:44,982 [INFO] ThirdParty:1030 - CMSIS Pack Vendor :STMicroelectronics X-CUBE-PM33A1 1.0.0
2025-07-01 09:25:44,982 [INFO] ThirdParty:1030 - CMSIS Pack Vendor :STMicroelectronics USBPD 4.1
2025-07-01 09:25:44,982 [INFO] ThirdParty:1030 - CMSIS Pack Vendor :STMicroelectronics X-CUBE-AZRTOS-H7 3.3.0
2025-07-01 09:25:44,983 [INFO] ThirdParty:1030 - CMSIS Pack Vendor :STMicroelectronics X-CUBE-NFC9 1.0.0
2025-07-01 09:25:44,983 [INFO] ThirdParty:1030 - CMSIS Pack Vendor :wolfSSL I-CUBE-wolfSSL 5.8.0
2025-07-01 09:25:44,983 [INFO] ThirdParty:1030 - CMSIS Pack Vendor :STMicroelectronics USB_HOST 2.0.0
2025-07-01 09:25:44,983 [INFO] ThirdParty:1030 - CMSIS Pack Vendor :STMicroelectronics FP-SNS-MOTENVWB1 1.4.0
2025-07-01 09:25:44,983 [INFO] ThirdParty:1030 - CMSIS Pack Vendor :STMicroelectronics X-CUBE-AZRTOS-F4 1.1.0
2025-07-01 09:25:44,983 [INFO] ThirdParty:1030 - CMSIS Pack Vendor :STMicroelectronics LIBJPEG 8.0.0
2025-07-01 09:25:44,990 [INFO] ThirdParty:1030 - CMSIS Pack Vendor :Avnet-IotConnect X-CUBE-IoTC-DA16k-PMOD 1.0.0
2025-07-01 09:25:44,990 [INFO] ThirdParty:1030 - CMSIS Pack Vendor :STMicroelectronics X-CUBE-SMBUS 2.1.0
2025-07-01 09:25:44,992 [INFO] ThirdParty:1030 - CMSIS Pack Vendor :wolfSSL I-CUBE-wolfMQTT 1.19.2
2025-07-01 09:25:44,992 [INFO] ThirdParty:1030 - CMSIS Pack Vendor :STMicroelectronics USB_DEVICE 3.0.0
2025-07-01 09:25:44,992 [INFO] ThirdParty:1030 - CMSIS Pack Vendor :STMicroelectronics X-CUBE-ISPU 2.1.0
2025-07-01 09:25:44,992 [INFO] ThirdParty:1030 - CMSIS Pack Vendor :STMicroelectronics X-CUBE-AZRTOS-WB 2.0.0
2025-07-01 09:25:44,993 [INFO] ThirdParty:1030 - CMSIS Pack Vendor :STMicroelectronics X-CUBE-ST60 1.0.0
2025-07-01 09:25:44,993 [INFO] ThirdParty:1030 - CMSIS Pack Vendor :STMicroelectronics X-CUBE-GNSS1 7.0.1
2025-07-01 09:25:44,995 [INFO] ThirdParty:1030 - CMSIS Pack Vendor :STMicroelectronics X-CUBE-AZRTOS-F7 1.1.0
2025-07-01 09:25:44,996 [INFO] ThirdParty:1030 - CMSIS Pack Vendor :STMicroelectronics X-CUBE-AZRTOS-L5 2.0.0
2025-07-01 09:25:44,996 [INFO] ThirdParty:1030 - CMSIS Pack Vendor :STMicroelectronics X-CUBE-TOUCHGFX 4.25.0
2025-07-01 09:25:45,000 [INFO] ThirdParty:1030 - CMSIS Pack Vendor :STMicroelectronics USB_DEVICE 2.0.0
2025-07-01 09:25:45,000 [INFO] ThirdParty:1030 - CMSIS Pack Vendor :STMicroelectronics X-CUBE-NFC6 3.1.0
2025-07-01 09:25:45,000 [INFO] ThirdParty:1030 - CMSIS Pack Vendor :STMicroelectronics FP-SNS-STBOX1 2.0.0
2025-07-01 09:25:45,001 [INFO] ThirdParty:1030 - CMSIS Pack Vendor :STMicroelectronics FreeRTOS 0.0.1
2025-07-01 09:25:45,001 [INFO] ThirdParty:1030 - CMSIS Pack Vendor :STMicroelectronics X-CUBE-AZRTOS-G0 1.1.0
2025-07-01 09:25:45,001 [INFO] ThirdParty:1030 - CMSIS Pack Vendor :STMicroelectronics X-CUBE-SAFEA1 1.2.2
2025-07-01 09:25:45,001 [INFO] ThirdParty:1030 - CMSIS Pack Vendor :STMicroelectronics X-CUBE-NFC4 3.0.0
2025-07-01 09:25:45,003 [INFO] ThirdParty:1030 - CMSIS Pack Vendor :STMicroelectronics X-CUBE-SUBG2 5.0.0
2025-07-01 09:25:45,004 [INFO] ThirdParty:1030 - CMSIS Pack Vendor :STMicroelectronics X-CUBE-AZRTOS-H7RS 1.1.0
2025-07-01 09:25:45,004 [INFO] ThirdParty:1030 - CMSIS Pack Vendor :STMicroelectronics STM32_WPAN 1.0.0
2025-07-01 09:25:45,005 [INFO] ThirdParty:1030 - CMSIS Pack Vendor :EmbeddedOffice I-CUBE-FS-RTOS 1.0.1
2025-07-01 09:25:45,005 [INFO] ThirdParty:1030 - CMSIS Pack Vendor :STMicroelectronics lwIP 2.0.3
2025-07-01 09:25:45,005 [INFO] ThirdParty:1030 - CMSIS Pack Vendor :Cesanta I-CUBE-Mongoose 7.13.0
2025-07-01 09:25:45,007 [INFO] ThirdParty:1030 - CMSIS Pack Vendor :STMicroelectronics USB_HOST 1.0.0
2025-07-01 09:25:45,008 [INFO] ThirdParty:1030 - CMSIS Pack Vendor :Infineon AIROC-Wi-Fi-Bluetooth-STM32 1.7.0
2025-07-01 09:25:45,008 [INFO] ThirdParty:1030 - CMSIS Pack Vendor :STMicroelectronics X-CUBE-AZRTOS-G4 2.0.0
2025-07-01 09:25:45,008 [INFO] ThirdParty:1030 - CMSIS Pack Vendor :STMicroelectronics X-CUBE-WB05N 2.0.0
2025-07-01 09:25:45,009 [INFO] ThirdParty:1030 - CMSIS Pack Vendor :STMicroelectronics PDM2PCM 3.1.0
2025-07-01 09:25:45,009 [INFO] ThirdParty:1030 - CMSIS Pack Vendor :STMicroelectronics PDM2PCM 3.3.0
2025-07-01 09:25:45,009 [INFO] ThirdParty:1030 - CMSIS Pack Vendor :wolfSSL I-CUBE-wolfTPM 3.8.0
2025-07-01 09:25:45,009 [INFO] ThirdParty:1030 - CMSIS Pack Vendor :STMicroelectronics X-CUBE-DISPLAY 3.0.0
2025-07-01 09:25:45,009 [INFO] ThirdParty:1030 - CMSIS Pack Vendor :wolfSSL I-CUBE-wolfSSH 1.4.20
2025-07-01 09:25:45,009 [INFO] ThirdParty:1030 - CMSIS Pack Vendor :STMicroelectronics X-CUBE-NFC7 2.0.0
2025-07-01 09:25:45,009 [INFO] ThirdParty:1030 - CMSIS Pack Vendor :STMicroelectronics X-CUBE-TCPP 4.2.0
2025-07-01 09:25:45,010 [INFO] ThirdParty:1030 - CMSIS Pack Vendor :RealThread X-CUBE-RT-Thread_Nano 4.1.1
2025-07-01 09:25:45,010 [INFO] ThirdParty:1030 - CMSIS Pack Vendor :STMicroelectronics FP-ATR-SIGFOX1 3.2.0
2025-07-01 09:25:45,010 [INFO] ThirdParty:1030 - CMSIS Pack Vendor :STMicroelectronics X-CUBE-NFC10 1.0.0
2025-07-01 09:25:45,010 [INFO] ThirdParty:1030 - CMSIS Pack Vendor :STMicroelectronics X-CUBE-BLEMGR 4.0.0
2025-07-01 09:25:45,015 [INFO] ThirdParty:1030 - CMSIS Pack Vendor :STMicroelectronics X-CUBE-EEPRMA1 5.1.0
2025-07-01 09:25:45,016 [INFO] ThirdParty:1030 - CMSIS Pack Vendor :STMicroelectronics X-CUBE-FREERTOS 1.3.1
2025-07-01 09:25:45,016 [INFO] ThirdParty:1030 - CMSIS Pack Vendor :STMicroelectronics HAL Drivers 0.0.0
2025-07-01 09:25:45,016 [INFO] ThirdParty:1030 - CMSIS Pack Vendor :STMicroelectronics MBEDTLS 2.16.2
2025-07-01 09:25:45,017 [INFO] ThirdParty:1030 - CMSIS Pack Vendor :STMicroelectronics X-CUBE-IPS 3.1.0
2025-07-01 09:25:45,017 [INFO] ThirdParty:1030 - CMSIS Pack Vendor :STMicroelectronics X-CUBE-ALS 1.0.2
2025-07-01 09:25:45,017 [INFO] ThirdParty:1030 - CMSIS Pack Vendor :emotas I-CUBE-CANOPEN 1.3.0
2025-07-01 09:25:45,018 [INFO] ThirdParty:1030 - CMSIS Pack Vendor :STMicroelectronics MBEDTLS 2.14.1
2025-07-01 09:25:45,018 [INFO] ThirdParty:1030 - CMSIS Pack Vendor :ITTIA_DB I-CUBE-ITTIADB 8.9.0
2025-07-01 09:25:45,018 [INFO] ThirdParty:1030 - CMSIS Pack Vendor :portGmbH I-Cube-SoM-uGOAL 1.1.0
2025-07-01 09:25:45,018 [INFO] ThirdParty:1030 - CMSIS Pack Vendor :quantropi X-CUBE-qispace-sdk-base 2.0.0
2025-07-01 09:25:45,018 [INFO] ThirdParty:1030 - CMSIS Pack Vendor :STMicroelectronics X-CUBE-ST67W61 1.0.0
2025-07-01 09:25:45,018 [INFO] ThirdParty:1030 - CMSIS Pack Vendor :STMicroelectronics FP-SNS-STAIOTCFT 1.0.0
2025-07-01 09:25:45,019 [INFO] ThirdParty:1030 - CMSIS Pack Vendor :STMicroelectronics ThreadX 1.0.0
2025-07-01 09:25:45,025 [INFO] ThirdParty:1030 - CMSIS Pack Vendor :STMicroelectronics FP-SNS-SMARTAG2 1.2.0
2025-07-01 09:25:45,025 [INFO] ThirdParty:1030 - CMSIS Pack Vendor :STMicroelectronics X-CUBE-AZRTOS-WL 2.0.0
2025-07-01 09:25:45,025 [INFO] ThirdParty:1030 - CMSIS Pack Vendor :SEGGER I-CUBE-embOS 1.3.1
2025-07-01 09:25:45,025 [INFO] ThirdParty:1030 - CMSIS Pack Vendor :STMicroelectronics X-CUBE-ALGOBUILD 1.4.0
2025-07-01 09:25:45,026 [INFO] ThirdParty:1030 - CMSIS Pack Vendor :STMicroelectronics X-CUBE-DPower 1.3.0
2025-07-01 09:25:45,026 [INFO] ThirdParty:1030 - CMSIS Pack Vendor :STMicroelectronics X-CUBE-MEMS1 11.3.0
2025-07-01 09:25:45,026 [INFO] ThirdParty:1030 - CMSIS Pack Vendor :STMicroelectronics FP-SNS-MOTENV1 5.0.0
2025-07-01 09:25:45,027 [INFO] ThirdParty:1030 - CMSIS Pack Vendor :STMicroelectronics USB_DEVICE 1.0.0
2025-07-01 09:25:45,028 [INFO] ThirdParty:1030 - CMSIS Pack Vendor :STMicroelectronics X-CUBE-AZRTOS-L4 2.0.0
2025-07-01 09:25:45,028 [INFO] ThirdParty:1030 - CMSIS Pack Vendor :STMicroelectronics ThreadX 0.0.2
2025-07-01 09:25:45,028 [INFO] ThirdParty:1030 - CMSIS Pack Vendor :WES I-CUBE-Cesium 1.3.0
2025-07-01 09:25:45,028 [INFO] ThirdParty:1030 - CMSIS Pack Vendor :STMicroelectronics lwIP 2.1.2
2025-07-01 09:25:45,028 [INFO] ThirdParty:1030 - CMSIS Pack Vendor :STMicroelectronics X-CUBE-SFXS2LP1 4.0.0
2025-07-01 09:25:45,029 [INFO] ThirdParty:1030 - CMSIS Pack Vendor :STMicroelectronics X-CUBE-BLE2 3.3.0
2025-07-01 09:25:45,029 [INFO] ThirdParty:1030 - CMSIS Pack Vendor :STMicroelectronics X-CUBE-TOF1 3.4.3
2025-07-01 09:25:45,029 [INFO] ThirdParty:1030 - CMSIS Pack Vendor :STMicroelectronics PDM2PCM 3.2.0
2025-07-01 09:25:45,030 [INFO] ThirdParty:841 - exiting critical section [change project]
2025-07-01 09:25:46,022 [INFO] PinOutPanel:1589 - setPackage(No Configuration,No Configuration)
2025-07-01 09:25:46,023 [INFO] PinOutPanel:1589 - setPackage(STM32F411RETx,LQFP64)
2025-07-01 09:25:46,950 [INFO] UtilMem:75 - Before build in PCC Used Memory: 719847424 Bytes (1073741824)
2025-07-01 09:25:47,777 [INFO] UtilMem:75 - After build in PCC Used Memory: 765462528 Bytes (1073741824)
2025-07-01 09:25:47,848 [INFO] IPUIPlugin:80 - create IPUIPlugin
2025-07-01 09:25:47,849 [INFO] IPUIPlugin:80 - create IPUIPlugin
2025-07-01 09:25:47,850 [INFO] IPUIPlugin:80 - create IPUIPlugin
2025-07-01 09:25:47,850 [INFO] IPUIPlugin:80 - create IPUIPlugin
2025-07-01 09:25:47,851 [INFO] IPUIPlugin:80 - create IPUIPlugin
2025-07-01 09:25:47,851 [INFO] IPUIPlugin:80 - create IPUIPlugin
2025-07-01 09:25:47,851 [INFO] IPUIPlugin:80 - create IPUIPlugin
2025-07-01 09:25:47,852 [INFO] IPUIPlugin:80 - create IPUIPlugin
2025-07-01 09:25:47,852 [INFO] IPUIPlugin:80 - create IPUIPlugin
2025-07-01 09:25:47,852 [INFO] IPUIPlugin:80 - create IPUIPlugin
2025-07-01 09:25:47,853 [INFO] IPUIPlugin:80 - create IPUIPlugin
2025-07-01 09:25:47,853 [INFO] IPUIPlugin:80 - create IPUIPlugin
2025-07-01 09:25:47,854 [INFO] IPUIPlugin:80 - create IPUIPlugin
2025-07-01 09:25:47,854 [INFO] IPUIPlugin:80 - create IPUIPlugin
2025-07-01 09:25:47,854 [INFO] IPUIPlugin:80 - create IPUIPlugin
2025-07-01 09:25:47,855 [INFO] IPUIPlugin:80 - create IPUIPlugin
2025-07-01 09:25:47,855 [INFO] IPUIPlugin:80 - create IPUIPlugin
2025-07-01 09:25:47,855 [INFO] IPUIPlugin:80 - create IPUIPlugin
2025-07-01 09:25:47,856 [INFO] IPUIPlugin:80 - create IPUIPlugin
2025-07-01 09:25:47,856 [INFO] IPUIPlugin:80 - create IPUIPlugin
2025-07-01 09:25:47,857 [INFO] IPUIPlugin:80 - create IPUIPlugin
2025-07-01 09:25:47,858 [INFO] IPUIPlugin:80 - create IPUIPlugin
2025-07-01 09:25:47,859 [INFO] IPUIPlugin:80 - create IPUIPlugin
2025-07-01 09:25:47,859 [INFO] IPUIPlugin:80 - create IPUIPlugin
2025-07-01 09:25:47,860 [INFO] IPUIPlugin:80 - create IPUIPlugin
2025-07-01 09:25:47,861 [INFO] IPUIPlugin:80 - create IPUIPlugin
2025-07-01 09:25:47,861 [INFO] IPUIPlugin:80 - create IPUIPlugin
2025-07-01 09:25:47,862 [INFO] IPUIPlugin:80 - create IPUIPlugin
2025-07-01 09:25:47,863 [INFO] IPUIPlugin:80 - create IPUIPlugin
2025-07-01 09:25:47,864 [INFO] IPUIPlugin:80 - create IPUIPlugin
2025-07-01 09:25:47,864 [INFO] IPUIPlugin:80 - create IPUIPlugin
2025-07-01 09:25:47,865 [INFO] IPUIPlugin:80 - create IPUIPlugin
2025-07-01 09:25:47,866 [INFO] IPUIPlugin:80 - create IPUIPlugin
2025-07-01 09:25:47,866 [INFO] IPUIPlugin:80 - create IPUIPlugin
2025-07-01 09:25:47,867 [INFO] IPUIPlugin:80 - create IPUIPlugin
2025-07-01 09:25:47,867 [INFO] IPUIPlugin:80 - create IPUIPlugin
2025-07-01 09:25:47,868 [INFO] IPUIPlugin:80 - create IPUIPlugin
2025-07-01 09:25:47,869 [INFO] IPUIPlugin:80 - create IPUIPlugin
2025-07-01 09:25:47,869 [INFO] IPUIPlugin:80 - create IPUIPlugin
2025-07-01 09:25:47,870 [INFO] IPUIPlugin:80 - create IPUIPlugin
2025-07-01 09:25:47,870 [INFO] IPUIPlugin:80 - create IPUIPlugin
2025-07-01 09:25:47,871 [INFO] IPUIPlugin:80 - create IPUIPlugin
2025-07-01 09:25:47,872 [INFO] IPUIPlugin:80 - create IPUIPlugin
2025-07-01 09:25:47,880 [INFO] ApiDbMcu:508 - Load IP Config File for PDM2PCM
2025-07-01 09:25:47,965 [INFO] CADModel:165 - CPN selected for project levelSTM32F411RET6
2025-07-01 09:25:47,966 [INFO] CADModel:114 - Register for checkConnection events
2025-07-01 09:25:48,013 [INFO] OpenFileManager:385 - Restore cursor
2025-07-01 09:25:49,157 [INFO] UtilMem:75 - End SaveConfig() Used Memory: 841482240 Bytes (1073741824)
2025-07-01 09:25:49,263 [INFO] UtilMem:75 - End SaveConfig() Used Memory: 857856232 Bytes (1073741824)
2025-07-01 09:25:50,459 [INFO] BlockDiagram:2775 - set Specific Code input for plugin: NVIC
2025-07-01 09:25:50,459 [INFO] BlockDiagram:2775 - set Specific Code input for plugin: SYS
2025-07-01 09:25:50,460 [INFO] BlockDiagram:2775 - set Specific Code input for plugin: GPIO
2025-07-01 09:25:50,460 [INFO] BlockDiagram:2775 - set Specific Code input for plugin: RCC
2025-07-01 09:25:50,462 [INFO] CodeGenerator:882 - code generatio: config db path: /opt/st/stm32cubeide_1.18.1/plugins/com.st.stm32cube.common.mx_6.14.1.202504091515//db/
2025-07-01 09:25:50,843 [INFO] CodeEngine:263 - oldGeneratedFile, /home/psh/workspace_semicon/ARM/11_SPI/MXTmpFiles/license.tmp_save
2025-07-01 09:25:51,950 [INFO] CodeEngine:287 - Generated code: /home/psh/workspace_semicon/ARM/11_SPI/MXTmpFiles/license.tmp
2025-07-01 09:25:52,089 [INFO] CodeEngine:263 - oldGeneratedFile, /home/psh/workspace_semicon/ARM/11_SPI/Core/Src/gpio.c_save
2025-07-01 09:25:52,547 [INFO] CodeEngine:287 - Generated code: /home/psh/workspace_semicon/ARM/11_SPI/Core/Src/gpio.c
2025-07-01 09:25:52,557 [INFO] CodeEngine:263 - oldGeneratedFile, /home/psh/workspace_semicon/ARM/11_SPI/Core/Inc/gpio.h_save
2025-07-01 09:25:53,343 [INFO] CodeEngine:287 - Generated code: /home/psh/workspace_semicon/ARM/11_SPI/Core/Inc/gpio.h
2025-07-01 09:25:53,406 [INFO] CodeEngine:263 - oldGeneratedFile, /home/psh/workspace_semicon/ARM/11_SPI/Core/Src/stm32f4xx_it.c_save
2025-07-01 09:25:53,821 [INFO] CodeEngine:287 - Generated code: /home/psh/workspace_semicon/ARM/11_SPI/Core/Src/stm32f4xx_it.c
2025-07-01 09:25:53,832 [INFO] CodeEngine:263 - oldGeneratedFile, /home/psh/workspace_semicon/ARM/11_SPI/Core/Inc/stm32f4xx_it.h_save
2025-07-01 09:25:54,107 [INFO] CodeEngine:287 - Generated code: /home/psh/workspace_semicon/ARM/11_SPI/Core/Inc/stm32f4xx_it.h
2025-07-01 09:25:54,127 [INFO] CodeEngine:263 - oldGeneratedFile, /home/psh/workspace_semicon/ARM/11_SPI/Core/Src/stm32f4xx_hal_msp.c_save
2025-07-01 09:25:54,554 [INFO] CodeEngine:287 - Generated code: /home/psh/workspace_semicon/ARM/11_SPI/Core/Src/stm32f4xx_hal_msp.c
2025-07-01 09:25:54,564 [INFO] CodeEngine:263 - oldGeneratedFile, /home/psh/workspace_semicon/ARM/11_SPI/MXTmpFiles/system.tmp_save
2025-07-01 09:25:54,803 [INFO] CodeEngine:287 - Generated code: /home/psh/workspace_semicon/ARM/11_SPI/MXTmpFiles/system.tmp
2025-07-01 09:25:54,813 [INFO] CodeEngine:319 - oldGeneratedFile, /home/psh/workspace_semicon/ARM/11_SPI/Core/Inc/stm32f4xx_hal_conf.h_save
2025-07-01 09:25:55,055 [INFO] CodeEngine:343 - Generated code: /home/psh/workspace_semicon/ARM/11_SPI/Core/Inc/stm32f4xx_hal_conf.h
2025-07-01 09:25:55,221 [INFO] ApiDbMcu:508 - Load IP Config File for RCC
2025-07-01 09:25:55,239 [INFO] CodeEngine:263 - oldGeneratedFile, /home/psh/workspace_semicon/ARM/11_SPI/Core/Inc/main.h_save
2025-07-01 09:25:55,478 [INFO] CodeEngine:287 - Generated code: /home/psh/workspace_semicon/ARM/11_SPI/Core/Inc/main.h
2025-07-01 09:25:55,482 [INFO] CodeEngine:263 - oldGeneratedFile, /home/psh/workspace_semicon/ARM/11_SPI/Core/Src/main.c_save
2025-07-01 09:25:55,890 [INFO] CodeEngine:287 - Generated code: /home/psh/workspace_semicon/ARM/11_SPI/Core/Src/main.c
2025-07-01 09:25:56,713 [INFO] ProjectBuilder:3324 - Time for Copy HAL[1] : 92mS.
2025-07-01 09:25:56,724 [INFO] ProjectBuilder:4912 - Project Generator version: 4.6.0.1-B1
2025-07-01 09:25:57,054 [INFO] ConfigFileManager:1590 - The Die is : DIE431
2025-07-01 09:25:57,107 [INFO] ApiDbMcu:508 - Load IP Config File for FATFS
2025-07-01 09:25:57,233 [INFO] ApiDbMcu:508 - Load IP Config File for FREERTOS
2025-07-01 09:25:57,255 [INFO] ApiDbMcu:508 - Load IP Config File for LIBJPEG
2025-07-01 09:25:57,525 [INFO] ApiDbMcu:508 - Load IP Config File for MBEDTLS
2025-07-01 09:25:57,651 [INFO] ApiDbMcu:508 - Load IP Config File for USB_DEVICE
2025-07-01 09:25:57,686 [INFO] ApiDbMcu:508 - Load IP Config File for USB_HOST
2025-07-01 09:25:59,044 [INFO] LogOutputStream:77 - [STDOUT_REDIRECT] 
2025-07-01 09:26:02,935 [INFO] ProjectBuilder:5191 - Time for Generating toolchain IDE Files: 6210mS.
2025-07-01 09:26:02,936 [INFO] ProjectBuilder:3181 - Time for Copy CMSIS : 1mS.
2025-07-01 09:26:02,938 [INFO] ProjectBuilder:3181 - Time for Copy CMSIS : 1mS.
2025-07-01 09:26:03,654 [INFO] McuFinderGlobals:76 - Set McuFinderConnectedMode to true
2025-07-01 09:26:03,982 [INFO] ApiDb:448 - Save user favorites file /home/psh/.stm32cubeide/favorites.mcus.txt: 1 item(s)
2025-07-01 09:26:03,984 [INFO] ApiDb:452 - User favorites MCUs=[STM32F411RET6]
2025-07-01 09:44:21,149 [INFO] NvicIntPanel:101 - NVIC parent = com.st.microxplorer.plugins.ip.nvic.MultiNvicIntPanel[,0,0,494x347,layout=javax.swing.BoxLayout,alignmentX=0.0,alignmentY=0.0,border=,flags=9,maximumSize=,minimumSize=,preferredSize=]
2025-07-01 09:46:11,137 [INFO] NvicIntPanel:101 - NVIC parent = com.st.microxplorer.plugins.ip.nvic.MultiNvicIntPanel[,0,0,0x0,invalid,layout=javax.swing.BoxLayout,alignmentX=0.0,alignmentY=0.0,border=,flags=9,maximumSize=,minimumSize=,preferredSize=]
2025-07-01 09:46:11,270 [INFO] NvicIntPanel:101 - NVIC parent = com.st.microxplorer.plugins.ip.nvic.MultiNvicIntPanel[,0,0,0x0,invalid,layout=javax.swing.BoxLayout,alignmentX=0.0,alignmentY=0.0,border=,flags=9,maximumSize=,minimumSize=,preferredSize=]
2025-07-01 09:49:45,093 [INFO] Gpio:277 - dependency for GPIO [RCC, SPI1, SYS, USART2]
2025-07-01 09:50:11,701 [INFO] UtilMem:75 - End SaveConfig() Used Memory: 828621480 Bytes (1073741824)
2025-07-01 09:50:18,989 [INFO] UtilMem:75 - End SaveConfig() Used Memory: 807868768 Bytes (1073741824)
2025-07-01 09:50:19,937 [INFO] BlockDiagram:2775 - set Specific Code input for plugin: SPI
2025-07-01 09:50:19,937 [INFO] BlockDiagram:2775 - set Specific Code input for plugin: NVIC
2025-07-01 09:50:19,938 [INFO] BlockDiagram:2775 - set Specific Code input for plugin: USART
2025-07-01 09:50:19,938 [INFO] BlockDiagram:2775 - set Specific Code input for plugin: SYS
2025-07-01 09:50:19,939 [INFO] BlockDiagram:2775 - set Specific Code input for plugin: GPIO
2025-07-01 09:50:19,939 [INFO] BlockDiagram:2775 - set Specific Code input for plugin: RCC
2025-07-01 09:50:19,940 [INFO] CodeGenerator:882 - code generatio: config db path: /opt/st/stm32cubeide_1.18.1/plugins/com.st.stm32cube.common.mx_6.14.1.202504091515//db/
2025-07-01 09:50:20,194 [INFO] CodeEngine:263 - oldGeneratedFile, /home/psh/workspace_semicon/ARM/11_SPI/MXTmpFiles/license.tmp_save
2025-07-01 09:50:21,164 [INFO] CodeEngine:287 - Generated code: /home/psh/workspace_semicon/ARM/11_SPI/MXTmpFiles/license.tmp
2025-07-01 09:50:21,292 [INFO] CodeEngine:263 - oldGeneratedFile, /home/psh/workspace_semicon/ARM/11_SPI/Core/Src/gpio.c_save
2025-07-01 09:50:21,722 [INFO] CodeEngine:287 - Generated code: /home/psh/workspace_semicon/ARM/11_SPI/Core/Src/gpio.c
2025-07-01 09:50:21,726 [INFO] CodeEngine:263 - oldGeneratedFile, /home/psh/workspace_semicon/ARM/11_SPI/Core/Inc/gpio.h_save
2025-07-01 09:50:22,080 [INFO] CodeEngine:287 - Generated code: /home/psh/workspace_semicon/ARM/11_SPI/Core/Inc/gpio.h
2025-07-01 09:50:22,290 [INFO] CodeEngine:263 - oldGeneratedFile, /home/psh/workspace_semicon/ARM/11_SPI/Core/Src/spi.c_save
2025-07-01 09:50:22,874 [INFO] CodeEngine:287 - Generated code: /home/psh/workspace_semicon/ARM/11_SPI/Core/Src/spi.c
2025-07-01 09:50:22,884 [INFO] CodeEngine:263 - oldGeneratedFile, /home/psh/workspace_semicon/ARM/11_SPI/Core/Inc/spi.h_save
2025-07-01 09:50:23,157 [INFO] CodeEngine:287 - Generated code: /home/psh/workspace_semicon/ARM/11_SPI/Core/Inc/spi.h
2025-07-01 09:50:23,166 [INFO] CodeEngine:263 - oldGeneratedFile, /home/psh/workspace_semicon/ARM/11_SPI/Core/Src/usart.c_save
2025-07-01 09:50:23,478 [INFO] CodeEngine:287 - Generated code: /home/psh/workspace_semicon/ARM/11_SPI/Core/Src/usart.c
2025-07-01 09:50:23,482 [INFO] CodeEngine:263 - oldGeneratedFile, /home/psh/workspace_semicon/ARM/11_SPI/Core/Inc/usart.h_save
2025-07-01 09:50:23,676 [INFO] CodeEngine:287 - Generated code: /home/psh/workspace_semicon/ARM/11_SPI/Core/Inc/usart.h
2025-07-01 09:50:23,688 [INFO] CodeEngine:263 - oldGeneratedFile, /home/psh/workspace_semicon/ARM/11_SPI/Core/Src/stm32f4xx_it.c_save
2025-07-01 09:50:24,298 [INFO] CodeEngine:287 - Generated code: /home/psh/workspace_semicon/ARM/11_SPI/Core/Src/stm32f4xx_it.c
2025-07-01 09:50:24,303 [INFO] CodeEngine:263 - oldGeneratedFile, /home/psh/workspace_semicon/ARM/11_SPI/Core/Inc/stm32f4xx_it.h_save
2025-07-01 09:50:24,541 [INFO] CodeEngine:287 - Generated code: /home/psh/workspace_semicon/ARM/11_SPI/Core/Inc/stm32f4xx_it.h
2025-07-01 09:50:24,557 [INFO] CodeEngine:263 - oldGeneratedFile, /home/psh/workspace_semicon/ARM/11_SPI/Core/Src/stm32f4xx_hal_msp.c_save
2025-07-01 09:50:24,882 [INFO] CodeEngine:287 - Generated code: /home/psh/workspace_semicon/ARM/11_SPI/Core/Src/stm32f4xx_hal_msp.c
2025-07-01 09:50:24,886 [INFO] CodeEngine:263 - oldGeneratedFile, /home/psh/workspace_semicon/ARM/11_SPI/MXTmpFiles/system.tmp_save
2025-07-01 09:50:25,070 [INFO] CodeEngine:287 - Generated code: /home/psh/workspace_semicon/ARM/11_SPI/MXTmpFiles/system.tmp
2025-07-01 09:50:25,078 [INFO] CodeEngine:319 - oldGeneratedFile, /home/psh/workspace_semicon/ARM/11_SPI/Core/Inc/stm32f4xx_hal_conf.h_save
2025-07-01 09:50:25,268 [INFO] CodeEngine:343 - Generated code: /home/psh/workspace_semicon/ARM/11_SPI/Core/Inc/stm32f4xx_hal_conf.h
2025-07-01 09:50:25,332 [INFO] ApiDbMcu:508 - Load IP Config File for SPI1
2025-07-01 09:50:25,344 [INFO] ApiDbMcu:508 - Load IP Config File for USART2
2025-07-01 09:50:25,354 [INFO] CodeEngine:263 - oldGeneratedFile, /home/psh/workspace_semicon/ARM/11_SPI/Core/Inc/main.h_save
2025-07-01 09:50:25,598 [INFO] CodeEngine:287 - Generated code: /home/psh/workspace_semicon/ARM/11_SPI/Core/Inc/main.h
2025-07-01 09:50:25,603 [INFO] CodeEngine:263 - oldGeneratedFile, /home/psh/workspace_semicon/ARM/11_SPI/Core/Src/main.c_save
2025-07-01 09:50:25,888 [INFO] CodeEngine:287 - Generated code: /home/psh/workspace_semicon/ARM/11_SPI/Core/Src/main.c
2025-07-01 09:50:26,406 [INFO] ProjectBuilder:3324 - Time for Copy HAL[1] : 64mS.
2025-07-01 09:50:26,410 [INFO] ProjectBuilder:4912 - Project Generator version: 4.6.0.1-B1
2025-07-01 09:50:26,624 [INFO] ConfigFileManager:1590 - The Die is : DIE431
2025-07-01 09:50:30,462 [INFO] ProjectBuilder:5191 - Time for Generating toolchain IDE Files: 4052mS.
2025-07-01 09:50:30,463 [INFO] ProjectBuilder:3181 - Time for Copy CMSIS : 0mS.
2025-07-01 09:50:30,465 [INFO] ProjectBuilder:3181 - Time for Copy CMSIS : 0mS.
2025-07-01 10:44:35,758 [INFO] Gpio:277 - dependency for GPIO [RCC, SPI1, SYS, USART2]
2025-07-01 10:44:38,531 [INFO] Gpio:277 - dependency for GPIO [RCC, SPI1, SYS, USART2]
2025-07-01 10:44:40,821 [INFO] Gpio:277 - dependency for GPIO [RCC, SPI1, SYS, USART2]
2025-07-01 10:45:02,159 [INFO] Gpio:277 - dependency for GPIO [RCC, SPI1, SYS, USART2]
2025-07-01 10:45:04,740 [INFO] NvicIntPanel:101 - NVIC parent = com.st.microxplorer.plugins.ip.nvic.MultiNvicIntPanel[,0,0,0x0,invalid,layout=javax.swing.BoxLayout,alignmentX=0.0,alignmentY=0.0,border=,flags=9,maximumSize=,minimumSize=,preferredSize=]
2025-07-01 10:45:27,376 [INFO] UtilMem:75 - End SaveConfig() Used Memory: 887743512 Bytes (1073741824)
2025-07-01 10:45:28,854 [INFO] UtilMem:75 - End SaveConfig() Used Memory: 927589400 Bytes (1073741824)
2025-07-01 10:45:29,428 [INFO] BlockDiagram:2775 - set Specific Code input for plugin: SPI
2025-07-01 10:45:29,428 [INFO] BlockDiagram:2775 - set Specific Code input for plugin: NVIC
2025-07-01 10:45:29,429 [INFO] BlockDiagram:2775 - set Specific Code input for plugin: USART
2025-07-01 10:45:29,429 [INFO] BlockDiagram:2775 - set Specific Code input for plugin: TIM1_8
2025-07-01 10:45:29,429 [INFO] BlockDiagram:2775 - set Specific Code input for plugin: SYS
2025-07-01 10:45:29,430 [INFO] BlockDiagram:2775 - set Specific Code input for plugin: GPIO
2025-07-01 10:45:29,430 [INFO] BlockDiagram:2775 - set Specific Code input for plugin: RCC
2025-07-01 10:45:29,431 [INFO] CodeGenerator:882 - code generatio: config db path: /opt/st/stm32cubeide_1.18.1/plugins/com.st.stm32cube.common.mx_6.14.1.202504091515//db/
2025-07-01 10:45:29,692 [INFO] CodeEngine:263 - oldGeneratedFile, /home/psh/workspace_semicon/ARM/11_SPI/MXTmpFiles/license.tmp_save
2025-07-01 10:45:30,390 [INFO] CodeEngine:287 - Generated code: /home/psh/workspace_semicon/ARM/11_SPI/MXTmpFiles/license.tmp
2025-07-01 10:45:30,469 [INFO] CodeEngine:263 - oldGeneratedFile, /home/psh/workspace_semicon/ARM/11_SPI/Core/Src/gpio.c_save
2025-07-01 10:45:30,766 [INFO] CodeEngine:287 - Generated code: /home/psh/workspace_semicon/ARM/11_SPI/Core/Src/gpio.c
2025-07-01 10:45:30,769 [INFO] CodeEngine:263 - oldGeneratedFile, /home/psh/workspace_semicon/ARM/11_SPI/Core/Inc/gpio.h_save
2025-07-01 10:45:30,947 [INFO] CodeEngine:287 - Generated code: /home/psh/workspace_semicon/ARM/11_SPI/Core/Inc/gpio.h
2025-07-01 10:45:31,348 [INFO] CodeEngine:263 - oldGeneratedFile, /home/psh/workspace_semicon/ARM/11_SPI/Core/Src/spi.c_save
2025-07-01 10:45:31,681 [INFO] CodeEngine:287 - Generated code: /home/psh/workspace_semicon/ARM/11_SPI/Core/Src/spi.c
2025-07-01 10:45:31,684 [INFO] CodeEngine:263 - oldGeneratedFile, /home/psh/workspace_semicon/ARM/11_SPI/Core/Inc/spi.h_save
2025-07-01 10:45:31,917 [INFO] CodeEngine:287 - Generated code: /home/psh/workspace_semicon/ARM/11_SPI/Core/Inc/spi.h
2025-07-01 10:45:31,921 [INFO] CodeEngine:263 - oldGeneratedFile, /home/psh/workspace_semicon/ARM/11_SPI/Core/Src/tim.c_save
2025-07-01 10:45:32,080 [INFO] CodeEngine:287 - Generated code: /home/psh/workspace_semicon/ARM/11_SPI/Core/Src/tim.c
2025-07-01 10:45:32,082 [INFO] CodeEngine:263 - oldGeneratedFile, /home/psh/workspace_semicon/ARM/11_SPI/Core/Inc/tim.h_save
2025-07-01 10:45:32,186 [INFO] CodeEngine:287 - Generated code: /home/psh/workspace_semicon/ARM/11_SPI/Core/Inc/tim.h
2025-07-01 10:45:32,190 [INFO] CodeEngine:263 - oldGeneratedFile, /home/psh/workspace_semicon/ARM/11_SPI/Core/Src/usart.c_save
2025-07-01 10:45:32,368 [INFO] CodeEngine:287 - Generated code: /home/psh/workspace_semicon/ARM/11_SPI/Core/Src/usart.c
2025-07-01 10:45:32,370 [INFO] CodeEngine:263 - oldGeneratedFile, /home/psh/workspace_semicon/ARM/11_SPI/Core/Inc/usart.h_save
2025-07-01 10:45:32,513 [INFO] CodeEngine:287 - Generated code: /home/psh/workspace_semicon/ARM/11_SPI/Core/Inc/usart.h
2025-07-01 10:45:32,520 [INFO] CodeEngine:263 - oldGeneratedFile, /home/psh/workspace_semicon/ARM/11_SPI/Core/Src/stm32f4xx_it.c_save
2025-07-01 10:45:33,057 [INFO] CodeEngine:287 - Generated code: /home/psh/workspace_semicon/ARM/11_SPI/Core/Src/stm32f4xx_it.c
2025-07-01 10:45:33,060 [INFO] CodeEngine:263 - oldGeneratedFile, /home/psh/workspace_semicon/ARM/11_SPI/Core/Inc/stm32f4xx_it.h_save
2025-07-01 10:45:33,155 [INFO] CodeEngine:287 - Generated code: /home/psh/workspace_semicon/ARM/11_SPI/Core/Inc/stm32f4xx_it.h
2025-07-01 10:45:33,163 [INFO] CodeEngine:263 - oldGeneratedFile, /home/psh/workspace_semicon/ARM/11_SPI/Core/Src/stm32f4xx_hal_msp.c_save
2025-07-01 10:45:33,283 [INFO] CodeEngine:287 - Generated code: /home/psh/workspace_semicon/ARM/11_SPI/Core/Src/stm32f4xx_hal_msp.c
2025-07-01 10:45:33,285 [INFO] CodeEngine:263 - oldGeneratedFile, /home/psh/workspace_semicon/ARM/11_SPI/MXTmpFiles/system.tmp_save
2025-07-01 10:45:33,366 [INFO] CodeEngine:287 - Generated code: /home/psh/workspace_semicon/ARM/11_SPI/MXTmpFiles/system.tmp
2025-07-01 10:45:33,370 [INFO] CodeEngine:319 - oldGeneratedFile, /home/psh/workspace_semicon/ARM/11_SPI/Core/Inc/stm32f4xx_hal_conf.h_save
2025-07-01 10:45:33,485 [INFO] CodeEngine:343 - Generated code: /home/psh/workspace_semicon/ARM/11_SPI/Core/Inc/stm32f4xx_hal_conf.h
2025-07-01 10:45:33,544 [INFO] ApiDbMcu:508 - Load IP Config File for TIM11
2025-07-01 10:45:33,551 [INFO] CodeEngine:263 - oldGeneratedFile, /home/psh/workspace_semicon/ARM/11_SPI/Core/Inc/main.h_save
2025-07-01 10:45:33,747 [INFO] CodeEngine:287 - Generated code: /home/psh/workspace_semicon/ARM/11_SPI/Core/Inc/main.h
2025-07-01 10:45:33,749 [INFO] CodeEngine:263 - oldGeneratedFile, /home/psh/workspace_semicon/ARM/11_SPI/Core/Src/main.c_save
2025-07-01 10:45:33,916 [INFO] CodeEngine:287 - Generated code: /home/psh/workspace_semicon/ARM/11_SPI/Core/Src/main.c
2025-07-01 10:45:34,187 [INFO] ProjectBuilder:3324 - Time for Copy HAL[1] : 36mS.
2025-07-01 10:45:34,189 [INFO] ProjectBuilder:4912 - Project Generator version: 4.6.0.1-B1
2025-07-01 10:45:34,346 [INFO] ConfigFileManager:1590 - The Die is : DIE431
2025-07-01 10:45:35,976 [INFO] ProjectBuilder:5191 - Time for Generating toolchain IDE Files: 1786mS.
2025-07-01 10:45:35,979 [INFO] ProjectBuilder:3181 - Time for Copy CMSIS : 2mS.
2025-07-01 10:45:35,982 [INFO] ProjectBuilder:3181 - Time for Copy CMSIS : 0mS.
2025-07-01 11:28:56,902 [INFO] MainUpdater:2872 - connection check result : 10
2025-07-01 11:28:57,018 [INFO] McuFinderGlobals:76 - Set McuFinderConnectedMode to true
2025-07-01 11:28:57,020 [INFO] MultiScanPanel:200 - Auto-refresh data requested => check proxy status ongoing
2025-07-01 11:28:57,020 [INFO] FinderPluginLoader:95 - Searching for filters in installed packs
2025-07-01 11:28:59,688 [INFO] LoadUrlFilesThread:185 - End of LoadServerUrlFiles without Thread
2025-07-01 11:28:59,689 [INFO] DetailPanel:341 - Set advertising image to /home/psh/STM32Cube/Repository//en.cubemxfinderstm32wba6.jpg
2025-07-01 11:29:20,121 [INFO] MainUpdater:2872 - connection check result : 10
2025-07-01 11:29:20,121 [INFO] MainUpdater:2872 - connection check result : 10
2025-07-01 11:29:20,187 [INFO] MicroXplorer:468 - Change Database Path : 
2025-07-01 11:29:20,187 [INFO] MicroXplorer:498 - Change Database Version : DB.6.0.141
2025-07-01 11:29:20,240 [ERROR] ProjectManagerView:395 - 
java.lang.NullPointerException: Cannot invoke "javax.swing.JTextField.getText()" because the return value of "java.util.List.get(int)" is null
	at com.st.microxplorer.plugins.projectmanager.gui.ProjectChoiceTab$9.caretUpdate(ProjectChoiceTab.java:2678) ~[filemanager.jar:?]
	at javax.swing.text.JTextComponent.fireCaretUpdate(JTextComponent.java:408) ~[?:?]
	at javax.swing.text.JTextComponent$MutableCaretEvent.fire(JTextComponent.java:4484) ~[?:?]
	at javax.swing.text.JTextComponent$MutableCaretEvent.stateChanged(JTextComponent.java:4506) ~[?:?]
	at javax.swing.text.DefaultCaret.fireStateChanged(DefaultCaret.java:857) ~[?:?]
	at javax.swing.text.DefaultCaret.changeCaretPosition(DefaultCaret.java:1343) ~[?:?]
	at javax.swing.text.DefaultCaret.handleSetDot(DefaultCaret.java:1242) ~[?:?]
	at javax.swing.text.DefaultCaret.setDot(DefaultCaret.java:1223) ~[?:?]
	at javax.swing.text.DefaultCaret$Handler.insertUpdate(DefaultCaret.java:1819) ~[?:?]
	at javax.swing.text.AbstractDocument.fireInsertUpdate(AbstractDocument.java:227) ~[?:?]
	at javax.swing.text.AbstractDocument.handleInsertString(AbstractDocument.java:781) ~[?:?]
	at javax.swing.text.AbstractDocument.insertString(AbstractDocument.java:740) ~[?:?]
	at javax.swing.text.PlainDocument.insertString(PlainDocument.java:131) ~[?:?]
	at javax.swing.text.AbstractDocument.replace(AbstractDocument.java:699) ~[?:?]
	at javax.swing.text.JTextComponent.setText(JTextComponent.java:1725) ~[?:?]
	at com.st.microxplorer.plugins.projectmanager.gui.ProjectChoiceTab.createHeapStackFields(ProjectChoiceTab.java:979) ~[filemanager.jar:?]
	at com.st.microxplorer.plugins.projectmanager.gui.ProjectChoiceTab.buildLinkSettingsPanel(ProjectChoiceTab.java:3766) ~[filemanager.jar:?]
	at com.st.microxplorer.plugins.projectmanager.gui.ProjectChoiceTab.defineWindowsFields(ProjectChoiceTab.java:1962) ~[filemanager.jar:?]
	at com.st.microxplorer.plugins.projectmanager.gui.ProjectChoiceTab.updateSettings(ProjectChoiceTab.java:555) ~[filemanager.jar:?]
	at com.st.microxplorer.plugins.projectmanager.gui.ProjectSettingsPanel.UpdateDialog(ProjectSettingsPanel.java:245) ~[filemanager.jar:?]
	at com.st.microxplorer.plugins.projectmanager.ProjectManagerView.propertyChange(ProjectManagerView.java:392) ~[filemanager.jar:?]
	at java.beans.PropertyChangeSupport.fire(PropertyChangeSupport.java:343) ~[?:?]
	at java.beans.PropertyChangeSupport.firePropertyChange(PropertyChangeSupport.java:335) ~[?:?]
	at java.beans.PropertyChangeSupport.firePropertyChange(PropertyChangeSupport.java:268) ~[?:?]
	at com.st.microxplorer.util.MXPropertyChangeSupport.firePropertyChange(MXPropertyChangeSupport.java:54) ~[STM32CubeMX.jar:?]
	at com.st.microxplorer.mxsystem.MxSystem.closeConfig(MxSystem.java:899) ~[STM32CubeMX.jar:?]
	at com.st.microxplorer.maingui.MainPanel.closeConfig(MainPanel.java:789) ~[STM32CubeMX.jar:?]
	at com.st.microxplorer.plugins.filemanager.engine.OpenFileManager.loadConfigurationFile(OpenFileManager.java:287) ~[filemanager.jar:?]
	at com.st.microxplorer.plugins.filemanager.engine.MainFileManager.userLoadConfig(MainFileManager.java:341) ~[filemanager.jar:?]
	at com.st.microxplorer.plugins.filemanager.engine.MainFileManager.userLoadConfig(MainFileManager.java:319) ~[filemanager.jar:?]
	at com.st.microxplorer.plugins.filemanager.FileManagerView.getSpecificTask(FileManagerView.java:246) ~[filemanager.jar:?]
	at com.st.stm32cube.common.mx.editor.CubeMxEditor.getMxTabbedPaneInstance(CubeMxEditor.java:1198) ~[com.st.stm32cube.common.mx_6.14.1.202504091515/:?]
	at com.st.stm32cube.common.mx.editor.CubeMxEditor$12$1.createSwingComponent(CubeMxEditor.java:1068) ~[com.st.stm32cube.common.mx_6.14.1.202504091515/:?]
	at com.st.stm32cube.common.mx.oss.core.awtswtbridge.EmbeddedSwingComposite.doComponentCreation(EmbeddedSwingComposite.java:492) ~[com.st.stm32cube.common.mx.oss_6.14.1.202504091515/:?]
	at com.st.stm32cube.common.mx.oss.core.awtswtbridge.EmbeddedSwingComposite$4.run(EmbeddedSwingComposite.java:291) ~[com.st.stm32cube.common.mx.oss_6.14.1.202504091515/:?]
	at com.st.stm32cube.common.mx.oss.core.awtswtbridge.AwtEnvironment$2.run(AwtEnvironment.java:166) ~[com.st.stm32cube.common.mx.oss_6.14.1.202504091515/:?]
	at java.awt.event.InvocationEvent.dispatch(InvocationEvent.java:318) ~[?:?]
	at java.awt.EventQueue.dispatchEventImpl(EventQueue.java:773) ~[?:?]
	at java.awt.EventQueue$4.run(EventQueue.java:720) ~[?:?]
	at java.awt.EventQueue$4.run(EventQueue.java:714) ~[?:?]
	at java.security.AccessController.doPrivileged(AccessController.java:400) ~[?:?]
	at java.security.ProtectionDomain$JavaSecurityAccessImpl.doIntersectionPrivilege(ProtectionDomain.java:87) ~[?:?]
	at java.awt.EventQueue.dispatchEvent(EventQueue.java:742) ~[?:?]
	at java.awt.EventDispatchThread.pumpOneEventForFilters(EventDispatchThread.java:203) ~[?:?]
	at java.awt.EventDispatchThread.pumpEventsForFilter(EventDispatchThread.java:124) ~[?:?]
	at java.awt.EventDispatchThread.pumpEventsForHierarchy(EventDispatchThread.java:113) ~[?:?]
	at java.awt.EventDispatchThread.pumpEvents(EventDispatchThread.java:109) ~[?:?]
	at java.awt.EventDispatchThread.pumpEvents(EventDispatchThread.java:101) ~[?:?]
	at java.awt.EventDispatchThread.run(EventDispatchThread.java:90) ~[?:?]
2025-07-01 11:29:20,243 [WARN] ThirdParty:871 - waiting for thirdparty lock release [close project]
2025-07-01 11:29:20,243 [INFO] ThirdParty:873 - entering critical section [close project]
2025-07-01 11:29:20,243 [INFO] ThirdParty:883 - exiting critical section [close project]
2025-07-01 11:29:20,246 [INFO] PinOutPanel:1589 - setPackage(No Configuration,No Configuration)
2025-07-01 11:29:20,260 [WARN] IpParametersView:155 - Warning: This peripheral hasn't parameters
2025-07-01 11:29:20,271 [WARN] MainPanel:289 - <html><b><center>Warning: This peripheral has no parameters to be configured<br></b></html>
2025-07-01 11:29:20,279 [INFO] UtilMem:75 - Begin LoadConfig() Used Memory: 768040840 Bytes (1073741824)
2025-07-01 11:29:20,280 [INFO] MicroXplorer:468 - Change Database Path : 
2025-07-01 11:29:20,280 [INFO] MicroXplorer:498 - Change Database Version : DB.6.0.141
2025-07-01 11:29:20,281 [INFO] OpenFileManager:354 - Change cursor
2025-07-01 11:29:20,360 [INFO] RulesReader:64 - Compatibility file has been processed (302 Rules)
2025-07-01 11:29:20,375 [INFO] Mcu:2011 - Initializing MCU STM32F411R(C-E)Tx STM32F411RETx STM32F411RET6
2025-07-01 11:29:21,824 [INFO] Context:756 - Trying to add GPIOservice into a context  which must be forbidden
2025-07-01 11:29:22,538 [INFO] ImportTextPane:218 - (OptionalMessage_ERROR) Pin5 (VP_RIF_VS_RIF1) cannot be retrieved for this MCU
2025-07-01 11:29:22,613 [INFO] RtosManager:558 - Registered RTOS mode: class=CMSIS, group=RTOS, mode=CMSIS_V1, owner=FREERTOS
2025-07-01 11:29:22,613 [INFO] RtosManager:558 - Registered RTOS mode: class=CMSIS, group=RTOS2, mode=CMSIS_V2, owner=FREERTOS
2025-07-01 11:29:22,613 [INFO] RtosManager:558 - Registered RTOS mode: class=RTOS, group=Core, mode=CMSIS_V1, owner=FREERTOS
2025-07-01 11:29:22,614 [INFO] RtosManager:558 - Registered RTOS mode: class=RTOS, group=Core, mode=CMSIS_V2, owner=FREERTOS
2025-07-01 11:29:22,614 [WARN] ModelIntegratedComponent:184 - Missing modes for component STMicroelectronics:FreeRTOS:0.0.1:STMicroelectronics:RTOS:FreeRTOS:Core:::10.2.0:
2025-07-01 11:29:22,630 [WARN] ModelIntegratedComponent:182 - Modes not found for component STMicroelectronics:USB_HOST:1.0.0:STMicroelectronics:USB::USB Host:Audio HS::1.0:USB_HOST_1_0_RESTRICTED_HS
2025-07-01 11:29:22,631 [WARN] ModelIntegratedComponent:188 - Modes not found for component STMicroelectronics:USB_HOST:1.0.0:STMicroelectronics:USB::USB Host:Audio HS::1.0:USB_HOST_1_0_RESTRICTED_HS
2025-07-01 11:29:22,631 [WARN] ModelIntegratedComponent:182 - Modes not found for component STMicroelectronics:USB_HOST:1.0.0:STMicroelectronics:USB::USB Host:CDC HS::1.0:USB_HOST_1_0_RESTRICTED_HS
2025-07-01 11:29:22,631 [WARN] ModelIntegratedComponent:188 - Modes not found for component STMicroelectronics:USB_HOST:1.0.0:STMicroelectronics:USB::USB Host:CDC HS::1.0:USB_HOST_1_0_RESTRICTED_HS
2025-07-01 11:29:22,631 [WARN] ModelIntegratedComponent:182 - Modes not found for component STMicroelectronics:USB_HOST:1.0.0:STMicroelectronics:USB::USB Host:MSC HS::1.0:USB_HOST_1_0_RESTRICTED_HS
2025-07-01 11:29:22,632 [WARN] ModelIntegratedComponent:188 - Modes not found for component STMicroelectronics:USB_HOST:1.0.0:STMicroelectronics:USB::USB Host:MSC HS::1.0:USB_HOST_1_0_RESTRICTED_HS
2025-07-01 11:29:22,632 [WARN] ModelIntegratedComponent:182 - Modes not found for component STMicroelectronics:USB_HOST:1.0.0:STMicroelectronics:USB::USB Host:HID HS::1.0:USB_HOST_1_0_RESTRICTED_HS
2025-07-01 11:29:22,632 [WARN] ModelIntegratedComponent:188 - Modes not found for component STMicroelectronics:USB_HOST:1.0.0:STMicroelectronics:USB::USB Host:HID HS::1.0:USB_HOST_1_0_RESTRICTED_HS
2025-07-01 11:29:22,632 [WARN] ModelIntegratedComponent:182 - Modes not found for component STMicroelectronics:USB_HOST:1.0.0:STMicroelectronics:USB::USB Host:MTP HS::1.0:USB_HOST_1_0_RESTRICTED_HS
2025-07-01 11:29:22,632 [WARN] ModelIntegratedComponent:188 - Modes not found for component STMicroelectronics:USB_HOST:1.0.0:STMicroelectronics:USB::USB Host:MTP HS::1.0:USB_HOST_1_0_RESTRICTED_HS
2025-07-01 11:29:22,651 [WARN] ModelIntegratedComponent:63 - No mode defined for component null
2025-07-01 11:29:22,651 [WARN] ModelIntegratedComponent:63 - No mode defined for component null
2025-07-01 11:29:22,651 [WARN] ModelIntegratedComponent:63 - No mode defined for component null
2025-07-01 11:29:22,651 [WARN] ModelIntegratedComponent:63 - No mode defined for component null
2025-07-01 11:29:22,651 [WARN] ModelIntegratedComponent:63 - No mode defined for component null
2025-07-01 11:29:22,651 [WARN] ModelIntegratedComponent:63 - No mode defined for component null
2025-07-01 11:29:22,651 [WARN] ModelIntegratedComponent:63 - No mode defined for component null
2025-07-01 11:29:22,652 [WARN] ModelIntegratedComponent:63 - No mode defined for component null
2025-07-01 11:29:22,652 [WARN] ModelIntegratedComponent:63 - No mode defined for component null
2025-07-01 11:29:22,652 [WARN] ModelIntegratedComponent:63 - No mode defined for component null
2025-07-01 11:29:22,652 [WARN] ModelIntegratedComponent:63 - No mode defined for component null
2025-07-01 11:29:22,652 [WARN] ModelIntegratedComponent:63 - No mode defined for component null
2025-07-01 11:29:22,652 [WARN] ModelIntegratedComponent:63 - No mode defined for component null
2025-07-01 11:29:22,652 [WARN] ModelIntegratedComponent:63 - No mode defined for component null
2025-07-01 11:29:22,652 [WARN] ModelIntegratedComponent:63 - No mode defined for component null
2025-07-01 11:29:22,652 [WARN] ModelIntegratedComponent:63 - No mode defined for component null
2025-07-01 11:29:22,653 [WARN] ModelIntegratedComponent:63 - No mode defined for component null
2025-07-01 11:29:22,653 [WARN] ModelIntegratedComponent:63 - No mode defined for component null
2025-07-01 11:29:22,653 [WARN] ModelIntegratedComponent:63 - No mode defined for component null
2025-07-01 11:29:22,653 [WARN] ModelIntegratedComponent:63 - No mode defined for component null
2025-07-01 11:29:22,653 [WARN] ModelIntegratedComponent:63 - No mode defined for component null
2025-07-01 11:29:22,653 [WARN] ModelIntegratedComponent:63 - No mode defined for component null
2025-07-01 11:29:22,653 [WARN] ModelIntegratedComponent:63 - No mode defined for component null
2025-07-01 11:29:22,653 [WARN] ModelIntegratedComponent:63 - No mode defined for component null
2025-07-01 11:29:22,654 [WARN] ModelIntegratedComponent:63 - No mode defined for component null
2025-07-01 11:29:22,654 [WARN] ModelIntegratedComponent:63 - No mode defined for component null
2025-07-01 11:29:22,654 [WARN] ModelIntegratedComponent:63 - No mode defined for component null
2025-07-01 11:29:22,654 [WARN] ModelIntegratedComponent:63 - No mode defined for component null
2025-07-01 11:29:22,654 [WARN] ModelIntegratedComponent:63 - No mode defined for component null
2025-07-01 11:29:22,654 [WARN] ModelIntegratedComponent:63 - No mode defined for component null
2025-07-01 11:29:22,654 [WARN] ModelIntegratedComponent:63 - No mode defined for component null
2025-07-01 11:29:22,654 [WARN] ModelIntegratedComponent:63 - No mode defined for component null
2025-07-01 11:29:22,654 [WARN] ModelIntegratedComponent:63 - No mode defined for component null
2025-07-01 11:29:22,655 [WARN] ModelIntegratedComponent:63 - No mode defined for component null
2025-07-01 11:29:22,655 [WARN] ModelIntegratedComponent:63 - No mode defined for component null
2025-07-01 11:29:22,655 [WARN] ModelPack:524 - Component already loaded: STMicroelectronics:HAL Drivers:0.0.0:STMicroelectronics:Device:STMicro_Driver:XSPI:HAL::0.0.1:HAL_XSPI
2025-07-01 11:29:22,969 [WARN] ModelIntegratedComponent:182 - Modes not found for component STMicroelectronics:USB_DEVICE:1.0.0:STMicroelectronics:USB::USB Device:Audio HS::1.0:USB_DEVICE_1_0_RESTRICTED_HS
2025-07-01 11:29:22,970 [WARN] ModelIntegratedComponent:188 - Modes not found for component STMicroelectronics:USB_DEVICE:1.0.0:STMicroelectronics:USB::USB Device:Audio HS::1.0:USB_DEVICE_1_0_RESTRICTED_HS
2025-07-01 11:29:22,970 [WARN] ModelIntegratedComponent:182 - Modes not found for component STMicroelectronics:USB_DEVICE:1.0.0:STMicroelectronics:USB::USB Device:CDC HS::1.0:USB_DEVICE_1_0_RESTRICTED_HS
2025-07-01 11:29:22,970 [WARN] ModelIntegratedComponent:188 - Modes not found for component STMicroelectronics:USB_DEVICE:1.0.0:STMicroelectronics:USB::USB Device:CDC HS::1.0:USB_DEVICE_1_0_RESTRICTED_HS
2025-07-01 11:29:22,970 [WARN] ModelIntegratedComponent:182 - Modes not found for component STMicroelectronics:USB_DEVICE:1.0.0:STMicroelectronics:USB::USB Device:DFU HS::1.0:USB_DEVICE_1_0_RESTRICTED_HS
2025-07-01 11:29:22,970 [WARN] ModelIntegratedComponent:188 - Modes not found for component STMicroelectronics:USB_DEVICE:1.0.0:STMicroelectronics:USB::USB Device:DFU HS::1.0:USB_DEVICE_1_0_RESTRICTED_HS
2025-07-01 11:29:22,970 [WARN] ModelIntegratedComponent:182 - Modes not found for component STMicroelectronics:USB_DEVICE:1.0.0:STMicroelectronics:USB::USB Device:HID HS::1.0:USB_DEVICE_1_0_RESTRICTED_HS
2025-07-01 11:29:22,970 [WARN] ModelIntegratedComponent:188 - Modes not found for component STMicroelectronics:USB_DEVICE:1.0.0:STMicroelectronics:USB::USB Device:HID HS::1.0:USB_DEVICE_1_0_RESTRICTED_HS
2025-07-01 11:29:22,971 [WARN] ModelIntegratedComponent:182 - Modes not found for component STMicroelectronics:USB_DEVICE:1.0.0:STMicroelectronics:USB::USB Device:Custom HID HS::1.0:USB_DEVICE_1_0_RESTRICTED_HS
2025-07-01 11:29:22,971 [WARN] ModelIntegratedComponent:188 - Modes not found for component STMicroelectronics:USB_DEVICE:1.0.0:STMicroelectronics:USB::USB Device:Custom HID HS::1.0:USB_DEVICE_1_0_RESTRICTED_HS
2025-07-01 11:29:22,971 [WARN] ModelIntegratedComponent:182 - Modes not found for component STMicroelectronics:USB_DEVICE:1.0.0:STMicroelectronics:USB::USB Device:MSC HS::1.0:USB_DEVICE_1_0_RESTRICTED_HS
2025-07-01 11:29:22,971 [WARN] ModelIntegratedComponent:188 - Modes not found for component STMicroelectronics:USB_DEVICE:1.0.0:STMicroelectronics:USB::USB Device:MSC HS::1.0:USB_DEVICE_1_0_RESTRICTED_HS
2025-07-01 11:29:22,995 [INFO] ThirdPartyModel:298 - Start build external matchings
2025-07-01 11:29:24,485 [INFO] ThirdPartyModel:316 - End build external matchings
2025-07-01 11:29:24,505 [INFO] ImportTextPane:218 - (OptionalMessage_ERROR) IP (RCC) : Parameter (48MHZClocksFreq_Value) has invalid value (50000000)
2025-07-01 11:29:24,506 [INFO] ImportTextPane:218 - (OptionalMessage_ERROR) IP (RCC) : Parameter (RTCHSEDivFreq_Value) has invalid value (12500000)
2025-07-01 11:29:24,706 [INFO] UtilMem:75 - End LoadConfig() Used Memory: 909082272 Bytes (1073741824)
2025-07-01 11:29:24,717 [WARN] ThirdParty:833 - waiting for thirdparty lock release [change project]
2025-07-01 11:29:24,718 [INFO] ThirdParty:835 - entering critical section [change project]
2025-07-01 11:29:24,718 [INFO] ThirdParty:1030 - CMSIS Pack Vendor :STMicroelectronics X-CUBE-PM33A1 1.0.0
2025-07-01 11:29:24,719 [INFO] ThirdParty:1030 - CMSIS Pack Vendor :STMicroelectronics USBPD 4.1
2025-07-01 11:29:24,719 [INFO] ThirdParty:1030 - CMSIS Pack Vendor :STMicroelectronics X-CUBE-AZRTOS-H7 3.3.0
2025-07-01 11:29:24,719 [INFO] ThirdParty:1030 - CMSIS Pack Vendor :STMicroelectronics X-CUBE-NFC9 1.0.0
2025-07-01 11:29:24,719 [INFO] ThirdParty:1030 - CMSIS Pack Vendor :wolfSSL I-CUBE-wolfSSL 5.8.0
2025-07-01 11:29:24,719 [INFO] ThirdParty:1030 - CMSIS Pack Vendor :STMicroelectronics USB_HOST 2.0.0
2025-07-01 11:29:24,719 [INFO] ThirdParty:1030 - CMSIS Pack Vendor :STMicroelectronics FP-SNS-MOTENVWB1 1.4.0
2025-07-01 11:29:24,719 [INFO] ThirdParty:1030 - CMSIS Pack Vendor :STMicroelectronics X-CUBE-AZRTOS-F4 1.1.0
2025-07-01 11:29:24,720 [INFO] ThirdParty:1030 - CMSIS Pack Vendor :STMicroelectronics LIBJPEG 8.0.0
2025-07-01 11:29:24,720 [INFO] ThirdParty:1030 - CMSIS Pack Vendor :Avnet-IotConnect X-CUBE-IoTC-DA16k-PMOD 1.0.0
2025-07-01 11:29:24,720 [INFO] ThirdParty:1030 - CMSIS Pack Vendor :STMicroelectronics X-CUBE-SMBUS 2.1.0
2025-07-01 11:29:24,720 [INFO] ThirdParty:1030 - CMSIS Pack Vendor :wolfSSL I-CUBE-wolfMQTT 1.19.2
2025-07-01 11:29:24,720 [INFO] ThirdParty:1030 - CMSIS Pack Vendor :STMicroelectronics USB_DEVICE 3.0.0
2025-07-01 11:29:24,720 [INFO] ThirdParty:1030 - CMSIS Pack Vendor :STMicroelectronics X-CUBE-ISPU 2.1.0
2025-07-01 11:29:24,720 [INFO] ThirdParty:1030 - CMSIS Pack Vendor :STMicroelectronics X-CUBE-AZRTOS-WB 2.0.0
2025-07-01 11:29:24,721 [INFO] ThirdParty:1030 - CMSIS Pack Vendor :STMicroelectronics X-CUBE-ST60 1.0.0
2025-07-01 11:29:24,721 [INFO] ThirdParty:1030 - CMSIS Pack Vendor :STMicroelectronics X-CUBE-GNSS1 7.0.1
2025-07-01 11:29:24,721 [INFO] ThirdParty:1030 - CMSIS Pack Vendor :STMicroelectronics X-CUBE-AZRTOS-F7 1.1.0
2025-07-01 11:29:24,721 [INFO] ThirdParty:1030 - CMSIS Pack Vendor :STMicroelectronics X-CUBE-AZRTOS-L5 2.0.0
2025-07-01 11:29:24,721 [INFO] ThirdParty:1030 - CMSIS Pack Vendor :STMicroelectronics X-CUBE-TOUCHGFX 4.25.0
2025-07-01 11:29:24,721 [INFO] ThirdParty:1030 - CMSIS Pack Vendor :STMicroelectronics USB_DEVICE 2.0.0
2025-07-01 11:29:24,721 [INFO] ThirdParty:1030 - CMSIS Pack Vendor :STMicroelectronics X-CUBE-NFC6 3.1.0
2025-07-01 11:29:24,721 [INFO] ThirdParty:1030 - CMSIS Pack Vendor :STMicroelectronics FP-SNS-STBOX1 2.0.0
2025-07-01 11:29:24,722 [INFO] ThirdParty:1030 - CMSIS Pack Vendor :STMicroelectronics FreeRTOS 0.0.1
2025-07-01 11:29:24,722 [INFO] ThirdParty:1030 - CMSIS Pack Vendor :STMicroelectronics X-CUBE-AZRTOS-G0 1.1.0
2025-07-01 11:29:24,722 [INFO] ThirdParty:1030 - CMSIS Pack Vendor :STMicroelectronics X-CUBE-SAFEA1 1.2.2
2025-07-01 11:29:24,722 [INFO] ThirdParty:1030 - CMSIS Pack Vendor :STMicroelectronics X-CUBE-NFC4 3.0.0
2025-07-01 11:29:24,722 [INFO] ThirdParty:1030 - CMSIS Pack Vendor :STMicroelectronics X-CUBE-SUBG2 5.0.0
2025-07-01 11:29:24,722 [INFO] ThirdParty:1030 - CMSIS Pack Vendor :STMicroelectronics X-CUBE-AZRTOS-H7RS 1.1.0
2025-07-01 11:29:24,722 [INFO] ThirdParty:1030 - CMSIS Pack Vendor :STMicroelectronics STM32_WPAN 1.0.0
2025-07-01 11:29:24,722 [INFO] ThirdParty:1030 - CMSIS Pack Vendor :EmbeddedOffice I-CUBE-FS-RTOS 1.0.1
2025-07-01 11:29:24,722 [INFO] ThirdParty:1030 - CMSIS Pack Vendor :STMicroelectronics lwIP 2.0.3
2025-07-01 11:29:24,723 [INFO] ThirdParty:1030 - CMSIS Pack Vendor :Cesanta I-CUBE-Mongoose 7.13.0
2025-07-01 11:29:24,723 [INFO] ThirdParty:1030 - CMSIS Pack Vendor :STMicroelectronics USB_HOST 1.0.0
2025-07-01 11:29:24,723 [INFO] ThirdParty:1030 - CMSIS Pack Vendor :Infineon AIROC-Wi-Fi-Bluetooth-STM32 1.7.0
2025-07-01 11:29:24,723 [INFO] ThirdParty:1030 - CMSIS Pack Vendor :STMicroelectronics X-CUBE-AZRTOS-G4 2.0.0
2025-07-01 11:29:24,723 [INFO] ThirdParty:1030 - CMSIS Pack Vendor :STMicroelectronics X-CUBE-WB05N 2.0.0
2025-07-01 11:29:24,724 [INFO] ThirdParty:1030 - CMSIS Pack Vendor :STMicroelectronics PDM2PCM 3.1.0
2025-07-01 11:29:24,724 [INFO] ThirdParty:1030 - CMSIS Pack Vendor :STMicroelectronics PDM2PCM 3.3.0
2025-07-01 11:29:24,724 [INFO] ThirdParty:1030 - CMSIS Pack Vendor :wolfSSL I-CUBE-wolfTPM 3.8.0
2025-07-01 11:29:24,724 [INFO] ThirdParty:1030 - CMSIS Pack Vendor :STMicroelectronics X-CUBE-DISPLAY 3.0.0
2025-07-01 11:29:24,724 [INFO] ThirdParty:1030 - CMSIS Pack Vendor :wolfSSL I-CUBE-wolfSSH 1.4.20
2025-07-01 11:29:24,725 [INFO] ThirdParty:1030 - CMSIS Pack Vendor :STMicroelectronics X-CUBE-NFC7 2.0.0
2025-07-01 11:29:24,725 [INFO] ThirdParty:1030 - CMSIS Pack Vendor :STMicroelectronics X-CUBE-TCPP 4.2.0
2025-07-01 11:29:24,725 [INFO] ThirdParty:1030 - CMSIS Pack Vendor :RealThread X-CUBE-RT-Thread_Nano 4.1.1
2025-07-01 11:29:24,725 [INFO] ThirdParty:1030 - CMSIS Pack Vendor :STMicroelectronics FP-ATR-SIGFOX1 3.2.0
2025-07-01 11:29:24,725 [INFO] ThirdParty:1030 - CMSIS Pack Vendor :STMicroelectronics X-CUBE-NFC10 1.0.0
2025-07-01 11:29:24,725 [INFO] ThirdParty:1030 - CMSIS Pack Vendor :STMicroelectronics X-CUBE-BLEMGR 4.0.0
2025-07-01 11:29:24,725 [INFO] ThirdParty:1030 - CMSIS Pack Vendor :STMicroelectronics X-CUBE-EEPRMA1 5.1.0
2025-07-01 11:29:24,725 [INFO] ThirdParty:1030 - CMSIS Pack Vendor :STMicroelectronics X-CUBE-FREERTOS 1.3.1
2025-07-01 11:29:24,725 [INFO] ThirdParty:1030 - CMSIS Pack Vendor :STMicroelectronics HAL Drivers 0.0.0
2025-07-01 11:29:24,726 [INFO] ThirdParty:1030 - CMSIS Pack Vendor :STMicroelectronics MBEDTLS 2.16.2
2025-07-01 11:29:24,726 [INFO] ThirdParty:1030 - CMSIS Pack Vendor :STMicroelectronics X-CUBE-IPS 3.1.0
2025-07-01 11:29:24,726 [INFO] ThirdParty:1030 - CMSIS Pack Vendor :STMicroelectronics X-CUBE-ALS 1.0.2
2025-07-01 11:29:24,726 [INFO] ThirdParty:1030 - CMSIS Pack Vendor :emotas I-CUBE-CANOPEN 1.3.0
2025-07-01 11:29:24,726 [INFO] ThirdParty:1030 - CMSIS Pack Vendor :STMicroelectronics MBEDTLS 2.14.1
2025-07-01 11:29:24,726 [INFO] ThirdParty:1030 - CMSIS Pack Vendor :ITTIA_DB I-CUBE-ITTIADB 8.9.0
2025-07-01 11:29:24,726 [INFO] ThirdParty:1030 - CMSIS Pack Vendor :portGmbH I-Cube-SoM-uGOAL 1.1.0
2025-07-01 11:29:24,726 [INFO] ThirdParty:1030 - CMSIS Pack Vendor :quantropi X-CUBE-qispace-sdk-base 2.0.0
2025-07-01 11:29:24,726 [INFO] ThirdParty:1030 - CMSIS Pack Vendor :STMicroelectronics X-CUBE-ST67W61 1.0.0
2025-07-01 11:29:24,726 [INFO] ThirdParty:1030 - CMSIS Pack Vendor :STMicroelectronics FP-SNS-STAIOTCFT 1.0.0
2025-07-01 11:29:24,727 [INFO] ThirdParty:1030 - CMSIS Pack Vendor :STMicroelectronics ThreadX 1.0.0
2025-07-01 11:29:24,727 [INFO] ThirdParty:1030 - CMSIS Pack Vendor :STMicroelectronics FP-SNS-SMARTAG2 1.2.0
2025-07-01 11:29:24,727 [INFO] ThirdParty:1030 - CMSIS Pack Vendor :STMicroelectronics X-CUBE-AZRTOS-WL 2.0.0
2025-07-01 11:29:24,727 [INFO] ThirdParty:1030 - CMSIS Pack Vendor :SEGGER I-CUBE-embOS 1.3.1
2025-07-01 11:29:24,727 [INFO] ThirdParty:1030 - CMSIS Pack Vendor :STMicroelectronics X-CUBE-ALGOBUILD 1.4.0
2025-07-01 11:29:24,727 [INFO] ThirdParty:1030 - CMSIS Pack Vendor :STMicroelectronics X-CUBE-DPower 1.3.0
2025-07-01 11:29:24,727 [INFO] ThirdParty:1030 - CMSIS Pack Vendor :STMicroelectronics X-CUBE-MEMS1 11.3.0
2025-07-01 11:29:24,727 [INFO] ThirdParty:1030 - CMSIS Pack Vendor :STMicroelectronics FP-SNS-MOTENV1 5.0.0
2025-07-01 11:29:24,727 [INFO] ThirdParty:1030 - CMSIS Pack Vendor :STMicroelectronics USB_DEVICE 1.0.0
2025-07-01 11:29:24,728 [INFO] ThirdParty:1030 - CMSIS Pack Vendor :STMicroelectronics X-CUBE-AZRTOS-L4 2.0.0
2025-07-01 11:29:24,728 [INFO] ThirdParty:1030 - CMSIS Pack Vendor :STMicroelectronics ThreadX 0.0.2
2025-07-01 11:29:24,728 [INFO] ThirdParty:1030 - CMSIS Pack Vendor :WES I-CUBE-Cesium 1.3.0
2025-07-01 11:29:24,728 [INFO] ThirdParty:1030 - CMSIS Pack Vendor :STMicroelectronics lwIP 2.1.2
2025-07-01 11:29:24,728 [INFO] ThirdParty:1030 - CMSIS Pack Vendor :STMicroelectronics X-CUBE-SFXS2LP1 4.0.0
2025-07-01 11:29:24,728 [INFO] ThirdParty:1030 - CMSIS Pack Vendor :STMicroelectronics X-CUBE-BLE2 3.3.0
2025-07-01 11:29:24,728 [INFO] ThirdParty:1030 - CMSIS Pack Vendor :STMicroelectronics X-CUBE-TOF1 3.4.3
2025-07-01 11:29:24,728 [INFO] ThirdParty:1030 - CMSIS Pack Vendor :STMicroelectronics PDM2PCM 3.2.0
2025-07-01 11:29:24,729 [INFO] ThirdParty:841 - exiting critical section [change project]
2025-07-01 11:29:25,376 [INFO] PinOutPanel:1589 - setPackage(No Configuration,No Configuration)
2025-07-01 11:29:25,377 [INFO] PinOutPanel:1589 - setPackage(STM32F411RETx,LQFP64)
2025-07-01 11:29:26,447 [INFO] UtilMem:75 - Before build in PCC Used Memory: 802678104 Bytes (1073741824)
2025-07-01 11:29:27,198 [INFO] UtilMem:75 - After build in PCC Used Memory: 847766872 Bytes (1073741824)
2025-07-01 11:29:27,256 [INFO] IPUIPlugin:80 - create IPUIPlugin
2025-07-01 11:29:27,256 [INFO] IPUIPlugin:80 - create IPUIPlugin
2025-07-01 11:29:27,257 [INFO] IPUIPlugin:80 - create IPUIPlugin
2025-07-01 11:29:27,261 [INFO] IPUIPlugin:80 - create IPUIPlugin
2025-07-01 11:29:27,262 [INFO] IPUIPlugin:80 - create IPUIPlugin
2025-07-01 11:29:27,263 [INFO] IPUIPlugin:80 - create IPUIPlugin
2025-07-01 11:29:27,263 [INFO] IPUIPlugin:80 - create IPUIPlugin
2025-07-01 11:29:27,263 [INFO] IPUIPlugin:80 - create IPUIPlugin
2025-07-01 11:29:27,264 [INFO] IPUIPlugin:80 - create IPUIPlugin
2025-07-01 11:29:27,264 [INFO] IPUIPlugin:80 - create IPUIPlugin
2025-07-01 11:29:27,267 [INFO] IPUIPlugin:80 - create IPUIPlugin
2025-07-01 11:29:27,270 [INFO] IPUIPlugin:80 - create IPUIPlugin
2025-07-01 11:29:27,270 [INFO] IPUIPlugin:80 - create IPUIPlugin
2025-07-01 11:29:27,271 [INFO] IPUIPlugin:80 - create IPUIPlugin
2025-07-01 11:29:27,271 [INFO] IPUIPlugin:80 - create IPUIPlugin
2025-07-01 11:29:27,272 [INFO] IPUIPlugin:80 - create IPUIPlugin
2025-07-01 11:29:27,272 [INFO] IPUIPlugin:80 - create IPUIPlugin
2025-07-01 11:29:27,277 [INFO] IPUIPlugin:80 - create IPUIPlugin
2025-07-01 11:29:27,278 [INFO] IPUIPlugin:80 - create IPUIPlugin
2025-07-01 11:29:27,278 [INFO] IPUIPlugin:80 - create IPUIPlugin
2025-07-01 11:29:27,279 [INFO] IPUIPlugin:80 - create IPUIPlugin
2025-07-01 11:29:27,280 [INFO] IPUIPlugin:80 - create IPUIPlugin
2025-07-01 11:29:27,280 [INFO] IPUIPlugin:80 - create IPUIPlugin
2025-07-01 11:29:27,281 [INFO] IPUIPlugin:80 - create IPUIPlugin
2025-07-01 11:29:27,282 [INFO] IPUIPlugin:80 - create IPUIPlugin
2025-07-01 11:29:27,283 [INFO] IPUIPlugin:80 - create IPUIPlugin
2025-07-01 11:29:27,285 [INFO] IPUIPlugin:80 - create IPUIPlugin
2025-07-01 11:29:27,285 [INFO] IPUIPlugin:80 - create IPUIPlugin
2025-07-01 11:29:27,293 [INFO] IPUIPlugin:80 - create IPUIPlugin
2025-07-01 11:29:27,294 [INFO] IPUIPlugin:80 - create IPUIPlugin
2025-07-01 11:29:27,295 [INFO] IPUIPlugin:80 - create IPUIPlugin
2025-07-01 11:29:27,297 [INFO] IPUIPlugin:80 - create IPUIPlugin
2025-07-01 11:29:27,297 [INFO] IPUIPlugin:80 - create IPUIPlugin
2025-07-01 11:29:27,298 [INFO] IPUIPlugin:80 - create IPUIPlugin
2025-07-01 11:29:27,299 [INFO] IPUIPlugin:80 - create IPUIPlugin
2025-07-01 11:29:27,302 [INFO] IPUIPlugin:80 - create IPUIPlugin
2025-07-01 11:29:27,303 [INFO] IPUIPlugin:80 - create IPUIPlugin
2025-07-01 11:29:27,306 [INFO] IPUIPlugin:80 - create IPUIPlugin
2025-07-01 11:29:27,307 [INFO] IPUIPlugin:80 - create IPUIPlugin
2025-07-01 11:29:27,311 [INFO] IPUIPlugin:80 - create IPUIPlugin
2025-07-01 11:29:27,312 [INFO] IPUIPlugin:80 - create IPUIPlugin
2025-07-01 11:29:27,314 [INFO] IPUIPlugin:80 - create IPUIPlugin
2025-07-01 11:29:27,315 [INFO] IPUIPlugin:80 - create IPUIPlugin
2025-07-01 11:29:27,323 [INFO] ApiDbMcu:508 - Load IP Config File for PDM2PCM
2025-07-01 11:29:27,409 [INFO] CADModel:165 - CPN selected for project levelSTM32F411RET6
2025-07-01 11:29:27,410 [INFO] CADModel:114 - Register for checkConnection events
2025-07-01 11:29:27,463 [INFO] OpenFileManager:385 - Restore cursor
2025-07-01 11:29:28,103 [INFO] UtilMem:75 - End SaveConfig() Used Memory: 923022912 Bytes (1073741824)
2025-07-01 11:29:28,174 [INFO] UtilMem:75 - End SaveConfig() Used Memory: 939397760 Bytes (1073741824)
2025-07-01 11:29:28,768 [INFO] BlockDiagram:2775 - set Specific Code input for plugin: NVIC
2025-07-01 11:29:28,768 [INFO] BlockDiagram:2775 - set Specific Code input for plugin: SYS
2025-07-01 11:29:28,769 [INFO] BlockDiagram:2775 - set Specific Code input for plugin: GPIO
2025-07-01 11:29:28,769 [INFO] BlockDiagram:2775 - set Specific Code input for plugin: RCC
2025-07-01 11:29:28,770 [INFO] CodeGenerator:882 - code generatio: config db path: /opt/st/stm32cubeide_1.18.1/plugins/com.st.stm32cube.common.mx_6.14.1.202504091515//db/
2025-07-01 11:29:28,898 [INFO] CodeEngine:263 - oldGeneratedFile, /home/psh/workspace_semicon/ARM/12_ADC/MXTmpFiles/license.tmp_save
2025-07-01 11:29:29,379 [INFO] CodeEngine:287 - Generated code: /home/psh/workspace_semicon/ARM/12_ADC/MXTmpFiles/license.tmp
2025-07-01 11:29:29,420 [INFO] CodeEngine:263 - oldGeneratedFile, /home/psh/workspace_semicon/ARM/12_ADC/Core/Src/gpio.c_save
2025-07-01 11:29:29,733 [INFO] CodeEngine:287 - Generated code: /home/psh/workspace_semicon/ARM/12_ADC/Core/Src/gpio.c
2025-07-01 11:29:29,734 [INFO] CodeEngine:263 - oldGeneratedFile, /home/psh/workspace_semicon/ARM/12_ADC/Core/Inc/gpio.h_save
2025-07-01 11:29:29,953 [INFO] CodeEngine:287 - Generated code: /home/psh/workspace_semicon/ARM/12_ADC/Core/Inc/gpio.h
2025-07-01 11:29:29,967 [INFO] CodeEngine:263 - oldGeneratedFile, /home/psh/workspace_semicon/ARM/12_ADC/Core/Src/stm32f4xx_it.c_save
2025-07-01 11:29:30,536 [INFO] CodeEngine:287 - Generated code: /home/psh/workspace_semicon/ARM/12_ADC/Core/Src/stm32f4xx_it.c
2025-07-01 11:29:30,539 [INFO] CodeEngine:263 - oldGeneratedFile, /home/psh/workspace_semicon/ARM/12_ADC/Core/Inc/stm32f4xx_it.h_save
2025-07-01 11:29:30,690 [INFO] CodeEngine:287 - Generated code: /home/psh/workspace_semicon/ARM/12_ADC/Core/Inc/stm32f4xx_it.h
2025-07-01 11:29:30,697 [INFO] CodeEngine:263 - oldGeneratedFile, /home/psh/workspace_semicon/ARM/12_ADC/Core/Src/stm32f4xx_hal_msp.c_save
2025-07-01 11:29:30,898 [INFO] CodeEngine:287 - Generated code: /home/psh/workspace_semicon/ARM/12_ADC/Core/Src/stm32f4xx_hal_msp.c
2025-07-01 11:29:30,900 [INFO] CodeEngine:263 - oldGeneratedFile, /home/psh/workspace_semicon/ARM/12_ADC/MXTmpFiles/system.tmp_save
2025-07-01 11:29:31,015 [INFO] CodeEngine:287 - Generated code: /home/psh/workspace_semicon/ARM/12_ADC/MXTmpFiles/system.tmp
2025-07-01 11:29:31,019 [INFO] CodeEngine:319 - oldGeneratedFile, /home/psh/workspace_semicon/ARM/12_ADC/Core/Inc/stm32f4xx_hal_conf.h_save
2025-07-01 11:29:31,146 [INFO] CodeEngine:343 - Generated code: /home/psh/workspace_semicon/ARM/12_ADC/Core/Inc/stm32f4xx_hal_conf.h
2025-07-01 11:29:31,183 [INFO] ApiDbMcu:508 - Load IP Config File for RCC
2025-07-01 11:29:31,188 [INFO] CodeEngine:263 - oldGeneratedFile, /home/psh/workspace_semicon/ARM/12_ADC/Core/Inc/main.h_save
2025-07-01 11:29:31,369 [INFO] CodeEngine:287 - Generated code: /home/psh/workspace_semicon/ARM/12_ADC/Core/Inc/main.h
2025-07-01 11:29:31,370 [INFO] CodeEngine:263 - oldGeneratedFile, /home/psh/workspace_semicon/ARM/12_ADC/Core/Src/main.c_save
2025-07-01 11:29:31,542 [INFO] CodeEngine:287 - Generated code: /home/psh/workspace_semicon/ARM/12_ADC/Core/Src/main.c
2025-07-01 11:29:32,175 [INFO] ProjectBuilder:3324 - Time for Copy HAL[1] : 59mS.
2025-07-01 11:29:32,179 [INFO] ProjectBuilder:4912 - Project Generator version: 4.6.0.1-B1
2025-07-01 11:29:32,489 [INFO] ConfigFileManager:1590 - The Die is : DIE431
2025-07-01 11:29:32,503 [INFO] ApiDbMcu:508 - Load IP Config File for FATFS
2025-07-01 11:29:32,526 [INFO] ApiDbMcu:508 - Load IP Config File for FREERTOS
2025-07-01 11:29:32,530 [INFO] ApiDbMcu:508 - Load IP Config File for LIBJPEG
2025-07-01 11:29:32,550 [INFO] ApiDbMcu:508 - Load IP Config File for MBEDTLS
2025-07-01 11:29:32,570 [INFO] ApiDbMcu:508 - Load IP Config File for USB_DEVICE
2025-07-01 11:29:32,583 [INFO] ApiDbMcu:508 - Load IP Config File for USB_HOST
2025-07-01 11:29:35,583 [INFO] ProjectBuilder:5191 - Time for Generating toolchain IDE Files: 3404mS.
2025-07-01 11:29:35,584 [INFO] ProjectBuilder:3181 - Time for Copy CMSIS : 0mS.
2025-07-01 11:29:35,585 [INFO] ProjectBuilder:3181 - Time for Copy CMSIS : 0mS.
2025-07-01 11:29:36,247 [INFO] McuFinderGlobals:76 - Set McuFinderConnectedMode to true
2025-07-01 11:29:36,546 [INFO] ApiDb:448 - Save user favorites file /home/psh/.stm32cubeide/favorites.mcus.txt: 1 item(s)
2025-07-01 11:29:36,547 [INFO] ApiDb:452 - User favorites MCUs=[STM32F411RET6]
2025-07-01 11:31:50,061 [INFO] NvicIntPanel:101 - NVIC parent = com.st.microxplorer.plugins.ip.nvic.MultiNvicIntPanel[,0,0,512x173,layout=javax.swing.BoxLayout,alignmentX=0.0,alignmentY=0.0,border=,flags=9,maximumSize=,minimumSize=,preferredSize=]
2025-07-01 11:31:51,137 [INFO] NvicIntPanel:101 - NVIC parent = com.st.microxplorer.plugins.ip.nvic.MultiNvicIntPanel[,0,0,0x0,invalid,layout=javax.swing.BoxLayout,alignmentX=0.0,alignmentY=0.0,border=,flags=9,maximumSize=,minimumSize=,preferredSize=]
2025-07-01 11:34:58,734 [INFO] ADCParametersView:116 -                Rank 1 : false
2025-07-01 11:34:58,776 [INFO] ADCParametersView:116 -                Rank 1 : false
2025-07-01 11:34:58,777 [INFO] ADCParametersView:116 -                Rank 1 : false
2025-07-01 11:34:58,777 [INFO] ADCParametersView:116 -                Rank 1 : false
2025-07-01 11:34:58,777 [INFO] ADCParametersView:116 -                Rank 1 : false
2025-07-01 11:34:58,778 [INFO] ADCParametersView:116 -                Rank 1 : false
2025-07-01 11:34:58,778 [INFO] ADCParametersView:116 -                Rank 1 : false
2025-07-01 11:34:58,778 [INFO] ADCParametersView:116 -                Rank 1 : false
2025-07-01 11:34:58,778 [INFO] ADCParametersView:116 -                Rank 1 : false
2025-07-01 11:34:58,778 [INFO] ADCParametersView:116 -                Rank 1 : false
2025-07-01 11:34:58,779 [INFO] ADCParametersView:116 -                Rank 1 : false
2025-07-01 11:34:58,779 [INFO] ADCParametersView:116 -                Rank 1 : false
2025-07-01 11:34:58,779 [INFO] ADCParametersView:116 -                Rank 1 : false
2025-07-01 11:34:58,779 [INFO] ADCParametersView:116 -                Rank 1 : false
2025-07-01 11:34:58,779 [INFO] ADCParametersView:116 -                Rank 1 : false
2025-07-01 11:34:58,796 [INFO] ADCParametersView:116 -                Rank 1 : false
2025-07-01 11:34:58,909 [INFO] NvicIntPanel:101 - NVIC parent = com.st.microxplorer.plugins.ip.nvic.MultiNvicIntPanel[,0,0,0x0,invalid,layout=javax.swing.BoxLayout,alignmentX=0.0,alignmentY=0.0,border=,flags=9,maximumSize=,minimumSize=,preferredSize=]
2025-07-01 11:34:58,995 [INFO] NvicIntPanel:101 - NVIC parent = com.st.microxplorer.plugins.ip.nvic.MultiNvicIntPanel[,0,0,0x0,invalid,layout=javax.swing.BoxLayout,alignmentX=0.0,alignmentY=0.0,border=,flags=9,maximumSize=,minimumSize=,preferredSize=]
2025-07-01 11:34:59,075 [INFO] NvicIntPanel:101 - NVIC parent = com.st.microxplorer.plugins.ip.nvic.MultiNvicIntPanel[,0,0,0x0,invalid,layout=javax.swing.BoxLayout,alignmentX=0.0,alignmentY=0.0,border=,flags=9,maximumSize=,minimumSize=,preferredSize=]
2025-07-01 11:34:59,123 [INFO] ADCParametersView:116 -                Rank 1 : false
2025-07-01 11:34:59,123 [INFO] ADCParametersView:116 -                Rank 1 : false
2025-07-01 11:34:59,123 [INFO] ADCParametersView:116 -                Rank 1 : false
2025-07-01 11:34:59,123 [INFO] ADCParametersView:116 -                Rank 1 : false
2025-07-01 11:34:59,123 [INFO] ADCParametersView:116 -                Rank 1 : false
2025-07-01 11:34:59,124 [INFO] ADCParametersView:116 -                Rank 1 : false
2025-07-01 11:34:59,124 [INFO] ADCParametersView:116 -                Rank 1 : false
2025-07-01 11:34:59,124 [INFO] ADCParametersView:116 -                Rank 1 : false
2025-07-01 11:34:59,124 [INFO] ADCParametersView:116 -                Rank 1 : false
2025-07-01 11:34:59,124 [INFO] ADCParametersView:116 -                Rank 1 : false
2025-07-01 11:34:59,124 [INFO] ADCParametersView:116 -                Rank 1 : false
2025-07-01 11:34:59,124 [INFO] ADCParametersView:116 -                Rank 1 : false
2025-07-01 11:34:59,124 [INFO] ADCParametersView:116 -                Rank 1 : false
2025-07-01 11:34:59,125 [INFO] ADCParametersView:116 -                Rank 1 : false
2025-07-01 11:34:59,148 [INFO] ADCParametersView:116 -                Rank 1 : false
2025-07-01 11:34:59,179 [INFO] ADCParametersView:116 -                Rank 1 : false
2025-07-01 11:34:59,179 [INFO] ADCParametersView:116 -                Rank 1 : false
2025-07-01 11:34:59,179 [INFO] ADCParametersView:116 -                Rank 1 : false
2025-07-01 11:34:59,179 [INFO] ADCParametersView:116 -                Rank 1 : false
2025-07-01 11:34:59,180 [INFO] ADCParametersView:116 -                Rank 1 : false
2025-07-01 11:34:59,180 [INFO] ADCParametersView:116 -                Rank 1 : false
2025-07-01 11:34:59,180 [INFO] ADCParametersView:116 -                Rank 1 : false
2025-07-01 11:34:59,180 [INFO] ADCParametersView:116 -                Rank 1 : false
2025-07-01 11:34:59,180 [INFO] ADCParametersView:116 -                Rank 1 : false
2025-07-01 11:34:59,180 [INFO] ADCParametersView:116 -                Rank 1 : false
2025-07-01 11:34:59,180 [INFO] ADCParametersView:116 -                Rank 1 : false
2025-07-01 11:34:59,180 [INFO] ADCParametersView:116 -                Rank 1 : false
2025-07-01 11:34:59,180 [INFO] ADCParametersView:116 -                Rank 1 : false
2025-07-01 11:34:59,180 [INFO] ADCParametersView:116 -                Rank 1 : false
2025-07-01 11:34:59,200 [INFO] ADCParametersView:116 -                Rank 1 : false
2025-07-01 11:35:01,248 [INFO] ADCParametersView:116 -                Rank 1 : false
2025-07-01 11:35:01,248 [INFO] ADCParametersView:116 -                Rank 1 : false
2025-07-01 11:35:01,249 [INFO] ADCParametersView:116 -                Rank 1 : false
2025-07-01 11:35:01,249 [INFO] ADCParametersView:116 -                Rank 1 : false
2025-07-01 11:35:01,249 [INFO] ADCParametersView:116 -                Rank 1 : false
2025-07-01 11:35:01,249 [INFO] ADCParametersView:116 -                Rank 1 : false
2025-07-01 11:35:01,249 [INFO] ADCParametersView:116 -                Rank 1 : false
2025-07-01 11:35:01,249 [INFO] ADCParametersView:116 -                Rank 1 : false
2025-07-01 11:35:01,249 [INFO] ADCParametersView:116 -                Rank 1 : false
2025-07-01 11:35:01,249 [INFO] ADCParametersView:116 -                Rank 1 : false
2025-07-01 11:35:01,250 [INFO] ADCParametersView:116 -                Rank 1 : false
2025-07-01 11:35:01,250 [INFO] ADCParametersView:116 -                Rank 1 : false
2025-07-01 11:35:01,250 [INFO] ADCParametersView:116 -                Rank 1 : false
2025-07-01 11:35:01,250 [INFO] ADCParametersView:116 -                Rank 1 : false
2025-07-01 11:35:01,266 [INFO] ADCParametersView:116 -                Rank 1 : false
2025-07-01 11:35:01,296 [INFO] ADCParametersView:116 -                Rank 1 : false
2025-07-01 11:35:01,297 [INFO] ADCParametersView:116 -                Rank 1 : false
2025-07-01 11:35:01,297 [INFO] ADCParametersView:116 -                Rank 1 : false
2025-07-01 11:35:01,297 [INFO] ADCParametersView:116 -                Rank 1 : false
2025-07-01 11:35:01,297 [INFO] ADCParametersView:116 -                Rank 1 : false
2025-07-01 11:35:01,297 [INFO] ADCParametersView:116 -                Rank 1 : false
2025-07-01 11:35:01,297 [INFO] ADCParametersView:116 -                Rank 1 : false
2025-07-01 11:35:01,297 [INFO] ADCParametersView:116 -                Rank 1 : false
2025-07-01 11:35:01,297 [INFO] ADCParametersView:116 -                Rank 1 : false
2025-07-01 11:35:01,297 [INFO] ADCParametersView:116 -                Rank 1 : false
2025-07-01 11:35:01,297 [INFO] ADCParametersView:116 -                Rank 1 : false
2025-07-01 11:35:01,298 [INFO] ADCParametersView:116 -                Rank 1 : false
2025-07-01 11:35:01,298 [INFO] ADCParametersView:116 -                Rank 1 : false
2025-07-01 11:35:01,298 [INFO] ADCParametersView:116 -                Rank 1 : false
2025-07-01 11:35:01,313 [INFO] ADCParametersView:116 -                Rank 1 : false
2025-07-01 11:35:01,412 [INFO] NvicIntPanel:101 - NVIC parent = com.st.microxplorer.plugins.ip.nvic.MultiNvicIntPanel[,0,0,0x0,invalid,layout=javax.swing.BoxLayout,alignmentX=0.0,alignmentY=0.0,border=,flags=9,maximumSize=,minimumSize=,preferredSize=]
2025-07-01 11:35:01,552 [INFO] NvicIntPanel:101 - NVIC parent = com.st.microxplorer.plugins.ip.nvic.MultiNvicIntPanel[,0,0,0x0,invalid,layout=javax.swing.BoxLayout,alignmentX=0.0,alignmentY=0.0,border=,flags=9,maximumSize=,minimumSize=,preferredSize=]
2025-07-01 11:35:01,692 [INFO] NvicIntPanel:101 - NVIC parent = com.st.microxplorer.plugins.ip.nvic.MultiNvicIntPanel[,0,0,0x0,invalid,layout=javax.swing.BoxLayout,alignmentX=0.0,alignmentY=0.0,border=,flags=9,maximumSize=,minimumSize=,preferredSize=]
2025-07-01 11:35:01,768 [INFO] ADCParametersView:116 -                Rank 1 : false
2025-07-01 11:35:01,768 [INFO] ADCParametersView:116 -                Rank 1 : false
2025-07-01 11:35:01,768 [INFO] ADCParametersView:116 -                Rank 1 : false
2025-07-01 11:35:01,768 [INFO] ADCParametersView:116 -                Rank 1 : false
2025-07-01 11:35:01,769 [INFO] ADCParametersView:116 -                Rank 1 : false
2025-07-01 11:35:01,769 [INFO] ADCParametersView:116 -                Rank 1 : false
2025-07-01 11:35:01,769 [INFO] ADCParametersView:116 -                Rank 1 : false
2025-07-01 11:35:01,769 [INFO] ADCParametersView:116 -                Rank 1 : false
2025-07-01 11:35:01,769 [INFO] ADCParametersView:116 -                Rank 1 : false
2025-07-01 11:35:01,769 [INFO] ADCParametersView:116 -                Rank 1 : false
2025-07-01 11:35:01,769 [INFO] ADCParametersView:116 -                Rank 1 : false
2025-07-01 11:35:01,769 [INFO] ADCParametersView:116 -                Rank 1 : false
2025-07-01 11:35:01,769 [INFO] ADCParametersView:116 -                Rank 1 : false
2025-07-01 11:35:01,769 [INFO] ADCParametersView:116 -                Rank 1 : false
2025-07-01 11:35:01,816 [INFO] ADCParametersView:116 -                Rank 1 : false
2025-07-01 11:35:01,861 [INFO] ADCParametersView:116 -                Rank 1 : false
2025-07-01 11:35:01,862 [INFO] ADCParametersView:116 -                Rank 1 : false
2025-07-01 11:35:01,862 [INFO] ADCParametersView:116 -                Rank 1 : false
2025-07-01 11:35:01,862 [INFO] ADCParametersView:116 -                Rank 1 : false
2025-07-01 11:35:01,862 [INFO] ADCParametersView:116 -                Rank 1 : false
2025-07-01 11:35:01,862 [INFO] ADCParametersView:116 -                Rank 1 : false
2025-07-01 11:35:01,862 [INFO] ADCParametersView:116 -                Rank 1 : false
2025-07-01 11:35:01,862 [INFO] ADCParametersView:116 -                Rank 1 : false
2025-07-01 11:35:01,862 [INFO] ADCParametersView:116 -                Rank 1 : false
2025-07-01 11:35:01,863 [INFO] ADCParametersView:116 -                Rank 1 : false
2025-07-01 11:35:01,863 [INFO] ADCParametersView:116 -                Rank 1 : false
2025-07-01 11:35:01,863 [INFO] ADCParametersView:116 -                Rank 1 : false
2025-07-01 11:35:01,863 [INFO] ADCParametersView:116 -                Rank 1 : false
2025-07-01 11:35:01,863 [INFO] ADCParametersView:116 -                Rank 1 : false
2025-07-01 11:35:01,892 [INFO] ADCParametersView:116 -                Rank 1 : false
2025-07-01 11:35:03,763 [INFO] ADCParametersView:116 -                Rank 1 : false
2025-07-01 11:35:03,763 [INFO] ADCParametersView:116 -                Rank 1 : false
2025-07-01 11:35:03,763 [INFO] ADCParametersView:116 -                Rank 1 : false
2025-07-01 11:35:03,763 [INFO] ADCParametersView:116 -                Rank 1 : false
2025-07-01 11:35:03,763 [INFO] ADCParametersView:116 -                Rank 1 : false
2025-07-01 11:35:03,763 [INFO] ADCParametersView:116 -                Rank 1 : false
2025-07-01 11:35:03,763 [INFO] ADCParametersView:116 -                Rank 1 : false
2025-07-01 11:35:03,763 [INFO] ADCParametersView:116 -                Rank 1 : false
2025-07-01 11:35:03,763 [INFO] ADCParametersView:116 -                Rank 1 : false
2025-07-01 11:35:03,763 [INFO] ADCParametersView:116 -                Rank 1 : false
2025-07-01 11:35:03,763 [INFO] ADCParametersView:116 -                Rank 1 : false
2025-07-01 11:35:03,763 [INFO] ADCParametersView:116 -                Rank 1 : false
2025-07-01 11:35:03,763 [INFO] ADCParametersView:116 -                Rank 1 : false
2025-07-01 11:35:03,763 [INFO] ADCParametersView:116 -                Rank 1 : false
2025-07-01 11:35:03,771 [INFO] ADCParametersView:116 -                Rank 1 : false
2025-07-01 11:35:03,785 [INFO] ADCParametersView:116 -                Rank 1 : false
2025-07-01 11:35:03,785 [INFO] ADCParametersView:116 -                Rank 1 : false
2025-07-01 11:35:03,785 [INFO] ADCParametersView:116 -                Rank 1 : false
2025-07-01 11:35:03,785 [INFO] ADCParametersView:116 -                Rank 1 : false
2025-07-01 11:35:03,785 [INFO] ADCParametersView:116 -                Rank 1 : false
2025-07-01 11:35:03,785 [INFO] ADCParametersView:116 -                Rank 1 : false
2025-07-01 11:35:03,785 [INFO] ADCParametersView:116 -                Rank 1 : false
2025-07-01 11:35:03,785 [INFO] ADCParametersView:116 -                Rank 1 : false
2025-07-01 11:35:03,786 [INFO] ADCParametersView:116 -                Rank 1 : false
2025-07-01 11:35:03,786 [INFO] ADCParametersView:116 -                Rank 1 : false
2025-07-01 11:35:03,786 [INFO] ADCParametersView:116 -                Rank 1 : false
2025-07-01 11:35:03,786 [INFO] ADCParametersView:116 -                Rank 1 : false
2025-07-01 11:35:03,786 [INFO] ADCParametersView:116 -                Rank 1 : false
2025-07-01 11:35:03,786 [INFO] ADCParametersView:116 -                Rank 1 : false
2025-07-01 11:35:03,794 [INFO] ADCParametersView:116 -                Rank 1 : false
2025-07-01 11:35:03,852 [INFO] NvicIntPanel:101 - NVIC parent = com.st.microxplorer.plugins.ip.nvic.MultiNvicIntPanel[,0,0,0x0,invalid,layout=javax.swing.BoxLayout,alignmentX=0.0,alignmentY=0.0,border=,flags=9,maximumSize=,minimumSize=,preferredSize=]
2025-07-01 11:35:03,919 [INFO] NvicIntPanel:101 - NVIC parent = com.st.microxplorer.plugins.ip.nvic.MultiNvicIntPanel[,0,0,0x0,invalid,layout=javax.swing.BoxLayout,alignmentX=0.0,alignmentY=0.0,border=,flags=9,maximumSize=,minimumSize=,preferredSize=]
2025-07-01 11:35:03,985 [INFO] NvicIntPanel:101 - NVIC parent = com.st.microxplorer.plugins.ip.nvic.MultiNvicIntPanel[,0,0,0x0,invalid,layout=javax.swing.BoxLayout,alignmentX=0.0,alignmentY=0.0,border=,flags=9,maximumSize=,minimumSize=,preferredSize=]
2025-07-01 11:35:04,027 [INFO] ADCParametersView:116 -                Rank 1 : false
2025-07-01 11:35:04,027 [INFO] ADCParametersView:116 -                Rank 1 : false
2025-07-01 11:35:04,027 [INFO] ADCParametersView:116 -                Rank 1 : false
2025-07-01 11:35:04,027 [INFO] ADCParametersView:116 -                Rank 1 : false
2025-07-01 11:35:04,027 [INFO] ADCParametersView:116 -                Rank 1 : false
2025-07-01 11:35:04,027 [INFO] ADCParametersView:116 -                Rank 1 : false
2025-07-01 11:35:04,027 [INFO] ADCParametersView:116 -                Rank 1 : false
2025-07-01 11:35:04,027 [INFO] ADCParametersView:116 -                Rank 1 : false
2025-07-01 11:35:04,027 [INFO] ADCParametersView:116 -                Rank 1 : false
2025-07-01 11:35:04,027 [INFO] ADCParametersView:116 -                Rank 1 : false
2025-07-01 11:35:04,027 [INFO] ADCParametersView:116 -                Rank 1 : false
2025-07-01 11:35:04,027 [INFO] ADCParametersView:116 -                Rank 1 : false
2025-07-01 11:35:04,027 [INFO] ADCParametersView:116 -                Rank 1 : false
2025-07-01 11:35:04,027 [INFO] ADCParametersView:116 -                Rank 1 : false
2025-07-01 11:35:04,045 [INFO] ADCParametersView:116 -                Rank 1 : false
2025-07-01 11:35:04,090 [INFO] ADCParametersView:116 -                Rank 1 : false
2025-07-01 11:35:04,091 [INFO] ADCParametersView:116 -                Rank 1 : false
2025-07-01 11:35:04,091 [INFO] ADCParametersView:116 -                Rank 1 : false
2025-07-01 11:35:04,091 [INFO] ADCParametersView:116 -                Rank 1 : false
2025-07-01 11:35:04,091 [INFO] ADCParametersView:116 -                Rank 1 : false
2025-07-01 11:35:04,091 [INFO] ADCParametersView:116 -                Rank 1 : false
2025-07-01 11:35:04,091 [INFO] ADCParametersView:116 -                Rank 1 : false
2025-07-01 11:35:04,091 [INFO] ADCParametersView:116 -                Rank 1 : false
2025-07-01 11:35:04,091 [INFO] ADCParametersView:116 -                Rank 1 : false
2025-07-01 11:35:04,092 [INFO] ADCParametersView:116 -                Rank 1 : false
2025-07-01 11:35:04,092 [INFO] ADCParametersView:116 -                Rank 1 : false
2025-07-01 11:35:04,092 [INFO] ADCParametersView:116 -                Rank 1 : false
2025-07-01 11:35:04,092 [INFO] ADCParametersView:116 -                Rank 1 : false
2025-07-01 11:35:04,092 [INFO] ADCParametersView:116 -                Rank 1 : false
2025-07-01 11:35:04,122 [INFO] ADCParametersView:116 -                Rank 1 : false
2025-07-01 11:35:05,626 [INFO] ADCParametersView:116 -                Rank 1 : false
2025-07-01 11:35:05,626 [INFO] ADCParametersView:116 -                Rank 1 : false
2025-07-01 11:35:05,626 [INFO] ADCParametersView:116 -                Rank 1 : false
2025-07-01 11:35:05,626 [INFO] ADCParametersView:116 -                Rank 1 : false
2025-07-01 11:35:05,626 [INFO] ADCParametersView:116 -                Rank 1 : false
2025-07-01 11:35:05,626 [INFO] ADCParametersView:116 -                Rank 1 : false
2025-07-01 11:35:05,626 [INFO] ADCParametersView:116 -                Rank 1 : false
2025-07-01 11:35:05,626 [INFO] ADCParametersView:116 -                Rank 1 : false
2025-07-01 11:35:05,626 [INFO] ADCParametersView:116 -                Rank 1 : false
2025-07-01 11:35:05,627 [INFO] ADCParametersView:116 -                Rank 1 : false
2025-07-01 11:35:05,627 [INFO] ADCParametersView:116 -                Rank 1 : false
2025-07-01 11:35:05,627 [INFO] ADCParametersView:116 -                Rank 1 : false
2025-07-01 11:35:05,627 [INFO] ADCParametersView:116 -                Rank 1 : false
2025-07-01 11:35:05,627 [INFO] ADCParametersView:116 -                Rank 1 : false
2025-07-01 11:35:05,644 [INFO] ADCParametersView:116 -                Rank 1 : false
2025-07-01 11:35:05,667 [INFO] ADCParametersView:116 -                Rank 1 : false
2025-07-01 11:35:05,667 [INFO] ADCParametersView:116 -                Rank 1 : false
2025-07-01 11:35:05,667 [INFO] ADCParametersView:116 -                Rank 1 : false
2025-07-01 11:35:05,667 [INFO] ADCParametersView:116 -                Rank 1 : false
2025-07-01 11:35:05,667 [INFO] ADCParametersView:116 -                Rank 1 : false
2025-07-01 11:35:05,667 [INFO] ADCParametersView:116 -                Rank 1 : false
2025-07-01 11:35:05,667 [INFO] ADCParametersView:116 -                Rank 1 : false
2025-07-01 11:35:05,667 [INFO] ADCParametersView:116 -                Rank 1 : false
2025-07-01 11:35:05,667 [INFO] ADCParametersView:116 -                Rank 1 : false
2025-07-01 11:35:05,667 [INFO] ADCParametersView:116 -                Rank 1 : false
2025-07-01 11:35:05,667 [INFO] ADCParametersView:116 -                Rank 1 : false
2025-07-01 11:35:05,667 [INFO] ADCParametersView:116 -                Rank 1 : false
2025-07-01 11:35:05,667 [INFO] ADCParametersView:116 -                Rank 1 : false
2025-07-01 11:35:05,667 [INFO] ADCParametersView:116 -                Rank 1 : false
2025-07-01 11:35:05,684 [INFO] ADCParametersView:116 -                Rank 1 : false
2025-07-01 11:35:05,757 [INFO] ADCParametersView:116 -                Rank 1 : false
2025-07-01 11:35:05,757 [INFO] ADCParametersView:116 -                Rank 1 : false
2025-07-01 11:35:05,757 [INFO] ADCParametersView:116 -                Rank 1 : false
2025-07-01 11:35:05,757 [INFO] ADCParametersView:116 -                Rank 1 : false
2025-07-01 11:35:05,757 [INFO] ADCParametersView:116 -                Rank 1 : false
2025-07-01 11:35:05,757 [INFO] ADCParametersView:116 -                Rank 1 : false
2025-07-01 11:35:05,757 [INFO] ADCParametersView:116 -                Rank 1 : false
2025-07-01 11:35:05,757 [INFO] ADCParametersView:116 -                Rank 1 : false
2025-07-01 11:35:05,757 [INFO] ADCParametersView:116 -                Rank 1 : false
2025-07-01 11:35:05,757 [INFO] ADCParametersView:116 -                Rank 1 : false
2025-07-01 11:35:05,757 [INFO] ADCParametersView:116 -                Rank 1 : false
2025-07-01 11:35:05,757 [INFO] ADCParametersView:116 -                Rank 1 : false
2025-07-01 11:35:05,757 [INFO] ADCParametersView:116 -                Rank 1 : false
2025-07-01 11:35:05,757 [INFO] ADCParametersView:116 -                Rank 1 : false
2025-07-01 11:35:05,777 [INFO] ADCParametersView:116 -                Rank 1 : false
2025-07-01 11:35:05,806 [INFO] ADCParametersView:116 -                Rank 1 : false
2025-07-01 11:35:05,806 [INFO] ADCParametersView:116 -                Rank 1 : false
2025-07-01 11:35:05,806 [INFO] ADCParametersView:116 -                Rank 1 : false
2025-07-01 11:35:05,807 [INFO] ADCParametersView:116 -                Rank 1 : false
2025-07-01 11:35:05,807 [INFO] ADCParametersView:116 -                Rank 1 : false
2025-07-01 11:35:05,807 [INFO] ADCParametersView:116 -                Rank 1 : false
2025-07-01 11:35:05,807 [INFO] ADCParametersView:116 -                Rank 1 : false
2025-07-01 11:35:05,807 [INFO] ADCParametersView:116 -                Rank 1 : false
2025-07-01 11:35:05,807 [INFO] ADCParametersView:116 -                Rank 1 : false
2025-07-01 11:35:05,807 [INFO] ADCParametersView:116 -                Rank 1 : false
2025-07-01 11:35:05,807 [INFO] ADCParametersView:116 -                Rank 1 : false
2025-07-01 11:35:05,807 [INFO] ADCParametersView:116 -                Rank 1 : false
2025-07-01 11:35:05,807 [INFO] ADCParametersView:116 -                Rank 1 : false
2025-07-01 11:35:05,807 [INFO] ADCParametersView:116 -                Rank 1 : false
2025-07-01 11:35:05,836 [INFO] ADCParametersView:116 -                Rank 1 : false
2025-07-01 11:35:07,124 [INFO] ADCParametersView:116 -                Rank 1 : false
2025-07-01 11:35:07,124 [INFO] ADCParametersView:116 -                Rank 1 : false
2025-07-01 11:35:07,124 [INFO] ADCParametersView:116 -                Rank 1 : false
2025-07-01 11:35:07,124 [INFO] ADCParametersView:116 -                Rank 1 : false
2025-07-01 11:35:07,124 [INFO] ADCParametersView:116 -                Rank 1 : false
2025-07-01 11:35:07,124 [INFO] ADCParametersView:116 -                Rank 1 : false
2025-07-01 11:35:07,124 [INFO] ADCParametersView:116 -                Rank 1 : false
2025-07-01 11:35:07,124 [INFO] ADCParametersView:116 -                Rank 1 : false
2025-07-01 11:35:07,124 [INFO] ADCParametersView:116 -                Rank 1 : false
2025-07-01 11:35:07,124 [INFO] ADCParametersView:116 -                Rank 1 : false
2025-07-01 11:35:07,124 [INFO] ADCParametersView:116 -                Rank 1 : false
2025-07-01 11:35:07,124 [INFO] ADCParametersView:116 -                Rank 1 : false
2025-07-01 11:35:07,124 [INFO] ADCParametersView:116 -                Rank 1 : false
2025-07-01 11:35:07,124 [INFO] ADCParametersView:116 -                Rank 1 : false
2025-07-01 11:35:07,140 [INFO] ADCParametersView:116 -                Rank 1 : false
2025-07-01 11:35:07,160 [INFO] ADCParametersView:116 -                Rank 1 : false
2025-07-01 11:35:07,160 [INFO] ADCParametersView:116 -                Rank 1 : false
2025-07-01 11:35:07,160 [INFO] ADCParametersView:116 -                Rank 1 : false
2025-07-01 11:35:07,160 [INFO] ADCParametersView:116 -                Rank 1 : false
2025-07-01 11:35:07,160 [INFO] ADCParametersView:116 -                Rank 1 : false
2025-07-01 11:35:07,160 [INFO] ADCParametersView:116 -                Rank 1 : false
2025-07-01 11:35:07,160 [INFO] ADCParametersView:116 -                Rank 1 : false
2025-07-01 11:35:07,160 [INFO] ADCParametersView:116 -                Rank 1 : false
2025-07-01 11:35:07,161 [INFO] ADCParametersView:116 -                Rank 1 : false
2025-07-01 11:35:07,161 [INFO] ADCParametersView:116 -                Rank 1 : false
2025-07-01 11:35:07,161 [INFO] ADCParametersView:116 -                Rank 1 : false
2025-07-01 11:35:07,161 [INFO] ADCParametersView:116 -                Rank 1 : false
2025-07-01 11:35:07,161 [INFO] ADCParametersView:116 -                Rank 1 : false
2025-07-01 11:35:07,161 [INFO] ADCParametersView:116 -                Rank 1 : false
2025-07-01 11:35:07,175 [INFO] ADCParametersView:116 -                Rank 1 : false
2025-07-01 11:35:07,245 [INFO] ADCParametersView:116 -                Rank 1 : false
2025-07-01 11:35:07,245 [INFO] ADCParametersView:116 -                Rank 1 : false
2025-07-01 11:35:07,246 [INFO] ADCParametersView:116 -                Rank 1 : false
2025-07-01 11:35:07,246 [INFO] ADCParametersView:116 -                Rank 1 : false
2025-07-01 11:35:07,246 [INFO] ADCParametersView:116 -                Rank 1 : false
2025-07-01 11:35:07,246 [INFO] ADCParametersView:116 -                Rank 1 : false
2025-07-01 11:35:07,246 [INFO] ADCParametersView:116 -                Rank 1 : false
2025-07-01 11:35:07,246 [INFO] ADCParametersView:116 -                Rank 1 : false
2025-07-01 11:35:07,246 [INFO] ADCParametersView:116 -                Rank 1 : false
2025-07-01 11:35:07,246 [INFO] ADCParametersView:116 -                Rank 1 : false
2025-07-01 11:35:07,246 [INFO] ADCParametersView:116 -                Rank 1 : false
2025-07-01 11:35:07,246 [INFO] ADCParametersView:116 -                Rank 1 : false
2025-07-01 11:35:07,246 [INFO] ADCParametersView:116 -                Rank 1 : false
2025-07-01 11:35:07,246 [INFO] ADCParametersView:116 -                Rank 1 : false
2025-07-01 11:35:07,261 [INFO] ADCParametersView:116 -                Rank 1 : false
2025-07-01 11:35:07,283 [INFO] ADCParametersView:116 -                Rank 1 : false
2025-07-01 11:35:07,283 [INFO] ADCParametersView:116 -                Rank 1 : false
2025-07-01 11:35:07,283 [INFO] ADCParametersView:116 -                Rank 1 : false
2025-07-01 11:35:07,283 [INFO] ADCParametersView:116 -                Rank 1 : false
2025-07-01 11:35:07,283 [INFO] ADCParametersView:116 -                Rank 1 : false
2025-07-01 11:35:07,283 [INFO] ADCParametersView:116 -                Rank 1 : false
2025-07-01 11:35:07,283 [INFO] ADCParametersView:116 -                Rank 1 : false
2025-07-01 11:35:07,283 [INFO] ADCParametersView:116 -                Rank 1 : false
2025-07-01 11:35:07,283 [INFO] ADCParametersView:116 -                Rank 1 : false
2025-07-01 11:35:07,283 [INFO] ADCParametersView:116 -                Rank 1 : false
2025-07-01 11:35:07,283 [INFO] ADCParametersView:116 -                Rank 1 : false
2025-07-01 11:35:07,283 [INFO] ADCParametersView:116 -                Rank 1 : false
2025-07-01 11:35:07,283 [INFO] ADCParametersView:116 -                Rank 1 : false
2025-07-01 11:35:07,283 [INFO] ADCParametersView:116 -                Rank 1 : false
2025-07-01 11:35:07,300 [INFO] ADCParametersView:116 -                Rank 1 : false
2025-07-01 11:35:27,564 [INFO] ParamManager:896 - [Generic UI] PropertyChangeEvent: TAB_STATUS_CHANGED , "dont care", "never mind"
2025-07-01 11:35:27,572 [INFO] ADCParametersView:116 -                Rank 1 : false
2025-07-01 11:35:27,572 [INFO] ADCParametersView:116 -                Rank 1 : false
2025-07-01 11:35:27,572 [INFO] ADCParametersView:116 -                Rank 1 : false
2025-07-01 11:35:27,572 [INFO] ADCParametersView:116 -                Rank 1 : false
2025-07-01 11:35:27,572 [INFO] ADCParametersView:116 -                Rank 1 : false
2025-07-01 11:35:27,572 [INFO] ADCParametersView:116 -                Rank 1 : false
2025-07-01 11:35:27,572 [INFO] ADCParametersView:116 -                Rank 1 : false
2025-07-01 11:35:27,572 [INFO] ADCParametersView:116 -                Rank 1 : false
2025-07-01 11:35:27,572 [INFO] ADCParametersView:116 -                Rank 1 : false
2025-07-01 11:35:27,572 [INFO] ADCParametersView:116 -                Rank 1 : false
2025-07-01 11:35:27,572 [INFO] ADCParametersView:116 -                Rank 1 : false
2025-07-01 11:35:27,572 [INFO] ADCParametersView:116 -                Rank 1 : false
2025-07-01 11:35:27,572 [INFO] ADCParametersView:116 -                Rank 1 : false
2025-07-01 11:35:27,572 [INFO] ADCParametersView:116 -                Rank 1 : false
2025-07-01 11:35:27,579 [INFO] ParamManager:896 - [Generic UI] PropertyChangeEvent: TAB_STATUS_CHANGED , "dont care", "never mind"
2025-07-01 11:35:27,587 [INFO] ADCParametersView:116 -                Rank 1 : false
2025-07-01 11:35:27,613 [INFO] ADCParametersView:116 -                Rank 1 : false
2025-07-01 11:35:27,613 [INFO] ADCParametersView:116 -                Rank 1 : false
2025-07-01 11:35:27,613 [INFO] ADCParametersView:116 -                Rank 1 : false
2025-07-01 11:35:27,613 [INFO] ADCParametersView:116 -                Rank 1 : false
2025-07-01 11:35:27,613 [INFO] ADCParametersView:116 -                Rank 1 : false
2025-07-01 11:35:27,614 [INFO] ADCParametersView:116 -                Rank 1 : false
2025-07-01 11:35:27,614 [INFO] ADCParametersView:116 -                Rank 1 : false
2025-07-01 11:35:27,614 [INFO] ADCParametersView:116 -                Rank 1 : false
2025-07-01 11:35:27,614 [INFO] ADCParametersView:116 -                Rank 1 : false
2025-07-01 11:35:27,614 [INFO] ADCParametersView:116 -                Rank 1 : false
2025-07-01 11:35:27,614 [INFO] ADCParametersView:116 -                Rank 1 : false
2025-07-01 11:35:27,614 [INFO] ADCParametersView:116 -                Rank 1 : false
2025-07-01 11:35:27,614 [INFO] ADCParametersView:116 -                Rank 1 : false
2025-07-01 11:35:27,614 [INFO] ADCParametersView:116 -                Rank 1 : false
2025-07-01 11:35:27,623 [INFO] ADCParametersView:116 -                Rank 1 : false
2025-07-01 11:35:27,706 [INFO] NvicIntPanel:101 - NVIC parent = com.st.microxplorer.plugins.ip.nvic.MultiNvicIntPanel[,0,0,0x0,invalid,layout=javax.swing.BoxLayout,alignmentX=0.0,alignmentY=0.0,border=,flags=9,maximumSize=,minimumSize=,preferredSize=]
2025-07-01 11:35:27,783 [INFO] NvicIntPanel:101 - NVIC parent = com.st.microxplorer.plugins.ip.nvic.MultiNvicIntPanel[,0,0,0x0,invalid,layout=javax.swing.BoxLayout,alignmentX=0.0,alignmentY=0.0,border=,flags=9,maximumSize=,minimumSize=,preferredSize=]
2025-07-01 11:35:27,862 [INFO] ADCParametersView:116 -                Rank 1 : false
2025-07-01 11:35:27,863 [INFO] ADCParametersView:116 -                Rank 1 : false
2025-07-01 11:35:27,863 [INFO] ADCParametersView:116 -                Rank 1 : false
2025-07-01 11:35:27,863 [INFO] ADCParametersView:116 -                Rank 1 : false
2025-07-01 11:35:27,863 [INFO] ADCParametersView:116 -                Rank 1 : false
2025-07-01 11:35:27,863 [INFO] ADCParametersView:116 -                Rank 1 : false
2025-07-01 11:35:27,863 [INFO] ADCParametersView:116 -                Rank 1 : false
2025-07-01 11:35:27,863 [INFO] ADCParametersView:116 -                Rank 1 : false
2025-07-01 11:35:27,863 [INFO] ADCParametersView:116 -                Rank 1 : false
2025-07-01 11:35:27,863 [INFO] ADCParametersView:116 -                Rank 1 : false
2025-07-01 11:35:27,863 [INFO] ADCParametersView:116 -                Rank 1 : false
2025-07-01 11:35:27,863 [INFO] ADCParametersView:116 -                Rank 1 : false
2025-07-01 11:35:27,863 [INFO] ADCParametersView:116 -                Rank 1 : false
2025-07-01 11:35:27,863 [INFO] ADCParametersView:116 -                Rank 1 : false
2025-07-01 11:35:27,884 [INFO] ADCParametersView:116 -                Rank 1 : false
2025-07-01 11:35:27,917 [INFO] ADCParametersView:116 -                Rank 1 : false
2025-07-01 11:35:27,917 [INFO] ADCParametersView:116 -                Rank 1 : false
2025-07-01 11:35:27,917 [INFO] ADCParametersView:116 -                Rank 1 : false
2025-07-01 11:35:27,917 [INFO] ADCParametersView:116 -                Rank 1 : false
2025-07-01 11:35:27,917 [INFO] ADCParametersView:116 -                Rank 1 : false
2025-07-01 11:35:27,917 [INFO] ADCParametersView:116 -                Rank 1 : false
2025-07-01 11:35:27,917 [INFO] ADCParametersView:116 -                Rank 1 : false
2025-07-01 11:35:27,918 [INFO] ADCParametersView:116 -                Rank 1 : false
2025-07-01 11:35:27,918 [INFO] ADCParametersView:116 -                Rank 1 : false
2025-07-01 11:35:27,918 [INFO] ADCParametersView:116 -                Rank 1 : false
2025-07-01 11:35:27,918 [INFO] ADCParametersView:116 -                Rank 1 : false
2025-07-01 11:35:27,918 [INFO] ADCParametersView:116 -                Rank 1 : false
2025-07-01 11:35:27,918 [INFO] ADCParametersView:116 -                Rank 1 : false
2025-07-01 11:35:27,918 [INFO] ADCParametersView:116 -                Rank 1 : false
2025-07-01 11:35:27,936 [INFO] ADCParametersView:116 -                Rank 1 : false
2025-07-01 11:35:43,493 [INFO] NvicIntPanel:101 - NVIC parent = com.st.microxplorer.plugins.ip.nvic.MultiNvicIntPanel[,0,0,512x265,layout=javax.swing.BoxLayout,alignmentX=0.0,alignmentY=0.0,border=,flags=9,maximumSize=,minimumSize=,preferredSize=]
2025-07-01 11:36:09,729 [INFO] ADCParametersView:116 -                Rank 1 : false
2025-07-01 11:36:09,729 [INFO] ADCParametersView:116 -                Rank 1 : false
2025-07-01 11:36:09,729 [INFO] ADCParametersView:116 -                Rank 1 : false
2025-07-01 11:36:09,729 [INFO] ADCParametersView:116 -                Rank 1 : false
2025-07-01 11:36:09,730 [INFO] ADCParametersView:116 -                Rank 1 : false
2025-07-01 11:36:09,730 [INFO] ADCParametersView:116 -                Rank 1 : false
2025-07-01 11:36:09,730 [INFO] ADCParametersView:116 -                Rank 1 : false
2025-07-01 11:36:09,730 [INFO] ADCParametersView:116 -                Rank 1 : false
2025-07-01 11:36:09,730 [INFO] ADCParametersView:116 -                Rank 1 : false
2025-07-01 11:36:09,730 [INFO] ADCParametersView:116 -                Rank 1 : false
2025-07-01 11:36:09,730 [INFO] ADCParametersView:116 -                Rank 1 : false
2025-07-01 11:36:09,730 [INFO] ADCParametersView:116 -                Rank 1 : false
2025-07-01 11:36:09,730 [INFO] ADCParametersView:116 -                Rank 1 : false
2025-07-01 11:36:09,730 [INFO] ADCParametersView:116 -                Rank 1 : false
2025-07-01 11:36:09,744 [INFO] ADCParametersView:116 -                Rank 1 : false
2025-07-01 11:36:28,064 [INFO] ADCParametersView:116 -                Rank 1 : false
2025-07-01 11:36:28,064 [INFO] ADCParametersView:116 -                Rank 1 : false
2025-07-01 11:36:28,064 [INFO] ADCParametersView:116 -                Rank 1 : false
2025-07-01 11:36:28,064 [INFO] ADCParametersView:116 -                Rank 1 : false
2025-07-01 11:36:28,065 [INFO] ADCParametersView:116 -                Rank 1 : false
2025-07-01 11:36:28,065 [INFO] ADCParametersView:116 -                Rank 1 : false
2025-07-01 11:36:28,065 [INFO] ADCParametersView:116 -                Rank 1 : false
2025-07-01 11:36:28,065 [INFO] ADCParametersView:116 -                Rank 1 : false
2025-07-01 11:36:28,065 [INFO] ADCParametersView:116 -                Rank 1 : false
2025-07-01 11:36:28,065 [INFO] ADCParametersView:116 -                Rank 1 : false
2025-07-01 11:36:28,065 [INFO] ADCParametersView:116 -                Rank 1 : false
2025-07-01 11:36:28,065 [INFO] ADCParametersView:116 -                Rank 1 : false
2025-07-01 11:36:28,065 [INFO] ADCParametersView:116 -                Rank 1 : false
2025-07-01 11:36:28,065 [INFO] ADCParametersView:116 -                Rank 1 : false
2025-07-01 11:36:28,079 [INFO] ADCParametersView:116 -                Rank 1 : false
2025-07-01 11:36:38,360 [INFO] ADCParametersView:116 -                Rank 1 : false
2025-07-01 11:36:38,361 [INFO] ADCParametersView:116 -                Rank 1 : false
2025-07-01 11:36:38,362 [INFO] ADCParametersView:116 -                Rank 1 : false
2025-07-01 11:36:38,362 [INFO] ADCParametersView:116 -                Rank 1 : false
2025-07-01 11:36:38,362 [INFO] ADCParametersView:116 -                Rank 1 : false
2025-07-01 11:36:38,362 [INFO] ADCParametersView:116 -                Rank 1 : false
2025-07-01 11:36:38,362 [INFO] ADCParametersView:116 -                Rank 1 : false
2025-07-01 11:36:38,362 [INFO] ADCParametersView:116 -                Rank 1 : false
2025-07-01 11:36:38,362 [INFO] ADCParametersView:116 -                Rank 1 : false
2025-07-01 11:36:38,362 [INFO] ADCParametersView:116 -                Rank 1 : false
2025-07-01 11:36:38,362 [INFO] ADCParametersView:116 -                Rank 1 : false
2025-07-01 11:36:38,362 [INFO] ADCParametersView:116 -                Rank 1 : false
2025-07-01 11:36:38,362 [INFO] ADCParametersView:116 -                Rank 1 : false
2025-07-01 11:36:38,362 [INFO] ADCParametersView:116 -                Rank 1 : false
2025-07-01 11:36:38,376 [INFO] ADCParametersView:116 -                Rank 1 : false
2025-07-01 11:36:38,397 [INFO] ADCParametersView:116 -                Rank 1 : false
2025-07-01 11:36:38,397 [INFO] ADCParametersView:116 -                Rank 1 : false
2025-07-01 11:36:38,398 [INFO] ADCParametersView:116 -                Rank 1 : false
2025-07-01 11:36:38,398 [INFO] ADCParametersView:116 -                Rank 1 : false
2025-07-01 11:36:38,398 [INFO] ADCParametersView:116 -                Rank 1 : false
2025-07-01 11:36:38,398 [INFO] ADCParametersView:116 -                Rank 1 : false
2025-07-01 11:36:38,398 [INFO] ADCParametersView:116 -                Rank 1 : false
2025-07-01 11:36:38,398 [INFO] ADCParametersView:116 -                Rank 1 : false
2025-07-01 11:36:38,398 [INFO] ADCParametersView:116 -                Rank 1 : false
2025-07-01 11:36:38,398 [INFO] ADCParametersView:116 -                Rank 1 : false
2025-07-01 11:36:38,398 [INFO] ADCParametersView:116 -                Rank 1 : false
2025-07-01 11:36:38,398 [INFO] ADCParametersView:116 -                Rank 1 : false
2025-07-01 11:36:38,398 [INFO] ADCParametersView:116 -                Rank 1 : false
2025-07-01 11:36:38,398 [INFO] ADCParametersView:116 -                Rank 1 : false
2025-07-01 11:36:38,412 [INFO] ADCParametersView:116 -                Rank 1 : false
2025-07-01 11:36:38,476 [INFO] ADCParametersView:116 -                Rank 1 : false
2025-07-01 11:36:38,477 [INFO] ADCParametersView:116 -                Rank 1 : false
2025-07-01 11:36:38,477 [INFO] ADCParametersView:116 -                Rank 1 : false
2025-07-01 11:36:38,477 [INFO] ADCParametersView:116 -                Rank 1 : false
2025-07-01 11:36:38,477 [INFO] ADCParametersView:116 -                Rank 1 : false
2025-07-01 11:36:38,478 [INFO] ADCParametersView:116 -                Rank 1 : false
2025-07-01 11:36:38,478 [INFO] ADCParametersView:116 -                Rank 1 : false
2025-07-01 11:36:38,478 [INFO] ADCParametersView:116 -                Rank 1 : false
2025-07-01 11:36:38,478 [INFO] ADCParametersView:116 -                Rank 1 : false
2025-07-01 11:36:38,478 [INFO] ADCParametersView:116 -                Rank 1 : false
2025-07-01 11:36:38,478 [INFO] ADCParametersView:116 -                Rank 1 : false
2025-07-01 11:36:38,478 [INFO] ADCParametersView:116 -                Rank 1 : false
2025-07-01 11:36:38,478 [INFO] ADCParametersView:116 -                Rank 1 : false
2025-07-01 11:36:38,478 [INFO] ADCParametersView:116 -                Rank 1 : false
2025-07-01 11:36:38,492 [INFO] ADCParametersView:116 -                Rank 1 : false
2025-07-01 11:36:38,514 [INFO] ADCParametersView:116 -                Rank 1 : false
2025-07-01 11:36:38,515 [INFO] ADCParametersView:116 -                Rank 1 : false
2025-07-01 11:36:38,515 [INFO] ADCParametersView:116 -                Rank 1 : false
2025-07-01 11:36:38,515 [INFO] ADCParametersView:116 -                Rank 1 : false
2025-07-01 11:36:38,515 [INFO] ADCParametersView:116 -                Rank 1 : false
2025-07-01 11:36:38,515 [INFO] ADCParametersView:116 -                Rank 1 : false
2025-07-01 11:36:38,515 [INFO] ADCParametersView:116 -                Rank 1 : false
2025-07-01 11:36:38,515 [INFO] ADCParametersView:116 -                Rank 1 : false
2025-07-01 11:36:38,515 [INFO] ADCParametersView:116 -                Rank 1 : false
2025-07-01 11:36:38,515 [INFO] ADCParametersView:116 -                Rank 1 : false
2025-07-01 11:36:38,515 [INFO] ADCParametersView:116 -                Rank 1 : false
2025-07-01 11:36:38,515 [INFO] ADCParametersView:116 -                Rank 1 : false
2025-07-01 11:36:38,516 [INFO] ADCParametersView:116 -                Rank 1 : false
2025-07-01 11:36:38,516 [INFO] ADCParametersView:116 -                Rank 1 : false
2025-07-01 11:36:38,531 [INFO] ADCParametersView:116 -                Rank 1 : false
2025-07-01 11:36:40,878 [INFO] ADCParametersView:116 -                Rank 1 : false
2025-07-01 11:36:40,880 [INFO] ADCParametersView:116 -                Rank 1 : false
2025-07-01 11:36:40,880 [INFO] ADCParametersView:116 -                Rank 1 : false
2025-07-01 11:36:40,880 [INFO] ADCParametersView:116 -                Rank 1 : false
2025-07-01 11:36:40,880 [INFO] ADCParametersView:116 -                Rank 1 : false
2025-07-01 11:36:40,880 [INFO] ADCParametersView:116 -                Rank 1 : false
2025-07-01 11:36:40,880 [INFO] ADCParametersView:116 -                Rank 1 : false
2025-07-01 11:36:40,880 [INFO] ADCParametersView:116 -                Rank 1 : false
2025-07-01 11:36:40,880 [INFO] ADCParametersView:116 -                Rank 1 : false
2025-07-01 11:36:40,880 [INFO] ADCParametersView:116 -                Rank 1 : false
2025-07-01 11:36:40,880 [INFO] ADCParametersView:116 -                Rank 1 : false
2025-07-01 11:36:40,880 [INFO] ADCParametersView:116 -                Rank 1 : false
2025-07-01 11:36:40,880 [INFO] ADCParametersView:116 -                Rank 1 : false
2025-07-01 11:36:40,880 [INFO] ADCParametersView:116 -                Rank 1 : false
2025-07-01 11:36:40,898 [INFO] ADCParametersView:116 -                Rank 1 : false
2025-07-01 11:36:40,924 [INFO] ADCParametersView:116 -                Rank 1 : false
2025-07-01 11:36:40,925 [INFO] ADCParametersView:116 -                Rank 1 : false
2025-07-01 11:36:40,925 [INFO] ADCParametersView:116 -                Rank 1 : false
2025-07-01 11:36:40,925 [INFO] ADCParametersView:116 -                Rank 1 : false
2025-07-01 11:36:40,925 [INFO] ADCParametersView:116 -                Rank 1 : false
2025-07-01 11:36:40,925 [INFO] ADCParametersView:116 -                Rank 1 : false
2025-07-01 11:36:40,925 [INFO] ADCParametersView:116 -                Rank 1 : false
2025-07-01 11:36:40,925 [INFO] ADCParametersView:116 -                Rank 1 : false
2025-07-01 11:36:40,925 [INFO] ADCParametersView:116 -                Rank 1 : false
2025-07-01 11:36:40,926 [INFO] ADCParametersView:116 -                Rank 1 : false
2025-07-01 11:36:40,926 [INFO] ADCParametersView:116 -                Rank 1 : false
2025-07-01 11:36:40,926 [INFO] ADCParametersView:116 -                Rank 1 : false
2025-07-01 11:36:40,926 [INFO] ADCParametersView:116 -                Rank 1 : false
2025-07-01 11:36:40,926 [INFO] ADCParametersView:116 -                Rank 1 : false
2025-07-01 11:36:40,945 [INFO] ADCParametersView:116 -                Rank 1 : false
2025-07-01 11:36:41,046 [INFO] ADCParametersView:116 -                Rank 1 : false
2025-07-01 11:36:41,047 [INFO] ADCParametersView:116 -                Rank 1 : false
2025-07-01 11:36:41,047 [INFO] ADCParametersView:116 -                Rank 1 : false
2025-07-01 11:36:41,048 [INFO] ADCParametersView:116 -                Rank 1 : false
2025-07-01 11:36:41,048 [INFO] ADCParametersView:116 -                Rank 1 : false
2025-07-01 11:36:41,048 [INFO] ADCParametersView:116 -                Rank 1 : false
2025-07-01 11:36:41,048 [INFO] ADCParametersView:116 -                Rank 1 : false
2025-07-01 11:36:41,048 [INFO] ADCParametersView:116 -                Rank 1 : false
2025-07-01 11:36:41,048 [INFO] ADCParametersView:116 -                Rank 1 : false
2025-07-01 11:36:41,048 [INFO] ADCParametersView:116 -                Rank 1 : false
2025-07-01 11:36:41,048 [INFO] ADCParametersView:116 -                Rank 1 : false
2025-07-01 11:36:41,048 [INFO] ADCParametersView:116 -                Rank 1 : false
2025-07-01 11:36:41,048 [INFO] ADCParametersView:116 -                Rank 1 : false
2025-07-01 11:36:41,048 [INFO] ADCParametersView:116 -                Rank 1 : false
2025-07-01 11:36:41,066 [INFO] ADCParametersView:116 -                Rank 1 : false
2025-07-01 11:36:41,090 [INFO] ADCParametersView:116 -                Rank 1 : false
2025-07-01 11:36:41,091 [INFO] ADCParametersView:116 -                Rank 1 : false
2025-07-01 11:36:41,091 [INFO] ADCParametersView:116 -                Rank 1 : false
2025-07-01 11:36:41,091 [INFO] ADCParametersView:116 -                Rank 1 : false
2025-07-01 11:36:41,091 [INFO] ADCParametersView:116 -                Rank 1 : false
2025-07-01 11:36:41,091 [INFO] ADCParametersView:116 -                Rank 1 : false
2025-07-01 11:36:41,092 [INFO] ADCParametersView:116 -                Rank 1 : false
2025-07-01 11:36:41,092 [INFO] ADCParametersView:116 -                Rank 1 : false
2025-07-01 11:36:41,092 [INFO] ADCParametersView:116 -                Rank 1 : false
2025-07-01 11:36:41,092 [INFO] ADCParametersView:116 -                Rank 1 : false
2025-07-01 11:36:41,092 [INFO] ADCParametersView:116 -                Rank 1 : false
2025-07-01 11:36:41,092 [INFO] ADCParametersView:116 -                Rank 1 : false
2025-07-01 11:36:41,092 [INFO] ADCParametersView:116 -                Rank 1 : false
2025-07-01 11:36:41,092 [INFO] ADCParametersView:116 -                Rank 1 : false
2025-07-01 11:36:41,108 [INFO] ADCParametersView:116 -                Rank 1 : false
2025-07-01 11:36:45,046 [INFO] ParamManager:896 - [Generic UI] PropertyChangeEvent: TAB_STATUS_CHANGED , "dont care", "never mind"
2025-07-01 11:36:45,054 [INFO] ADCParametersView:116 -                Rank 1 : false
2025-07-01 11:36:45,056 [INFO] ADCParametersView:116 -                Rank 1 : false
2025-07-01 11:36:45,056 [INFO] ADCParametersView:116 -                Rank 1 : false
2025-07-01 11:36:45,056 [INFO] ADCParametersView:116 -                Rank 1 : false
2025-07-01 11:36:45,056 [INFO] ADCParametersView:116 -                Rank 1 : false
2025-07-01 11:36:45,056 [INFO] ADCParametersView:116 -                Rank 1 : false
2025-07-01 11:36:45,056 [INFO] ADCParametersView:116 -                Rank 1 : false
2025-07-01 11:36:45,056 [INFO] ADCParametersView:116 -                Rank 1 : false
2025-07-01 11:36:45,056 [INFO] ADCParametersView:116 -                Rank 1 : false
2025-07-01 11:36:45,056 [INFO] ADCParametersView:116 -                Rank 1 : false
2025-07-01 11:36:45,056 [INFO] ADCParametersView:116 -                Rank 1 : false
2025-07-01 11:36:45,056 [INFO] ADCParametersView:116 -                Rank 1 : false
2025-07-01 11:36:45,056 [INFO] ADCParametersView:116 -                Rank 1 : false
2025-07-01 11:36:45,056 [INFO] ADCParametersView:116 -                Rank 1 : false
2025-07-01 11:36:45,062 [INFO] ParamManager:896 - [Generic UI] PropertyChangeEvent: TAB_STATUS_CHANGED , "dont care", "never mind"
2025-07-01 11:36:45,069 [INFO] ADCParametersView:116 -                Rank 1 : false
2025-07-01 11:36:45,088 [INFO] ADCParametersView:116 -                Rank 1 : false
2025-07-01 11:36:45,089 [INFO] ADCParametersView:116 -                Rank 1 : false
2025-07-01 11:36:45,089 [INFO] ADCParametersView:116 -                Rank 1 : false
2025-07-01 11:36:45,089 [INFO] ADCParametersView:116 -                Rank 1 : false
2025-07-01 11:36:45,089 [INFO] ADCParametersView:116 -                Rank 1 : false
2025-07-01 11:36:45,089 [INFO] ADCParametersView:116 -                Rank 1 : false
2025-07-01 11:36:45,089 [INFO] ADCParametersView:116 -                Rank 1 : false
2025-07-01 11:36:45,089 [INFO] ADCParametersView:116 -                Rank 1 : false
2025-07-01 11:36:45,089 [INFO] ADCParametersView:116 -                Rank 1 : false
2025-07-01 11:36:45,089 [INFO] ADCParametersView:116 -                Rank 1 : false
2025-07-01 11:36:45,089 [INFO] ADCParametersView:116 -                Rank 1 : false
2025-07-01 11:36:45,089 [INFO] ADCParametersView:116 -                Rank 1 : false
2025-07-01 11:36:45,089 [INFO] ADCParametersView:116 -                Rank 1 : false
2025-07-01 11:36:45,089 [INFO] ADCParametersView:116 -                Rank 1 : false
2025-07-01 11:36:45,097 [INFO] ADCParametersView:116 -                Rank 1 : false
2025-07-01 11:36:45,170 [INFO] NvicIntPanel:101 - NVIC parent = com.st.microxplorer.plugins.ip.nvic.MultiNvicIntPanel[,0,0,0x0,invalid,layout=javax.swing.BoxLayout,alignmentX=0.0,alignmentY=0.0,border=,flags=9,maximumSize=,minimumSize=,preferredSize=]
2025-07-01 11:36:45,247 [INFO] NvicIntPanel:101 - NVIC parent = com.st.microxplorer.plugins.ip.nvic.MultiNvicIntPanel[,0,0,0x0,invalid,layout=javax.swing.BoxLayout,alignmentX=0.0,alignmentY=0.0,border=,flags=9,maximumSize=,minimumSize=,preferredSize=]
2025-07-01 11:36:45,298 [INFO] ADCParametersView:116 -                Rank 1 : false
2025-07-01 11:36:45,299 [INFO] ADCParametersView:116 -                Rank 1 : false
2025-07-01 11:36:45,299 [INFO] ADCParametersView:116 -                Rank 1 : false
2025-07-01 11:36:45,299 [INFO] ADCParametersView:116 -                Rank 1 : false
2025-07-01 11:36:45,299 [INFO] ADCParametersView:116 -                Rank 1 : false
2025-07-01 11:36:45,299 [INFO] ADCParametersView:116 -                Rank 1 : false
2025-07-01 11:36:45,299 [INFO] ADCParametersView:116 -                Rank 1 : false
2025-07-01 11:36:45,299 [INFO] ADCParametersView:116 -                Rank 1 : false
2025-07-01 11:36:45,299 [INFO] ADCParametersView:116 -                Rank 1 : false
2025-07-01 11:36:45,299 [INFO] ADCParametersView:116 -                Rank 1 : false
2025-07-01 11:36:45,299 [INFO] ADCParametersView:116 -                Rank 1 : false
2025-07-01 11:36:45,299 [INFO] ADCParametersView:116 -                Rank 1 : false
2025-07-01 11:36:45,299 [INFO] ADCParametersView:116 -                Rank 1 : false
2025-07-01 11:36:45,299 [INFO] ADCParametersView:116 -                Rank 1 : false
2025-07-01 11:36:45,315 [INFO] ADCParametersView:116 -                Rank 1 : false
2025-07-01 11:36:45,336 [INFO] ADCParametersView:116 -                Rank 1 : false
2025-07-01 11:36:45,337 [INFO] ADCParametersView:116 -                Rank 1 : false
2025-07-01 11:36:45,337 [INFO] ADCParametersView:116 -                Rank 1 : false
2025-07-01 11:36:45,337 [INFO] ADCParametersView:116 -                Rank 1 : false
2025-07-01 11:36:45,337 [INFO] ADCParametersView:116 -                Rank 1 : false
2025-07-01 11:36:45,337 [INFO] ADCParametersView:116 -                Rank 1 : false
2025-07-01 11:36:45,337 [INFO] ADCParametersView:116 -                Rank 1 : false
2025-07-01 11:36:45,337 [INFO] ADCParametersView:116 -                Rank 1 : false
2025-07-01 11:36:45,337 [INFO] ADCParametersView:116 -                Rank 1 : false
2025-07-01 11:36:45,337 [INFO] ADCParametersView:116 -                Rank 1 : false
2025-07-01 11:36:45,337 [INFO] ADCParametersView:116 -                Rank 1 : false
2025-07-01 11:36:45,337 [INFO] ADCParametersView:116 -                Rank 1 : false
2025-07-01 11:36:45,337 [INFO] ADCParametersView:116 -                Rank 1 : false
2025-07-01 11:36:45,337 [INFO] ADCParametersView:116 -                Rank 1 : false
2025-07-01 11:36:45,354 [INFO] ADCParametersView:116 -                Rank 1 : false
2025-07-01 11:38:55,842 [INFO] SpinnerEditorADC:65 - is string kkkk
2025-07-01 11:39:06,081 [INFO] ADCParametersView:116 -                Rank 1 : false
2025-07-01 11:39:06,084 [INFO] ADCParametersView:116 -                Rank 1 : false
2025-07-01 11:39:06,084 [INFO] ADCParametersView:116 -                Rank 1 : false
2025-07-01 11:39:06,084 [INFO] ADCParametersView:116 -                Rank 1 : false
2025-07-01 11:39:06,084 [INFO] ADCParametersView:116 -                Rank 1 : false
2025-07-01 11:39:06,084 [INFO] ADCParametersView:116 -                Rank 1 : false
2025-07-01 11:39:06,084 [INFO] ADCParametersView:116 -                Rank 1 : false
2025-07-01 11:39:06,084 [INFO] ADCParametersView:116 -                Rank 1 : false
2025-07-01 11:39:06,084 [INFO] ADCParametersView:116 -                Rank 1 : false
2025-07-01 11:39:06,084 [INFO] ADCParametersView:116 -                Rank 1 : false
2025-07-01 11:39:06,084 [INFO] ADCParametersView:116 -                Rank 1 : false
2025-07-01 11:39:06,084 [INFO] ADCParametersView:116 -                Rank 1 : false
2025-07-01 11:39:06,084 [INFO] ADCParametersView:116 -                Rank 1 : false
2025-07-01 11:39:06,084 [INFO] ADCParametersView:116 -                Rank 1 : false
2025-07-01 11:39:06,091 [INFO] ADCParametersView:116 -                Rank 1 : false
2025-07-01 11:39:06,104 [INFO] ADCParametersView:116 -                Rank 1 : false
2025-07-01 11:39:06,105 [INFO] ADCParametersView:116 -                Rank 1 : false
2025-07-01 11:39:06,105 [INFO] ADCParametersView:116 -                Rank 1 : false
2025-07-01 11:39:06,105 [INFO] ADCParametersView:116 -                Rank 1 : false
2025-07-01 11:39:06,105 [INFO] ADCParametersView:116 -                Rank 1 : false
2025-07-01 11:39:06,105 [INFO] ADCParametersView:116 -                Rank 1 : false
2025-07-01 11:39:06,106 [INFO] ADCParametersView:116 -                Rank 1 : false
2025-07-01 11:39:06,106 [INFO] ADCParametersView:116 -                Rank 1 : false
2025-07-01 11:39:06,106 [INFO] ADCParametersView:116 -                Rank 1 : false
2025-07-01 11:39:06,106 [INFO] ADCParametersView:116 -                Rank 1 : false
2025-07-01 11:39:06,106 [INFO] ADCParametersView:116 -                Rank 1 : false
2025-07-01 11:39:06,106 [INFO] ADCParametersView:116 -                Rank 1 : false
2025-07-01 11:39:06,106 [INFO] ADCParametersView:116 -                Rank 1 : false
2025-07-01 11:39:06,106 [INFO] ADCParametersView:116 -                Rank 1 : false
2025-07-01 11:39:06,116 [INFO] ADCParametersView:116 -                Rank 1 : false
2025-07-01 11:39:06,142 [INFO] ADCParametersView:116 -                Rank 1 : false
2025-07-01 11:39:06,143 [INFO] ADCParametersView:116 -                Rank 1 : false
2025-07-01 11:39:06,143 [INFO] ADCParametersView:116 -                Rank 1 : false
2025-07-01 11:39:06,143 [INFO] ADCParametersView:116 -                Rank 1 : false
2025-07-01 11:39:06,143 [INFO] ADCParametersView:116 -                Rank 1 : false
2025-07-01 11:39:06,143 [INFO] ADCParametersView:116 -                Rank 1 : false
2025-07-01 11:39:06,143 [INFO] ADCParametersView:116 -                Rank 1 : false
2025-07-01 11:39:06,143 [INFO] ADCParametersView:116 -                Rank 1 : false
2025-07-01 11:39:06,143 [INFO] ADCParametersView:116 -                Rank 1 : false
2025-07-01 11:39:06,143 [INFO] ADCParametersView:116 -                Rank 1 : false
2025-07-01 11:39:06,143 [INFO] ADCParametersView:116 -                Rank 1 : false
2025-07-01 11:39:06,143 [INFO] ADCParametersView:116 -                Rank 1 : false
2025-07-01 11:39:06,143 [INFO] ADCParametersView:116 -                Rank 1 : false
2025-07-01 11:39:06,143 [INFO] ADCParametersView:116 -                Rank 1 : false
2025-07-01 11:39:06,156 [INFO] ADCParametersView:116 -                Rank 1 : false
2025-07-01 11:39:23,595 [INFO] ADCParametersView:116 -                Rank 1 : true
2025-07-01 11:41:08,557 [INFO] SpinnerEditorADC:65 - is string kkkk
2025-07-01 11:41:09,605 [INFO] NvicIntPanel:101 - NVIC parent = com.st.microxplorer.plugins.ip.nvic.MultiNvicIntPanel[,0,0,0x0,invalid,layout=javax.swing.BoxLayout,alignmentX=0.0,alignmentY=0.0,border=,flags=9,maximumSize=,minimumSize=,preferredSize=]
2025-07-01 11:41:09,633 [INFO] ADCParametersView:116 -                Rank 1 : true
2025-07-01 11:41:09,634 [INFO] ADCParametersView:116 -                Rank 1 : true
2025-07-01 11:41:09,634 [INFO] ADCParametersView:116 -                Rank 1 : true
2025-07-01 11:41:09,634 [INFO] ADCParametersView:116 -                Rank 1 : true
2025-07-01 11:41:09,634 [INFO] ADCParametersView:116 -                Rank 1 : true
2025-07-01 11:41:09,634 [INFO] ADCParametersView:116 -                Rank 1 : true
2025-07-01 11:41:09,634 [INFO] ADCParametersView:116 -                Rank 1 : true
2025-07-01 11:41:09,634 [INFO] ADCParametersView:116 -                Rank 1 : true
2025-07-01 11:41:09,634 [INFO] ADCParametersView:116 -                Rank 1 : true
2025-07-01 11:41:09,634 [INFO] ADCParametersView:116 -                Rank 1 : true
2025-07-01 11:41:09,634 [INFO] ADCParametersView:116 -                Rank 1 : true
2025-07-01 11:41:09,634 [INFO] ADCParametersView:116 -                Rank 1 : true
2025-07-01 11:41:09,634 [INFO] ADCParametersView:116 -                Rank 1 : true
2025-07-01 11:41:09,634 [INFO] ADCParametersView:116 -                Rank 1 : true
2025-07-01 11:41:09,648 [INFO] ADCParametersView:116 -                Rank 1 : true
2025-07-01 11:42:18,310 [INFO] UtilMem:75 - End SaveConfig() Used Memory: 830954192 Bytes (1073741824)
2025-07-01 11:42:20,745 [INFO] UtilMem:75 - End SaveConfig() Used Memory: 915708672 Bytes (1073741824)
2025-07-01 11:42:21,295 [INFO] BlockDiagram:2775 - set Specific Code input for plugin: NVIC
2025-07-01 11:42:21,295 [INFO] BlockDiagram:2775 - set Specific Code input for plugin: USART
2025-07-01 11:42:21,295 [INFO] BlockDiagram:2775 - set Specific Code input for plugin: SYS
2025-07-01 11:42:21,296 [INFO] BlockDiagram:2775 - set Specific Code input for plugin: GPIO
2025-07-01 11:42:21,296 [INFO] BlockDiagram:2775 - set Specific Code input for plugin: ADC
2025-07-01 11:42:21,296 [INFO] BlockDiagram:2775 - set Specific Code input for plugin: RCC
2025-07-01 11:42:21,296 [INFO] CodeGenerator:882 - code generatio: config db path: /opt/st/stm32cubeide_1.18.1/plugins/com.st.stm32cube.common.mx_6.14.1.202504091515//db/
2025-07-01 11:42:21,485 [INFO] CodeEngine:263 - oldGeneratedFile, /home/psh/workspace_semicon/ARM/12_ADC/MXTmpFiles/license.tmp_save
2025-07-01 11:42:21,989 [INFO] CodeEngine:287 - Generated code: /home/psh/workspace_semicon/ARM/12_ADC/MXTmpFiles/license.tmp
2025-07-01 11:42:22,102 [INFO] CodeEngine:263 - oldGeneratedFile, /home/psh/workspace_semicon/ARM/12_ADC/Core/Src/gpio.c_save
2025-07-01 11:42:22,339 [INFO] CodeEngine:287 - Generated code: /home/psh/workspace_semicon/ARM/12_ADC/Core/Src/gpio.c
2025-07-01 11:42:22,341 [INFO] CodeEngine:263 - oldGeneratedFile, /home/psh/workspace_semicon/ARM/12_ADC/Core/Inc/gpio.h_save
2025-07-01 11:42:22,536 [INFO] CodeEngine:287 - Generated code: /home/psh/workspace_semicon/ARM/12_ADC/Core/Inc/gpio.h
2025-07-01 11:42:22,705 [INFO] CodeEngine:263 - oldGeneratedFile, /home/psh/workspace_semicon/ARM/12_ADC/Core/Src/adc.c_save
2025-07-01 11:42:23,098 [INFO] CodeEngine:287 - Generated code: /home/psh/workspace_semicon/ARM/12_ADC/Core/Src/adc.c
2025-07-01 11:42:23,101 [INFO] CodeEngine:263 - oldGeneratedFile, /home/psh/workspace_semicon/ARM/12_ADC/Core/Inc/adc.h_save
2025-07-01 11:42:23,315 [INFO] CodeEngine:287 - Generated code: /home/psh/workspace_semicon/ARM/12_ADC/Core/Inc/adc.h
2025-07-01 11:42:23,321 [INFO] CodeEngine:263 - oldGeneratedFile, /home/psh/workspace_semicon/ARM/12_ADC/Core/Src/usart.c_save
2025-07-01 11:42:23,593 [INFO] CodeEngine:287 - Generated code: /home/psh/workspace_semicon/ARM/12_ADC/Core/Src/usart.c
2025-07-01 11:42:23,595 [INFO] CodeEngine:263 - oldGeneratedFile, /home/psh/workspace_semicon/ARM/12_ADC/Core/Inc/usart.h_save
2025-07-01 11:42:23,747 [INFO] CodeEngine:287 - Generated code: /home/psh/workspace_semicon/ARM/12_ADC/Core/Inc/usart.h
2025-07-01 11:42:23,755 [INFO] CodeEngine:263 - oldGeneratedFile, /home/psh/workspace_semicon/ARM/12_ADC/Core/Src/stm32f4xx_it.c_save
2025-07-01 11:42:24,164 [INFO] CodeEngine:287 - Generated code: /home/psh/workspace_semicon/ARM/12_ADC/Core/Src/stm32f4xx_it.c
2025-07-01 11:42:24,166 [INFO] CodeEngine:263 - oldGeneratedFile, /home/psh/workspace_semicon/ARM/12_ADC/Core/Inc/stm32f4xx_it.h_save
2025-07-01 11:42:24,307 [INFO] CodeEngine:287 - Generated code: /home/psh/workspace_semicon/ARM/12_ADC/Core/Inc/stm32f4xx_it.h
2025-07-01 11:42:24,316 [INFO] CodeEngine:263 - oldGeneratedFile, /home/psh/workspace_semicon/ARM/12_ADC/Core/Src/stm32f4xx_hal_msp.c_save
2025-07-01 11:42:24,508 [INFO] CodeEngine:287 - Generated code: /home/psh/workspace_semicon/ARM/12_ADC/Core/Src/stm32f4xx_hal_msp.c
2025-07-01 11:42:24,511 [INFO] CodeEngine:263 - oldGeneratedFile, /home/psh/workspace_semicon/ARM/12_ADC/MXTmpFiles/system.tmp_save
2025-07-01 11:42:24,633 [INFO] CodeEngine:287 - Generated code: /home/psh/workspace_semicon/ARM/12_ADC/MXTmpFiles/system.tmp
2025-07-01 11:42:24,637 [INFO] CodeEngine:319 - oldGeneratedFile, /home/psh/workspace_semicon/ARM/12_ADC/Core/Inc/stm32f4xx_hal_conf.h_save
2025-07-01 11:42:24,750 [INFO] CodeEngine:343 - Generated code: /home/psh/workspace_semicon/ARM/12_ADC/Core/Inc/stm32f4xx_hal_conf.h
2025-07-01 11:42:24,791 [INFO] ApiDbMcu:508 - Load IP Config File for ADC1
2025-07-01 11:42:24,797 [INFO] ApiDbMcu:508 - Load IP Config File for USART2
2025-07-01 11:42:24,804 [INFO] CodeEngine:263 - oldGeneratedFile, /home/psh/workspace_semicon/ARM/12_ADC/Core/Inc/main.h_save
2025-07-01 11:42:25,008 [INFO] CodeEngine:287 - Generated code: /home/psh/workspace_semicon/ARM/12_ADC/Core/Inc/main.h
2025-07-01 11:42:25,010 [INFO] CodeEngine:263 - oldGeneratedFile, /home/psh/workspace_semicon/ARM/12_ADC/Core/Src/main.c_save
2025-07-01 11:42:25,149 [INFO] CodeEngine:287 - Generated code: /home/psh/workspace_semicon/ARM/12_ADC/Core/Src/main.c
2025-07-01 11:42:25,675 [INFO] ProjectBuilder:3324 - Time for Copy HAL[1] : 51mS.
2025-07-01 11:42:25,678 [INFO] ProjectBuilder:4912 - Project Generator version: 4.6.0.1-B1
2025-07-01 11:42:25,907 [INFO] ConfigFileManager:1590 - The Die is : DIE431
2025-07-01 11:42:27,644 [INFO] ProjectBuilder:5191 - Time for Generating toolchain IDE Files: 1966mS.
2025-07-01 11:42:27,644 [INFO] ProjectBuilder:3181 - Time for Copy CMSIS : 0mS.
2025-07-01 11:42:27,645 [INFO] ProjectBuilder:3181 - Time for Copy CMSIS : 0mS.
2025-07-01 12:05:16,275 [INFO] MainUpdater:2872 - connection check result : 10
2025-07-01 12:05:16,391 [INFO] McuFinderGlobals:76 - Set McuFinderConnectedMode to true
2025-07-01 12:05:16,392 [INFO] MultiScanPanel:200 - Auto-refresh data requested => check proxy status ongoing
2025-07-01 12:05:16,393 [INFO] FinderPluginLoader:95 - Searching for filters in installed packs
2025-07-01 12:05:19,382 [INFO] LoadUrlFilesThread:185 - End of LoadServerUrlFiles without Thread
2025-07-01 12:05:19,383 [INFO] DetailPanel:341 - Set advertising image to /home/psh/STM32Cube/Repository//en.cubemxfinderstm32wba6.jpg
2025-07-01 12:05:39,369 [INFO] MainUpdater:2872 - connection check result : 10
2025-07-01 12:05:39,369 [INFO] MainUpdater:2872 - connection check result : 10
2025-07-01 12:05:39,431 [INFO] MicroXplorer:468 - Change Database Path : 
2025-07-01 12:05:39,431 [INFO] MicroXplorer:498 - Change Database Version : DB.6.0.141
2025-07-01 12:05:39,470 [ERROR] ProjectManagerView:395 - 
java.lang.NullPointerException: Cannot invoke "javax.swing.JTextField.getText()" because the return value of "java.util.List.get(int)" is null
	at com.st.microxplorer.plugins.projectmanager.gui.ProjectChoiceTab$9.caretUpdate(ProjectChoiceTab.java:2678) ~[filemanager.jar:?]
	at javax.swing.text.JTextComponent.fireCaretUpdate(JTextComponent.java:408) ~[?:?]
	at javax.swing.text.JTextComponent$MutableCaretEvent.fire(JTextComponent.java:4484) ~[?:?]
	at javax.swing.text.JTextComponent$MutableCaretEvent.stateChanged(JTextComponent.java:4506) ~[?:?]
	at javax.swing.text.DefaultCaret.fireStateChanged(DefaultCaret.java:857) ~[?:?]
	at javax.swing.text.DefaultCaret.changeCaretPosition(DefaultCaret.java:1343) ~[?:?]
	at javax.swing.text.DefaultCaret.handleSetDot(DefaultCaret.java:1242) ~[?:?]
	at javax.swing.text.DefaultCaret.setDot(DefaultCaret.java:1223) ~[?:?]
	at javax.swing.text.DefaultCaret$Handler.insertUpdate(DefaultCaret.java:1819) ~[?:?]
	at javax.swing.text.AbstractDocument.fireInsertUpdate(AbstractDocument.java:227) ~[?:?]
	at javax.swing.text.AbstractDocument.handleInsertString(AbstractDocument.java:781) ~[?:?]
	at javax.swing.text.AbstractDocument.insertString(AbstractDocument.java:740) ~[?:?]
	at javax.swing.text.PlainDocument.insertString(PlainDocument.java:131) ~[?:?]
	at javax.swing.text.AbstractDocument.replace(AbstractDocument.java:699) ~[?:?]
	at javax.swing.text.JTextComponent.setText(JTextComponent.java:1725) ~[?:?]
	at com.st.microxplorer.plugins.projectmanager.gui.ProjectChoiceTab.createHeapStackFields(ProjectChoiceTab.java:979) ~[filemanager.jar:?]
	at com.st.microxplorer.plugins.projectmanager.gui.ProjectChoiceTab.buildLinkSettingsPanel(ProjectChoiceTab.java:3766) ~[filemanager.jar:?]
	at com.st.microxplorer.plugins.projectmanager.gui.ProjectChoiceTab.defineWindowsFields(ProjectChoiceTab.java:1962) ~[filemanager.jar:?]
	at com.st.microxplorer.plugins.projectmanager.gui.ProjectChoiceTab.updateSettings(ProjectChoiceTab.java:555) ~[filemanager.jar:?]
	at com.st.microxplorer.plugins.projectmanager.gui.ProjectSettingsPanel.UpdateDialog(ProjectSettingsPanel.java:245) ~[filemanager.jar:?]
	at com.st.microxplorer.plugins.projectmanager.ProjectManagerView.propertyChange(ProjectManagerView.java:392) ~[filemanager.jar:?]
	at java.beans.PropertyChangeSupport.fire(PropertyChangeSupport.java:343) ~[?:?]
	at java.beans.PropertyChangeSupport.firePropertyChange(PropertyChangeSupport.java:335) ~[?:?]
	at java.beans.PropertyChangeSupport.firePropertyChange(PropertyChangeSupport.java:268) ~[?:?]
	at com.st.microxplorer.util.MXPropertyChangeSupport.firePropertyChange(MXPropertyChangeSupport.java:54) ~[STM32CubeMX.jar:?]
	at com.st.microxplorer.mxsystem.MxSystem.closeConfig(MxSystem.java:899) ~[STM32CubeMX.jar:?]
	at com.st.microxplorer.maingui.MainPanel.closeConfig(MainPanel.java:789) ~[STM32CubeMX.jar:?]
	at com.st.microxplorer.plugins.filemanager.engine.OpenFileManager.loadConfigurationFile(OpenFileManager.java:287) ~[filemanager.jar:?]
	at com.st.microxplorer.plugins.filemanager.engine.MainFileManager.userLoadConfig(MainFileManager.java:341) ~[filemanager.jar:?]
	at com.st.microxplorer.plugins.filemanager.engine.MainFileManager.userLoadConfig(MainFileManager.java:319) ~[filemanager.jar:?]
	at com.st.microxplorer.plugins.filemanager.FileManagerView.getSpecificTask(FileManagerView.java:246) ~[filemanager.jar:?]
	at com.st.stm32cube.common.mx.editor.CubeMxEditor.getMxTabbedPaneInstance(CubeMxEditor.java:1198) ~[com.st.stm32cube.common.mx_6.14.1.202504091515/:?]
	at com.st.stm32cube.common.mx.editor.CubeMxEditor$12$1.createSwingComponent(CubeMxEditor.java:1068) ~[com.st.stm32cube.common.mx_6.14.1.202504091515/:?]
	at com.st.stm32cube.common.mx.oss.core.awtswtbridge.EmbeddedSwingComposite.doComponentCreation(EmbeddedSwingComposite.java:492) ~[com.st.stm32cube.common.mx.oss_6.14.1.202504091515/:?]
	at com.st.stm32cube.common.mx.oss.core.awtswtbridge.EmbeddedSwingComposite$4.run(EmbeddedSwingComposite.java:291) ~[com.st.stm32cube.common.mx.oss_6.14.1.202504091515/:?]
	at com.st.stm32cube.common.mx.oss.core.awtswtbridge.AwtEnvironment$2.run(AwtEnvironment.java:166) ~[com.st.stm32cube.common.mx.oss_6.14.1.202504091515/:?]
	at java.awt.event.InvocationEvent.dispatch(InvocationEvent.java:318) ~[?:?]
	at java.awt.EventQueue.dispatchEventImpl(EventQueue.java:773) ~[?:?]
	at java.awt.EventQueue$4.run(EventQueue.java:720) ~[?:?]
	at java.awt.EventQueue$4.run(EventQueue.java:714) ~[?:?]
	at java.security.AccessController.doPrivileged(AccessController.java:400) ~[?:?]
	at java.security.ProtectionDomain$JavaSecurityAccessImpl.doIntersectionPrivilege(ProtectionDomain.java:87) ~[?:?]
	at java.awt.EventQueue.dispatchEvent(EventQueue.java:742) ~[?:?]
	at java.awt.EventDispatchThread.pumpOneEventForFilters(EventDispatchThread.java:203) ~[?:?]
	at java.awt.EventDispatchThread.pumpEventsForFilter(EventDispatchThread.java:124) ~[?:?]
	at java.awt.EventDispatchThread.pumpEventsForHierarchy(EventDispatchThread.java:113) ~[?:?]
	at java.awt.EventDispatchThread.pumpEvents(EventDispatchThread.java:109) ~[?:?]
	at java.awt.EventDispatchThread.pumpEvents(EventDispatchThread.java:101) ~[?:?]
	at java.awt.EventDispatchThread.run(EventDispatchThread.java:90) ~[?:?]
2025-07-01 12:05:39,472 [WARN] ThirdParty:871 - waiting for thirdparty lock release [close project]
2025-07-01 12:05:39,472 [INFO] ThirdParty:873 - entering critical section [close project]
2025-07-01 12:05:39,472 [INFO] ThirdParty:883 - exiting critical section [close project]
2025-07-01 12:05:39,476 [INFO] PinOutPanel:1589 - setPackage(No Configuration,No Configuration)
2025-07-01 12:05:39,489 [WARN] IpParametersView:155 - Warning: This peripheral hasn't parameters
2025-07-01 12:05:39,501 [WARN] MainPanel:289 - <html><b><center>Warning: This peripheral has no parameters to be configured<br></b></html>
2025-07-01 12:05:39,507 [INFO] UtilMem:75 - Begin LoadConfig() Used Memory: 778565280 Bytes (1073741824)
2025-07-01 12:05:39,508 [INFO] MicroXplorer:468 - Change Database Path : 
2025-07-01 12:05:39,509 [INFO] MicroXplorer:498 - Change Database Version : DB.6.0.141
2025-07-01 12:05:39,510 [INFO] OpenFileManager:354 - Change cursor
2025-07-01 12:05:39,580 [INFO] RulesReader:64 - Compatibility file has been processed (302 Rules)
2025-07-01 12:05:39,591 [INFO] Mcu:2011 - Initializing MCU STM32F411R(C-E)Tx STM32F411RETx STM32F411RET6
2025-07-01 12:05:41,120 [INFO] Context:756 - Trying to add GPIOservice into a context  which must be forbidden
2025-07-01 12:05:41,733 [INFO] ImportTextPane:218 - (OptionalMessage_ERROR) Pin8 (VP_RIF_VS_RIF1) cannot be retrieved for this MCU
2025-07-01 12:05:41,801 [INFO] RtosManager:558 - Registered RTOS mode: class=CMSIS, group=RTOS, mode=CMSIS_V1, owner=FREERTOS
2025-07-01 12:05:41,801 [INFO] RtosManager:558 - Registered RTOS mode: class=CMSIS, group=RTOS2, mode=CMSIS_V2, owner=FREERTOS
2025-07-01 12:05:41,802 [INFO] RtosManager:558 - Registered RTOS mode: class=RTOS, group=Core, mode=CMSIS_V1, owner=FREERTOS
2025-07-01 12:05:41,802 [INFO] RtosManager:558 - Registered RTOS mode: class=RTOS, group=Core, mode=CMSIS_V2, owner=FREERTOS
2025-07-01 12:05:41,802 [WARN] ModelIntegratedComponent:184 - Missing modes for component STMicroelectronics:FreeRTOS:0.0.1:STMicroelectronics:RTOS:FreeRTOS:Core:::10.2.0:
2025-07-01 12:05:41,821 [WARN] ModelIntegratedComponent:182 - Modes not found for component STMicroelectronics:USB_HOST:1.0.0:STMicroelectronics:USB::USB Host:Audio HS::1.0:USB_HOST_1_0_RESTRICTED_HS
2025-07-01 12:05:41,821 [WARN] ModelIntegratedComponent:188 - Modes not found for component STMicroelectronics:USB_HOST:1.0.0:STMicroelectronics:USB::USB Host:Audio HS::1.0:USB_HOST_1_0_RESTRICTED_HS
2025-07-01 12:05:41,821 [WARN] ModelIntegratedComponent:182 - Modes not found for component STMicroelectronics:USB_HOST:1.0.0:STMicroelectronics:USB::USB Host:CDC HS::1.0:USB_HOST_1_0_RESTRICTED_HS
2025-07-01 12:05:41,822 [WARN] ModelIntegratedComponent:188 - Modes not found for component STMicroelectronics:USB_HOST:1.0.0:STMicroelectronics:USB::USB Host:CDC HS::1.0:USB_HOST_1_0_RESTRICTED_HS
2025-07-01 12:05:41,822 [WARN] ModelIntegratedComponent:182 - Modes not found for component STMicroelectronics:USB_HOST:1.0.0:STMicroelectronics:USB::USB Host:MSC HS::1.0:USB_HOST_1_0_RESTRICTED_HS
2025-07-01 12:05:41,822 [WARN] ModelIntegratedComponent:188 - Modes not found for component STMicroelectronics:USB_HOST:1.0.0:STMicroelectronics:USB::USB Host:MSC HS::1.0:USB_HOST_1_0_RESTRICTED_HS
2025-07-01 12:05:41,822 [WARN] ModelIntegratedComponent:182 - Modes not found for component STMicroelectronics:USB_HOST:1.0.0:STMicroelectronics:USB::USB Host:HID HS::1.0:USB_HOST_1_0_RESTRICTED_HS
2025-07-01 12:05:41,822 [WARN] ModelIntegratedComponent:188 - Modes not found for component STMicroelectronics:USB_HOST:1.0.0:STMicroelectronics:USB::USB Host:HID HS::1.0:USB_HOST_1_0_RESTRICTED_HS
2025-07-01 12:05:41,822 [WARN] ModelIntegratedComponent:182 - Modes not found for component STMicroelectronics:USB_HOST:1.0.0:STMicroelectronics:USB::USB Host:MTP HS::1.0:USB_HOST_1_0_RESTRICTED_HS
2025-07-01 12:05:41,823 [WARN] ModelIntegratedComponent:188 - Modes not found for component STMicroelectronics:USB_HOST:1.0.0:STMicroelectronics:USB::USB Host:MTP HS::1.0:USB_HOST_1_0_RESTRICTED_HS
2025-07-01 12:05:41,839 [WARN] ModelIntegratedComponent:63 - No mode defined for component null
2025-07-01 12:05:41,839 [WARN] ModelIntegratedComponent:63 - No mode defined for component null
2025-07-01 12:05:41,839 [WARN] ModelIntegratedComponent:63 - No mode defined for component null
2025-07-01 12:05:41,839 [WARN] ModelIntegratedComponent:63 - No mode defined for component null
2025-07-01 12:05:41,839 [WARN] ModelIntegratedComponent:63 - No mode defined for component null
2025-07-01 12:05:41,839 [WARN] ModelIntegratedComponent:63 - No mode defined for component null
2025-07-01 12:05:41,839 [WARN] ModelIntegratedComponent:63 - No mode defined for component null
2025-07-01 12:05:41,839 [WARN] ModelIntegratedComponent:63 - No mode defined for component null
2025-07-01 12:05:41,839 [WARN] ModelIntegratedComponent:63 - No mode defined for component null
2025-07-01 12:05:41,840 [WARN] ModelIntegratedComponent:63 - No mode defined for component null
2025-07-01 12:05:41,840 [WARN] ModelIntegratedComponent:63 - No mode defined for component null
2025-07-01 12:05:41,840 [WARN] ModelIntegratedComponent:63 - No mode defined for component null
2025-07-01 12:05:41,840 [WARN] ModelIntegratedComponent:63 - No mode defined for component null
2025-07-01 12:05:41,840 [WARN] ModelIntegratedComponent:63 - No mode defined for component null
2025-07-01 12:05:41,840 [WARN] ModelIntegratedComponent:63 - No mode defined for component null
2025-07-01 12:05:41,840 [WARN] ModelIntegratedComponent:63 - No mode defined for component null
2025-07-01 12:05:41,840 [WARN] ModelIntegratedComponent:63 - No mode defined for component null
2025-07-01 12:05:41,840 [WARN] ModelIntegratedComponent:63 - No mode defined for component null
2025-07-01 12:05:41,840 [WARN] ModelIntegratedComponent:63 - No mode defined for component null
2025-07-01 12:05:41,841 [WARN] ModelIntegratedComponent:63 - No mode defined for component null
2025-07-01 12:05:41,841 [WARN] ModelIntegratedComponent:63 - No mode defined for component null
2025-07-01 12:05:41,841 [WARN] ModelIntegratedComponent:63 - No mode defined for component null
2025-07-01 12:05:41,841 [WARN] ModelIntegratedComponent:63 - No mode defined for component null
2025-07-01 12:05:41,841 [WARN] ModelIntegratedComponent:63 - No mode defined for component null
2025-07-01 12:05:41,841 [WARN] ModelIntegratedComponent:63 - No mode defined for component null
2025-07-01 12:05:41,841 [WARN] ModelIntegratedComponent:63 - No mode defined for component null
2025-07-01 12:05:41,841 [WARN] ModelIntegratedComponent:63 - No mode defined for component null
2025-07-01 12:05:41,841 [WARN] ModelIntegratedComponent:63 - No mode defined for component null
2025-07-01 12:05:41,841 [WARN] ModelIntegratedComponent:63 - No mode defined for component null
2025-07-01 12:05:41,842 [WARN] ModelIntegratedComponent:63 - No mode defined for component null
2025-07-01 12:05:41,842 [WARN] ModelIntegratedComponent:63 - No mode defined for component null
2025-07-01 12:05:41,842 [WARN] ModelIntegratedComponent:63 - No mode defined for component null
2025-07-01 12:05:41,842 [WARN] ModelIntegratedComponent:63 - No mode defined for component null
2025-07-01 12:05:41,842 [WARN] ModelIntegratedComponent:63 - No mode defined for component null
2025-07-01 12:05:41,842 [WARN] ModelIntegratedComponent:63 - No mode defined for component null
2025-07-01 12:05:41,842 [WARN] ModelPack:524 - Component already loaded: STMicroelectronics:HAL Drivers:0.0.0:STMicroelectronics:Device:STMicro_Driver:XSPI:HAL::0.0.1:HAL_XSPI
2025-07-01 12:05:42,326 [WARN] ModelIntegratedComponent:182 - Modes not found for component STMicroelectronics:USB_DEVICE:1.0.0:STMicroelectronics:USB::USB Device:Audio HS::1.0:USB_DEVICE_1_0_RESTRICTED_HS
2025-07-01 12:05:42,327 [WARN] ModelIntegratedComponent:188 - Modes not found for component STMicroelectronics:USB_DEVICE:1.0.0:STMicroelectronics:USB::USB Device:Audio HS::1.0:USB_DEVICE_1_0_RESTRICTED_HS
2025-07-01 12:05:42,327 [WARN] ModelIntegratedComponent:182 - Modes not found for component STMicroelectronics:USB_DEVICE:1.0.0:STMicroelectronics:USB::USB Device:CDC HS::1.0:USB_DEVICE_1_0_RESTRICTED_HS
2025-07-01 12:05:42,327 [WARN] ModelIntegratedComponent:188 - Modes not found for component STMicroelectronics:USB_DEVICE:1.0.0:STMicroelectronics:USB::USB Device:CDC HS::1.0:USB_DEVICE_1_0_RESTRICTED_HS
2025-07-01 12:05:42,328 [WARN] ModelIntegratedComponent:182 - Modes not found for component STMicroelectronics:USB_DEVICE:1.0.0:STMicroelectronics:USB::USB Device:DFU HS::1.0:USB_DEVICE_1_0_RESTRICTED_HS
2025-07-01 12:05:42,328 [WARN] ModelIntegratedComponent:188 - Modes not found for component STMicroelectronics:USB_DEVICE:1.0.0:STMicroelectronics:USB::USB Device:DFU HS::1.0:USB_DEVICE_1_0_RESTRICTED_HS
2025-07-01 12:05:42,328 [WARN] ModelIntegratedComponent:182 - Modes not found for component STMicroelectronics:USB_DEVICE:1.0.0:STMicroelectronics:USB::USB Device:HID HS::1.0:USB_DEVICE_1_0_RESTRICTED_HS
2025-07-01 12:05:42,330 [WARN] ModelIntegratedComponent:188 - Modes not found for component STMicroelectronics:USB_DEVICE:1.0.0:STMicroelectronics:USB::USB Device:HID HS::1.0:USB_DEVICE_1_0_RESTRICTED_HS
2025-07-01 12:05:42,330 [WARN] ModelIntegratedComponent:182 - Modes not found for component STMicroelectronics:USB_DEVICE:1.0.0:STMicroelectronics:USB::USB Device:Custom HID HS::1.0:USB_DEVICE_1_0_RESTRICTED_HS
2025-07-01 12:05:42,330 [WARN] ModelIntegratedComponent:188 - Modes not found for component STMicroelectronics:USB_DEVICE:1.0.0:STMicroelectronics:USB::USB Device:Custom HID HS::1.0:USB_DEVICE_1_0_RESTRICTED_HS
2025-07-01 12:05:42,330 [WARN] ModelIntegratedComponent:182 - Modes not found for component STMicroelectronics:USB_DEVICE:1.0.0:STMicroelectronics:USB::USB Device:MSC HS::1.0:USB_DEVICE_1_0_RESTRICTED_HS
2025-07-01 12:05:42,330 [WARN] ModelIntegratedComponent:188 - Modes not found for component STMicroelectronics:USB_DEVICE:1.0.0:STMicroelectronics:USB::USB Device:MSC HS::1.0:USB_DEVICE_1_0_RESTRICTED_HS
2025-07-01 12:05:42,365 [INFO] ThirdPartyModel:298 - Start build external matchings
2025-07-01 12:05:43,690 [INFO] ThirdPartyModel:316 - End build external matchings
2025-07-01 12:05:43,716 [INFO] ImportTextPane:218 - (OptionalMessage_ERROR) IP (RCC) : Parameter (48MHZClocksFreq_Value) has invalid value (50000000)
2025-07-01 12:05:43,717 [INFO] ImportTextPane:218 - (OptionalMessage_ERROR) IP (RCC) : Parameter (RTCHSEDivFreq_Value) has invalid value (4000000)
2025-07-01 12:05:43,904 [INFO] UtilMem:75 - End LoadConfig() Used Memory: 943365224 Bytes (1073741824)
2025-07-01 12:05:43,917 [WARN] ThirdParty:833 - waiting for thirdparty lock release [change project]
2025-07-01 12:05:43,917 [INFO] ThirdParty:835 - entering critical section [change project]
2025-07-01 12:05:43,917 [INFO] ThirdParty:1030 - CMSIS Pack Vendor :STMicroelectronics X-CUBE-PM33A1 1.0.0
2025-07-01 12:05:43,917 [INFO] ThirdParty:1030 - CMSIS Pack Vendor :STMicroelectronics USBPD 4.1
2025-07-01 12:05:43,918 [INFO] ThirdParty:1030 - CMSIS Pack Vendor :STMicroelectronics X-CUBE-AZRTOS-H7 3.3.0
2025-07-01 12:05:43,918 [INFO] ThirdParty:1030 - CMSIS Pack Vendor :STMicroelectronics X-CUBE-NFC9 1.0.0
2025-07-01 12:05:43,918 [INFO] ThirdParty:1030 - CMSIS Pack Vendor :wolfSSL I-CUBE-wolfSSL 5.8.0
2025-07-01 12:05:43,918 [INFO] ThirdParty:1030 - CMSIS Pack Vendor :STMicroelectronics USB_HOST 2.0.0
2025-07-01 12:05:43,918 [INFO] ThirdParty:1030 - CMSIS Pack Vendor :STMicroelectronics FP-SNS-MOTENVWB1 1.4.0
2025-07-01 12:05:43,918 [INFO] ThirdParty:1030 - CMSIS Pack Vendor :STMicroelectronics X-CUBE-AZRTOS-F4 1.1.0
2025-07-01 12:05:43,918 [INFO] ThirdParty:1030 - CMSIS Pack Vendor :STMicroelectronics LIBJPEG 8.0.0
2025-07-01 12:05:43,919 [INFO] ThirdParty:1030 - CMSIS Pack Vendor :Avnet-IotConnect X-CUBE-IoTC-DA16k-PMOD 1.0.0
2025-07-01 12:05:43,919 [INFO] ThirdParty:1030 - CMSIS Pack Vendor :STMicroelectronics X-CUBE-SMBUS 2.1.0
2025-07-01 12:05:43,919 [INFO] ThirdParty:1030 - CMSIS Pack Vendor :wolfSSL I-CUBE-wolfMQTT 1.19.2
2025-07-01 12:05:43,919 [INFO] ThirdParty:1030 - CMSIS Pack Vendor :STMicroelectronics USB_DEVICE 3.0.0
2025-07-01 12:05:43,919 [INFO] ThirdParty:1030 - CMSIS Pack Vendor :STMicroelectronics X-CUBE-ISPU 2.1.0
2025-07-01 12:05:43,919 [INFO] ThirdParty:1030 - CMSIS Pack Vendor :STMicroelectronics X-CUBE-AZRTOS-WB 2.0.0
2025-07-01 12:05:43,919 [INFO] ThirdParty:1030 - CMSIS Pack Vendor :STMicroelectronics X-CUBE-ST60 1.0.0
2025-07-01 12:05:43,919 [INFO] ThirdParty:1030 - CMSIS Pack Vendor :STMicroelectronics X-CUBE-GNSS1 7.0.1
2025-07-01 12:05:43,920 [INFO] ThirdParty:1030 - CMSIS Pack Vendor :STMicroelectronics X-CUBE-AZRTOS-F7 1.1.0
2025-07-01 12:05:43,920 [INFO] ThirdParty:1030 - CMSIS Pack Vendor :STMicroelectronics X-CUBE-AZRTOS-L5 2.0.0
2025-07-01 12:05:43,920 [INFO] ThirdParty:1030 - CMSIS Pack Vendor :STMicroelectronics X-CUBE-TOUCHGFX 4.25.0
2025-07-01 12:05:43,920 [INFO] ThirdParty:1030 - CMSIS Pack Vendor :STMicroelectronics USB_DEVICE 2.0.0
2025-07-01 12:05:43,920 [INFO] ThirdParty:1030 - CMSIS Pack Vendor :STMicroelectronics X-CUBE-NFC6 3.1.0
2025-07-01 12:05:43,920 [INFO] ThirdParty:1030 - CMSIS Pack Vendor :STMicroelectronics FP-SNS-STBOX1 2.0.0
2025-07-01 12:05:43,920 [INFO] ThirdParty:1030 - CMSIS Pack Vendor :STMicroelectronics FreeRTOS 0.0.1
2025-07-01 12:05:43,920 [INFO] ThirdParty:1030 - CMSIS Pack Vendor :STMicroelectronics X-CUBE-AZRTOS-G0 1.1.0
2025-07-01 12:05:43,920 [INFO] ThirdParty:1030 - CMSIS Pack Vendor :STMicroelectronics X-CUBE-SAFEA1 1.2.2
2025-07-01 12:05:43,920 [INFO] ThirdParty:1030 - CMSIS Pack Vendor :STMicroelectronics X-CUBE-NFC4 3.0.0
2025-07-01 12:05:43,921 [INFO] ThirdParty:1030 - CMSIS Pack Vendor :STMicroelectronics X-CUBE-SUBG2 5.0.0
2025-07-01 12:05:43,921 [INFO] ThirdParty:1030 - CMSIS Pack Vendor :STMicroelectronics X-CUBE-AZRTOS-H7RS 1.1.0
2025-07-01 12:05:43,921 [INFO] ThirdParty:1030 - CMSIS Pack Vendor :STMicroelectronics STM32_WPAN 1.0.0
2025-07-01 12:05:43,923 [INFO] ThirdParty:1030 - CMSIS Pack Vendor :EmbeddedOffice I-CUBE-FS-RTOS 1.0.1
2025-07-01 12:05:43,923 [INFO] ThirdParty:1030 - CMSIS Pack Vendor :STMicroelectronics lwIP 2.0.3
2025-07-01 12:05:43,924 [INFO] ThirdParty:1030 - CMSIS Pack Vendor :Cesanta I-CUBE-Mongoose 7.13.0
2025-07-01 12:05:43,924 [INFO] ThirdParty:1030 - CMSIS Pack Vendor :STMicroelectronics USB_HOST 1.0.0
2025-07-01 12:05:43,924 [INFO] ThirdParty:1030 - CMSIS Pack Vendor :Infineon AIROC-Wi-Fi-Bluetooth-STM32 1.7.0
2025-07-01 12:05:43,924 [INFO] ThirdParty:1030 - CMSIS Pack Vendor :STMicroelectronics X-CUBE-AZRTOS-G4 2.0.0
2025-07-01 12:05:43,924 [INFO] ThirdParty:1030 - CMSIS Pack Vendor :STMicroelectronics X-CUBE-WB05N 2.0.0
2025-07-01 12:05:43,924 [INFO] ThirdParty:1030 - CMSIS Pack Vendor :STMicroelectronics PDM2PCM 3.1.0
2025-07-01 12:05:43,924 [INFO] ThirdParty:1030 - CMSIS Pack Vendor :STMicroelectronics PDM2PCM 3.3.0
2025-07-01 12:05:43,924 [INFO] ThirdParty:1030 - CMSIS Pack Vendor :wolfSSL I-CUBE-wolfTPM 3.8.0
2025-07-01 12:05:43,924 [INFO] ThirdParty:1030 - CMSIS Pack Vendor :STMicroelectronics X-CUBE-DISPLAY 3.0.0
2025-07-01 12:05:43,925 [INFO] ThirdParty:1030 - CMSIS Pack Vendor :wolfSSL I-CUBE-wolfSSH 1.4.20
2025-07-01 12:05:43,925 [INFO] ThirdParty:1030 - CMSIS Pack Vendor :STMicroelectronics X-CUBE-NFC7 2.0.0
2025-07-01 12:05:43,925 [INFO] ThirdParty:1030 - CMSIS Pack Vendor :STMicroelectronics X-CUBE-TCPP 4.2.0
2025-07-01 12:05:43,925 [INFO] ThirdParty:1030 - CMSIS Pack Vendor :RealThread X-CUBE-RT-Thread_Nano 4.1.1
2025-07-01 12:05:43,925 [INFO] ThirdParty:1030 - CMSIS Pack Vendor :STMicroelectronics FP-ATR-SIGFOX1 3.2.0
2025-07-01 12:05:43,925 [INFO] ThirdParty:1030 - CMSIS Pack Vendor :STMicroelectronics X-CUBE-NFC10 1.0.0
2025-07-01 12:05:43,925 [INFO] ThirdParty:1030 - CMSIS Pack Vendor :STMicroelectronics X-CUBE-BLEMGR 4.0.0
2025-07-01 12:05:43,925 [INFO] ThirdParty:1030 - CMSIS Pack Vendor :STMicroelectronics X-CUBE-EEPRMA1 5.1.0
2025-07-01 12:05:43,925 [INFO] ThirdParty:1030 - CMSIS Pack Vendor :STMicroelectronics X-CUBE-FREERTOS 1.3.1
2025-07-01 12:05:43,926 [INFO] ThirdParty:1030 - CMSIS Pack Vendor :STMicroelectronics HAL Drivers 0.0.0
2025-07-01 12:05:43,926 [INFO] ThirdParty:1030 - CMSIS Pack Vendor :STMicroelectronics MBEDTLS 2.16.2
2025-07-01 12:05:43,926 [INFO] ThirdParty:1030 - CMSIS Pack Vendor :STMicroelectronics X-CUBE-IPS 3.1.0
2025-07-01 12:05:43,926 [INFO] ThirdParty:1030 - CMSIS Pack Vendor :STMicroelectronics X-CUBE-ALS 1.0.2
2025-07-01 12:05:43,926 [INFO] ThirdParty:1030 - CMSIS Pack Vendor :emotas I-CUBE-CANOPEN 1.3.0
2025-07-01 12:05:43,926 [INFO] ThirdParty:1030 - CMSIS Pack Vendor :STMicroelectronics MBEDTLS 2.14.1
2025-07-01 12:05:43,926 [INFO] ThirdParty:1030 - CMSIS Pack Vendor :ITTIA_DB I-CUBE-ITTIADB 8.9.0
2025-07-01 12:05:43,926 [INFO] ThirdParty:1030 - CMSIS Pack Vendor :portGmbH I-Cube-SoM-uGOAL 1.1.0
2025-07-01 12:05:43,926 [INFO] ThirdParty:1030 - CMSIS Pack Vendor :quantropi X-CUBE-qispace-sdk-base 2.0.0
2025-07-01 12:05:43,927 [INFO] ThirdParty:1030 - CMSIS Pack Vendor :STMicroelectronics X-CUBE-ST67W61 1.0.0
2025-07-01 12:05:43,927 [INFO] ThirdParty:1030 - CMSIS Pack Vendor :STMicroelectronics FP-SNS-STAIOTCFT 1.0.0
2025-07-01 12:05:43,927 [INFO] ThirdParty:1030 - CMSIS Pack Vendor :STMicroelectronics ThreadX 1.0.0
2025-07-01 12:05:43,927 [INFO] ThirdParty:1030 - CMSIS Pack Vendor :STMicroelectronics FP-SNS-SMARTAG2 1.2.0
2025-07-01 12:05:43,927 [INFO] ThirdParty:1030 - CMSIS Pack Vendor :STMicroelectronics X-CUBE-AZRTOS-WL 2.0.0
2025-07-01 12:05:43,927 [INFO] ThirdParty:1030 - CMSIS Pack Vendor :SEGGER I-CUBE-embOS 1.3.1
2025-07-01 12:05:43,927 [INFO] ThirdParty:1030 - CMSIS Pack Vendor :STMicroelectronics X-CUBE-ALGOBUILD 1.4.0
2025-07-01 12:05:43,927 [INFO] ThirdParty:1030 - CMSIS Pack Vendor :STMicroelectronics X-CUBE-DPower 1.3.0
2025-07-01 12:05:43,927 [INFO] ThirdParty:1030 - CMSIS Pack Vendor :STMicroelectronics X-CUBE-MEMS1 11.3.0
2025-07-01 12:05:43,927 [INFO] ThirdParty:1030 - CMSIS Pack Vendor :STMicroelectronics FP-SNS-MOTENV1 5.0.0
2025-07-01 12:05:43,928 [INFO] ThirdParty:1030 - CMSIS Pack Vendor :STMicroelectronics USB_DEVICE 1.0.0
2025-07-01 12:05:43,928 [INFO] ThirdParty:1030 - CMSIS Pack Vendor :STMicroelectronics X-CUBE-AZRTOS-L4 2.0.0
2025-07-01 12:05:43,928 [INFO] ThirdParty:1030 - CMSIS Pack Vendor :STMicroelectronics ThreadX 0.0.2
2025-07-01 12:05:43,928 [INFO] ThirdParty:1030 - CMSIS Pack Vendor :WES I-CUBE-Cesium 1.3.0
2025-07-01 12:05:43,928 [INFO] ThirdParty:1030 - CMSIS Pack Vendor :STMicroelectronics lwIP 2.1.2
2025-07-01 12:05:43,928 [INFO] ThirdParty:1030 - CMSIS Pack Vendor :STMicroelectronics X-CUBE-SFXS2LP1 4.0.0
2025-07-01 12:05:43,928 [INFO] ThirdParty:1030 - CMSIS Pack Vendor :STMicroelectronics X-CUBE-BLE2 3.3.0
2025-07-01 12:05:43,929 [INFO] ThirdParty:1030 - CMSIS Pack Vendor :STMicroelectronics X-CUBE-TOF1 3.4.3
2025-07-01 12:05:43,929 [INFO] ThirdParty:1030 - CMSIS Pack Vendor :STMicroelectronics PDM2PCM 3.2.0
2025-07-01 12:05:43,929 [INFO] ThirdParty:841 - exiting critical section [change project]
2025-07-01 12:05:44,479 [INFO] PinOutPanel:1589 - setPackage(No Configuration,No Configuration)
2025-07-01 12:05:44,480 [INFO] PinOutPanel:1589 - setPackage(STM32F411RETx,LQFP64)
2025-07-01 12:05:44,993 [INFO] UtilMem:75 - Before build in PCC Used Memory: 873065888 Bytes (1073741824)
2025-07-01 12:05:45,449 [INFO] UtilMem:75 - After build in PCC Used Memory: 918676896 Bytes (1073741824)
2025-07-01 12:05:45,494 [INFO] IPUIPlugin:80 - create IPUIPlugin
2025-07-01 12:05:45,495 [INFO] IPUIPlugin:80 - create IPUIPlugin
2025-07-01 12:05:45,495 [INFO] IPUIPlugin:80 - create IPUIPlugin
2025-07-01 12:05:45,495 [INFO] IPUIPlugin:80 - create IPUIPlugin
2025-07-01 12:05:45,496 [INFO] IPUIPlugin:80 - create IPUIPlugin
2025-07-01 12:05:45,496 [INFO] IPUIPlugin:80 - create IPUIPlugin
2025-07-01 12:05:45,496 [INFO] IPUIPlugin:80 - create IPUIPlugin
2025-07-01 12:05:45,497 [INFO] IPUIPlugin:80 - create IPUIPlugin
2025-07-01 12:05:45,497 [INFO] IPUIPlugin:80 - create IPUIPlugin
2025-07-01 12:05:45,497 [INFO] IPUIPlugin:80 - create IPUIPlugin
2025-07-01 12:05:45,498 [INFO] IPUIPlugin:80 - create IPUIPlugin
2025-07-01 12:05:45,498 [INFO] IPUIPlugin:80 - create IPUIPlugin
2025-07-01 12:05:45,499 [INFO] IPUIPlugin:80 - create IPUIPlugin
2025-07-01 12:05:45,499 [INFO] IPUIPlugin:80 - create IPUIPlugin
2025-07-01 12:05:45,500 [INFO] IPUIPlugin:80 - create IPUIPlugin
2025-07-01 12:05:45,501 [INFO] IPUIPlugin:80 - create IPUIPlugin
2025-07-01 12:05:45,501 [INFO] IPUIPlugin:80 - create IPUIPlugin
2025-07-01 12:05:45,502 [INFO] IPUIPlugin:80 - create IPUIPlugin
2025-07-01 12:05:45,502 [INFO] IPUIPlugin:80 - create IPUIPlugin
2025-07-01 12:05:45,503 [INFO] IPUIPlugin:80 - create IPUIPlugin
2025-07-01 12:05:45,503 [INFO] IPUIPlugin:80 - create IPUIPlugin
2025-07-01 12:05:45,504 [INFO] IPUIPlugin:80 - create IPUIPlugin
2025-07-01 12:05:45,504 [INFO] IPUIPlugin:80 - create IPUIPlugin
2025-07-01 12:05:45,505 [INFO] IPUIPlugin:80 - create IPUIPlugin
2025-07-01 12:05:45,505 [INFO] IPUIPlugin:80 - create IPUIPlugin
2025-07-01 12:05:45,506 [INFO] IPUIPlugin:80 - create IPUIPlugin
2025-07-01 12:05:45,506 [INFO] IPUIPlugin:80 - create IPUIPlugin
2025-07-01 12:05:45,507 [INFO] IPUIPlugin:80 - create IPUIPlugin
2025-07-01 12:05:45,507 [INFO] IPUIPlugin:80 - create IPUIPlugin
2025-07-01 12:05:45,508 [INFO] IPUIPlugin:80 - create IPUIPlugin
2025-07-01 12:05:45,508 [INFO] IPUIPlugin:80 - create IPUIPlugin
2025-07-01 12:05:45,509 [INFO] IPUIPlugin:80 - create IPUIPlugin
2025-07-01 12:05:45,509 [INFO] IPUIPlugin:80 - create IPUIPlugin
2025-07-01 12:05:45,510 [INFO] IPUIPlugin:80 - create IPUIPlugin
2025-07-01 12:05:45,511 [INFO] IPUIPlugin:80 - create IPUIPlugin
2025-07-01 12:05:45,511 [INFO] IPUIPlugin:80 - create IPUIPlugin
2025-07-01 12:05:45,512 [INFO] IPUIPlugin:80 - create IPUIPlugin
2025-07-01 12:05:45,513 [INFO] IPUIPlugin:80 - create IPUIPlugin
2025-07-01 12:05:45,513 [INFO] IPUIPlugin:80 - create IPUIPlugin
2025-07-01 12:05:45,514 [INFO] IPUIPlugin:80 - create IPUIPlugin
2025-07-01 12:05:45,515 [INFO] IPUIPlugin:80 - create IPUIPlugin
2025-07-01 12:05:45,516 [INFO] IPUIPlugin:80 - create IPUIPlugin
2025-07-01 12:05:45,517 [INFO] IPUIPlugin:80 - create IPUIPlugin
2025-07-01 12:05:45,522 [INFO] ApiDbMcu:508 - Load IP Config File for PDM2PCM
2025-07-01 12:05:45,601 [INFO] CADModel:165 - CPN selected for project levelSTM32F411RET6
2025-07-01 12:05:45,601 [INFO] CADModel:114 - Register for checkConnection events
2025-07-01 12:05:45,647 [INFO] OpenFileManager:385 - Restore cursor
2025-07-01 12:05:46,373 [INFO] UtilMem:75 - End SaveConfig() Used Memory: 770368440 Bytes (1073741824)
2025-07-01 12:05:46,434 [INFO] UtilMem:75 - End SaveConfig() Used Memory: 786174616 Bytes (1073741824)
2025-07-01 12:05:47,019 [INFO] BlockDiagram:2775 - set Specific Code input for plugin: NVIC
2025-07-01 12:05:47,019 [INFO] BlockDiagram:2775 - set Specific Code input for plugin: USART
2025-07-01 12:05:47,021 [INFO] BlockDiagram:2775 - set Specific Code input for plugin: SYS
2025-07-01 12:05:47,021 [INFO] BlockDiagram:2775 - set Specific Code input for plugin: GPIO
2025-07-01 12:05:47,022 [INFO] BlockDiagram:2775 - set Specific Code input for plugin: ADC
2025-07-01 12:05:47,022 [INFO] BlockDiagram:2775 - set Specific Code input for plugin: RCC
2025-07-01 12:05:47,023 [INFO] CodeGenerator:882 - code generatio: config db path: /opt/st/stm32cubeide_1.18.1/plugins/com.st.stm32cube.common.mx_6.14.1.202504091515//db/
2025-07-01 12:05:47,263 [INFO] CodeEngine:263 - oldGeneratedFile, /home/psh/workspace_semicon/ARM/12_ADC_INT/MXTmpFiles/license.tmp_save
2025-07-01 12:05:47,860 [INFO] CodeEngine:287 - Generated code: /home/psh/workspace_semicon/ARM/12_ADC_INT/MXTmpFiles/license.tmp
2025-07-01 12:05:47,984 [INFO] CodeEngine:263 - oldGeneratedFile, /home/psh/workspace_semicon/ARM/12_ADC_INT/Core/Src/gpio.c_save
2025-07-01 12:05:48,207 [INFO] CodeEngine:287 - Generated code: /home/psh/workspace_semicon/ARM/12_ADC_INT/Core/Src/gpio.c
2025-07-01 12:05:48,209 [INFO] CodeEngine:263 - oldGeneratedFile, /home/psh/workspace_semicon/ARM/12_ADC_INT/Core/Inc/gpio.h_save
2025-07-01 12:05:48,424 [INFO] CodeEngine:287 - Generated code: /home/psh/workspace_semicon/ARM/12_ADC_INT/Core/Inc/gpio.h
2025-07-01 12:05:48,543 [INFO] CodeEngine:263 - oldGeneratedFile, /home/psh/workspace_semicon/ARM/12_ADC_INT/Core/Src/adc.c_save
2025-07-01 12:05:48,866 [INFO] CodeEngine:287 - Generated code: /home/psh/workspace_semicon/ARM/12_ADC_INT/Core/Src/adc.c
2025-07-01 12:05:48,869 [INFO] CodeEngine:263 - oldGeneratedFile, /home/psh/workspace_semicon/ARM/12_ADC_INT/Core/Inc/adc.h_save
2025-07-01 12:05:49,032 [INFO] CodeEngine:287 - Generated code: /home/psh/workspace_semicon/ARM/12_ADC_INT/Core/Inc/adc.h
2025-07-01 12:05:49,036 [INFO] CodeEngine:263 - oldGeneratedFile, /home/psh/workspace_semicon/ARM/12_ADC_INT/Core/Src/usart.c_save
2025-07-01 12:05:49,378 [INFO] CodeEngine:287 - Generated code: /home/psh/workspace_semicon/ARM/12_ADC_INT/Core/Src/usart.c
2025-07-01 12:05:49,380 [INFO] CodeEngine:263 - oldGeneratedFile, /home/psh/workspace_semicon/ARM/12_ADC_INT/Core/Inc/usart.h_save
2025-07-01 12:05:49,502 [INFO] CodeEngine:287 - Generated code: /home/psh/workspace_semicon/ARM/12_ADC_INT/Core/Inc/usart.h
2025-07-01 12:05:49,507 [INFO] CodeEngine:263 - oldGeneratedFile, /home/psh/workspace_semicon/ARM/12_ADC_INT/Core/Src/stm32f4xx_it.c_save
2025-07-01 12:05:49,900 [INFO] CodeEngine:287 - Generated code: /home/psh/workspace_semicon/ARM/12_ADC_INT/Core/Src/stm32f4xx_it.c
2025-07-01 12:05:49,902 [INFO] CodeEngine:263 - oldGeneratedFile, /home/psh/workspace_semicon/ARM/12_ADC_INT/Core/Inc/stm32f4xx_it.h_save
2025-07-01 12:05:50,052 [INFO] CodeEngine:287 - Generated code: /home/psh/workspace_semicon/ARM/12_ADC_INT/Core/Inc/stm32f4xx_it.h
2025-07-01 12:05:50,062 [INFO] CodeEngine:263 - oldGeneratedFile, /home/psh/workspace_semicon/ARM/12_ADC_INT/Core/Src/stm32f4xx_hal_msp.c_save
2025-07-01 12:05:50,279 [INFO] CodeEngine:287 - Generated code: /home/psh/workspace_semicon/ARM/12_ADC_INT/Core/Src/stm32f4xx_hal_msp.c
2025-07-01 12:05:50,281 [INFO] CodeEngine:263 - oldGeneratedFile, /home/psh/workspace_semicon/ARM/12_ADC_INT/MXTmpFiles/system.tmp_save
2025-07-01 12:05:50,415 [INFO] CodeEngine:287 - Generated code: /home/psh/workspace_semicon/ARM/12_ADC_INT/MXTmpFiles/system.tmp
2025-07-01 12:05:50,418 [INFO] CodeEngine:319 - oldGeneratedFile, /home/psh/workspace_semicon/ARM/12_ADC_INT/Core/Inc/stm32f4xx_hal_conf.h_save
2025-07-01 12:05:50,568 [INFO] CodeEngine:343 - Generated code: /home/psh/workspace_semicon/ARM/12_ADC_INT/Core/Inc/stm32f4xx_hal_conf.h
2025-07-01 12:05:50,607 [INFO] ApiDbMcu:508 - Load IP Config File for ADC1
2025-07-01 12:05:50,613 [INFO] ApiDbMcu:508 - Load IP Config File for USART2
2025-07-01 12:05:50,619 [INFO] ApiDbMcu:508 - Load IP Config File for RCC
2025-07-01 12:05:50,624 [INFO] CodeEngine:263 - oldGeneratedFile, /home/psh/workspace_semicon/ARM/12_ADC_INT/Core/Inc/main.h_save
2025-07-01 12:05:50,774 [INFO] CodeEngine:287 - Generated code: /home/psh/workspace_semicon/ARM/12_ADC_INT/Core/Inc/main.h
2025-07-01 12:05:50,776 [INFO] CodeEngine:263 - oldGeneratedFile, /home/psh/workspace_semicon/ARM/12_ADC_INT/Core/Src/main.c_save
2025-07-01 12:05:50,941 [INFO] CodeEngine:287 - Generated code: /home/psh/workspace_semicon/ARM/12_ADC_INT/Core/Src/main.c
2025-07-01 12:05:51,289 [INFO] ProjectBuilder:3324 - Time for Copy HAL[1] : 34mS.
2025-07-01 12:05:51,292 [INFO] ProjectBuilder:4912 - Project Generator version: 4.6.0.1-B1
2025-07-01 12:05:51,426 [INFO] ConfigFileManager:1590 - The Die is : DIE431
2025-07-01 12:05:51,430 [INFO] ApiDbMcu:508 - Load IP Config File for FATFS
2025-07-01 12:05:51,440 [INFO] ApiDbMcu:508 - Load IP Config File for FREERTOS
2025-07-01 12:05:51,443 [INFO] ApiDbMcu:508 - Load IP Config File for LIBJPEG
2025-07-01 12:05:51,452 [INFO] ApiDbMcu:508 - Load IP Config File for MBEDTLS
2025-07-01 12:05:51,465 [INFO] ApiDbMcu:508 - Load IP Config File for USB_DEVICE
2025-07-01 12:05:51,471 [INFO] ApiDbMcu:508 - Load IP Config File for USB_HOST
2025-07-01 12:05:55,560 [INFO] ProjectBuilder:5191 - Time for Generating toolchain IDE Files: 4268mS.
2025-07-01 12:05:55,561 [INFO] ProjectBuilder:3181 - Time for Copy CMSIS : 1mS.
2025-07-01 12:05:55,562 [INFO] ProjectBuilder:3181 - Time for Copy CMSIS : 0mS.
2025-07-01 12:05:56,015 [INFO] McuFinderGlobals:76 - Set McuFinderConnectedMode to true
2025-07-01 12:05:56,370 [INFO] ApiDb:448 - Save user favorites file /home/psh/.stm32cubeide/favorites.mcus.txt: 1 item(s)
2025-07-01 12:05:56,370 [INFO] ApiDb:452 - User favorites MCUs=[STM32F411RET6]
2025-07-01 12:06:02,102 [INFO] ADCParametersView:116 -                Rank 1 : false
2025-07-01 12:06:02,223 [INFO] ADCParametersView:116 -                Rank 1 : false
2025-07-01 12:06:02,224 [INFO] ADCParametersView:116 -                Rank 1 : false
2025-07-01 12:06:02,225 [INFO] ADCParametersView:116 -                Rank 1 : false
2025-07-01 12:06:02,225 [INFO] ADCParametersView:116 -                Rank 1 : false
2025-07-01 12:06:02,225 [INFO] ADCParametersView:116 -                Rank 1 : false
2025-07-01 12:06:02,225 [INFO] ADCParametersView:116 -                Rank 1 : false
2025-07-01 12:06:02,226 [INFO] ADCParametersView:116 -                Rank 1 : false
2025-07-01 12:06:02,226 [INFO] ADCParametersView:116 -                Rank 1 : false
2025-07-01 12:06:02,226 [INFO] ADCParametersView:116 -                Rank 1 : false
2025-07-01 12:06:02,227 [INFO] ADCParametersView:116 -                Rank 1 : false
2025-07-01 12:06:02,227 [INFO] ADCParametersView:116 -                Rank 1 : false
2025-07-01 12:06:02,227 [INFO] ADCParametersView:116 -                Rank 1 : false
2025-07-01 12:06:02,227 [INFO] ADCParametersView:116 -                Rank 1 : false
2025-07-01 12:06:02,228 [INFO] ADCParametersView:116 -                Rank 1 : false
2025-07-01 12:06:02,290 [INFO] ADCParametersView:116 -                Rank 1 : false
2025-07-01 12:06:07,482 [INFO] ParamManager:896 - [Generic UI] PropertyChangeEvent: TAB_STATUS_CHANGED , "dont care", "never mind"
2025-07-01 12:06:07,488 [INFO] ADCParametersView:116 -                Rank 1 : false
2025-07-01 12:06:07,488 [INFO] ADCParametersView:116 -                Rank 1 : false
2025-07-01 12:06:07,489 [INFO] ADCParametersView:116 -                Rank 1 : false
2025-07-01 12:06:07,489 [INFO] ADCParametersView:116 -                Rank 1 : false
2025-07-01 12:06:07,489 [INFO] ADCParametersView:116 -                Rank 1 : false
2025-07-01 12:06:07,489 [INFO] ADCParametersView:116 -                Rank 1 : false
2025-07-01 12:06:07,489 [INFO] ADCParametersView:116 -                Rank 1 : false
2025-07-01 12:06:07,489 [INFO] ADCParametersView:116 -                Rank 1 : false
2025-07-01 12:06:07,489 [INFO] ADCParametersView:116 -                Rank 1 : false
2025-07-01 12:06:07,489 [INFO] ADCParametersView:116 -                Rank 1 : false
2025-07-01 12:06:07,489 [INFO] ADCParametersView:116 -                Rank 1 : false
2025-07-01 12:06:07,490 [INFO] ADCParametersView:116 -                Rank 1 : false
2025-07-01 12:06:07,490 [INFO] ADCParametersView:116 -                Rank 1 : false
2025-07-01 12:06:07,490 [INFO] ADCParametersView:116 -                Rank 1 : false
2025-07-01 12:06:07,508 [INFO] ParamManager:896 - [Generic UI] PropertyChangeEvent: TAB_STATUS_CHANGED , "dont care", "never mind"
2025-07-01 12:06:07,517 [INFO] ADCParametersView:116 -                Rank 1 : false
2025-07-01 12:06:07,570 [INFO] ADCParametersView:116 -                Rank 1 : false
2025-07-01 12:06:07,571 [INFO] ADCParametersView:116 -                Rank 1 : false
2025-07-01 12:06:07,571 [INFO] ADCParametersView:116 -                Rank 1 : false
2025-07-01 12:06:07,571 [INFO] ADCParametersView:116 -                Rank 1 : false
2025-07-01 12:06:07,571 [INFO] ADCParametersView:116 -                Rank 1 : false
2025-07-01 12:06:07,571 [INFO] ADCParametersView:116 -                Rank 1 : false
2025-07-01 12:06:07,572 [INFO] ADCParametersView:116 -                Rank 1 : false
2025-07-01 12:06:07,572 [INFO] ADCParametersView:116 -                Rank 1 : false
2025-07-01 12:06:07,572 [INFO] ADCParametersView:116 -                Rank 1 : false
2025-07-01 12:06:07,572 [INFO] ADCParametersView:116 -                Rank 1 : false
2025-07-01 12:06:07,572 [INFO] ADCParametersView:116 -                Rank 1 : false
2025-07-01 12:06:07,573 [INFO] ADCParametersView:116 -                Rank 1 : false
2025-07-01 12:06:07,573 [INFO] ADCParametersView:116 -                Rank 1 : false
2025-07-01 12:06:07,573 [INFO] ADCParametersView:116 -                Rank 1 : false
2025-07-01 12:06:07,602 [INFO] ADCParametersView:116 -                Rank 1 : false
2025-07-01 12:06:07,874 [INFO] NvicIntPanel:101 - NVIC parent = com.st.microxplorer.plugins.ip.nvic.MultiNvicIntPanel[,0,0,0x0,invalid,layout=javax.swing.BoxLayout,alignmentX=0.0,alignmentY=0.0,border=,flags=9,maximumSize=,minimumSize=,preferredSize=]
2025-07-01 12:06:08,070 [INFO] NvicIntPanel:101 - NVIC parent = com.st.microxplorer.plugins.ip.nvic.MultiNvicIntPanel[,0,0,0x0,invalid,layout=javax.swing.BoxLayout,alignmentX=0.0,alignmentY=0.0,border=,flags=9,maximumSize=,minimumSize=,preferredSize=]
2025-07-01 12:06:08,221 [INFO] ADCParametersView:116 -                Rank 1 : false
2025-07-01 12:06:08,221 [INFO] ADCParametersView:116 -                Rank 1 : false
2025-07-01 12:06:08,221 [INFO] ADCParametersView:116 -                Rank 1 : false
2025-07-01 12:06:08,222 [INFO] ADCParametersView:116 -                Rank 1 : false
2025-07-01 12:06:08,222 [INFO] ADCParametersView:116 -                Rank 1 : false
2025-07-01 12:06:08,222 [INFO] ADCParametersView:116 -                Rank 1 : false
2025-07-01 12:06:08,222 [INFO] ADCParametersView:116 -                Rank 1 : false
2025-07-01 12:06:08,222 [INFO] ADCParametersView:116 -                Rank 1 : false
2025-07-01 12:06:08,223 [INFO] ADCParametersView:116 -                Rank 1 : false
2025-07-01 12:06:08,223 [INFO] ADCParametersView:116 -                Rank 1 : false
2025-07-01 12:06:08,223 [INFO] ADCParametersView:116 -                Rank 1 : false
2025-07-01 12:06:08,223 [INFO] ADCParametersView:116 -                Rank 1 : false
2025-07-01 12:06:08,223 [INFO] ADCParametersView:116 -                Rank 1 : false
2025-07-01 12:06:08,223 [INFO] ADCParametersView:116 -                Rank 1 : false
2025-07-01 12:06:08,290 [INFO] ADCParametersView:116 -                Rank 1 : false
2025-07-01 12:06:08,377 [INFO] ADCParametersView:116 -                Rank 1 : false
2025-07-01 12:06:08,378 [INFO] ADCParametersView:116 -                Rank 1 : false
2025-07-01 12:06:08,378 [INFO] ADCParametersView:116 -                Rank 1 : false
2025-07-01 12:06:08,378 [INFO] ADCParametersView:116 -                Rank 1 : false
2025-07-01 12:06:08,379 [INFO] ADCParametersView:116 -                Rank 1 : false
2025-07-01 12:06:08,379 [INFO] ADCParametersView:116 -                Rank 1 : false
2025-07-01 12:06:08,379 [INFO] ADCParametersView:116 -                Rank 1 : false
2025-07-01 12:06:08,379 [INFO] ADCParametersView:116 -                Rank 1 : false
2025-07-01 12:06:08,379 [INFO] ADCParametersView:116 -                Rank 1 : false
2025-07-01 12:06:08,379 [INFO] ADCParametersView:116 -                Rank 1 : false
2025-07-01 12:06:08,379 [INFO] ADCParametersView:116 -                Rank 1 : false
2025-07-01 12:06:08,379 [INFO] ADCParametersView:116 -                Rank 1 : false
2025-07-01 12:06:08,379 [INFO] ADCParametersView:116 -                Rank 1 : false
2025-07-01 12:06:08,379 [INFO] ADCParametersView:116 -                Rank 1 : false
2025-07-01 12:06:08,431 [INFO] ADCParametersView:116 -                Rank 1 : false
2025-07-01 12:06:10,836 [INFO] NvicIntPanel:101 - NVIC parent = com.st.microxplorer.plugins.ip.nvic.MultiNvicIntPanel[,0,0,512x173,layout=javax.swing.BoxLayout,alignmentX=0.0,alignmentY=0.0,border=,flags=9,maximumSize=,minimumSize=,preferredSize=]
2025-07-01 12:06:11,941 [INFO] ADCParametersView:116 -                Rank 1 : false
2025-07-01 12:06:11,942 [INFO] ADCParametersView:116 -                Rank 1 : false
2025-07-01 12:06:11,943 [INFO] ADCParametersView:116 -                Rank 1 : false
2025-07-01 12:06:11,943 [INFO] ADCParametersView:116 -                Rank 1 : false
2025-07-01 12:06:11,943 [INFO] ADCParametersView:116 -                Rank 1 : false
2025-07-01 12:06:11,943 [INFO] ADCParametersView:116 -                Rank 1 : false
2025-07-01 12:06:11,944 [INFO] ADCParametersView:116 -                Rank 1 : false
2025-07-01 12:06:11,944 [INFO] ADCParametersView:116 -                Rank 1 : false
2025-07-01 12:06:11,944 [INFO] ADCParametersView:116 -                Rank 1 : false
2025-07-01 12:06:11,944 [INFO] ADCParametersView:116 -                Rank 1 : false
2025-07-01 12:06:11,945 [INFO] ADCParametersView:116 -                Rank 1 : false
2025-07-01 12:06:11,945 [INFO] ADCParametersView:116 -                Rank 1 : false
2025-07-01 12:06:11,945 [INFO] ADCParametersView:116 -                Rank 1 : false
2025-07-01 12:06:11,945 [INFO] ADCParametersView:116 -                Rank 1 : false
2025-07-01 12:06:11,995 [INFO] ADCParametersView:116 -                Rank 1 : false
2025-07-01 12:06:12,078 [INFO] ADCParametersView:116 -                Rank 1 : false
2025-07-01 12:06:12,078 [INFO] ADCParametersView:116 -                Rank 1 : false
2025-07-01 12:06:12,079 [INFO] ADCParametersView:116 -                Rank 1 : false
2025-07-01 12:06:12,079 [INFO] ADCParametersView:116 -                Rank 1 : false
2025-07-01 12:06:12,079 [INFO] ADCParametersView:116 -                Rank 1 : false
2025-07-01 12:06:12,080 [INFO] ADCParametersView:116 -                Rank 1 : false
2025-07-01 12:06:12,080 [INFO] ADCParametersView:116 -                Rank 1 : false
2025-07-01 12:06:12,080 [INFO] ADCParametersView:116 -                Rank 1 : false
2025-07-01 12:06:12,080 [INFO] ADCParametersView:116 -                Rank 1 : false
2025-07-01 12:06:12,080 [INFO] ADCParametersView:116 -                Rank 1 : false
2025-07-01 12:06:12,080 [INFO] ADCParametersView:116 -                Rank 1 : false
2025-07-01 12:06:12,081 [INFO] ADCParametersView:116 -                Rank 1 : false
2025-07-01 12:06:12,081 [INFO] ADCParametersView:116 -                Rank 1 : false
2025-07-01 12:06:12,081 [INFO] ADCParametersView:116 -                Rank 1 : false
2025-07-01 12:06:12,139 [INFO] ADCParametersView:116 -                Rank 1 : false
2025-07-01 12:06:12,190 [INFO] NvicIntPanel:101 - NVIC parent = com.st.microxplorer.plugins.ip.nvic.MultiNvicIntPanel[,0,0,0x0,invalid,layout=javax.swing.BoxLayout,alignmentX=0.0,alignmentY=0.0,border=,flags=9,maximumSize=,minimumSize=,preferredSize=]
2025-07-01 12:06:39,372 [INFO] ADCParametersView:116 -                Rank 1 : false
2025-07-01 12:06:39,372 [INFO] ADCParametersView:116 -                Rank 1 : false
2025-07-01 12:06:39,372 [INFO] ADCParametersView:116 -                Rank 1 : false
2025-07-01 12:06:39,372 [INFO] ADCParametersView:116 -                Rank 1 : false
2025-07-01 12:06:39,372 [INFO] ADCParametersView:116 -                Rank 1 : false
2025-07-01 12:06:39,372 [INFO] ADCParametersView:116 -                Rank 1 : false
2025-07-01 12:06:39,372 [INFO] ADCParametersView:116 -                Rank 1 : false
2025-07-01 12:06:39,372 [INFO] ADCParametersView:116 -                Rank 1 : false
2025-07-01 12:06:39,372 [INFO] ADCParametersView:116 -                Rank 1 : false
2025-07-01 12:06:39,372 [INFO] ADCParametersView:116 -                Rank 1 : false
2025-07-01 12:06:39,372 [INFO] ADCParametersView:116 -                Rank 1 : false
2025-07-01 12:06:39,373 [INFO] ADCParametersView:116 -                Rank 1 : false
2025-07-01 12:06:39,373 [INFO] ADCParametersView:116 -                Rank 1 : false
2025-07-01 12:06:39,373 [INFO] ADCParametersView:116 -                Rank 1 : false
2025-07-01 12:06:39,395 [INFO] ADCParametersView:116 -                Rank 1 : false
2025-07-01 12:06:48,875 [INFO] NvicIntPanel:101 - NVIC parent = com.st.microxplorer.plugins.ip.nvic.MultiNvicIntPanel[,0,0,0x0,invalid,layout=javax.swing.BoxLayout,alignmentX=0.0,alignmentY=0.0,border=,flags=9,maximumSize=,minimumSize=,preferredSize=]
2025-07-01 12:06:48,919 [INFO] ADCParametersView:116 -                Rank 1 : false
2025-07-01 12:06:48,921 [INFO] ADCParametersView:116 -                Rank 1 : false
2025-07-01 12:06:48,921 [INFO] ADCParametersView:116 -                Rank 1 : false
2025-07-01 12:06:48,921 [INFO] ADCParametersView:116 -                Rank 1 : false
2025-07-01 12:06:48,921 [INFO] ADCParametersView:116 -                Rank 1 : false
2025-07-01 12:06:48,921 [INFO] ADCParametersView:116 -                Rank 1 : false
2025-07-01 12:06:48,921 [INFO] ADCParametersView:116 -                Rank 1 : false
2025-07-01 12:06:48,921 [INFO] ADCParametersView:116 -                Rank 1 : false
2025-07-01 12:06:48,921 [INFO] ADCParametersView:116 -                Rank 1 : false
2025-07-01 12:06:48,921 [INFO] ADCParametersView:116 -                Rank 1 : false
2025-07-01 12:06:48,921 [INFO] ADCParametersView:116 -                Rank 1 : false
2025-07-01 12:06:48,921 [INFO] ADCParametersView:116 -                Rank 1 : false
2025-07-01 12:06:48,921 [INFO] ADCParametersView:116 -                Rank 1 : false
2025-07-01 12:06:48,921 [INFO] ADCParametersView:116 -                Rank 1 : false
2025-07-01 12:06:48,939 [INFO] ADCParametersView:116 -                Rank 1 : false
2025-07-01 12:07:36,906 [INFO] UtilMem:75 - End SaveConfig() Used Memory: 892604512 Bytes (1073741824)
2025-07-01 12:07:38,986 [INFO] UtilMem:75 - End SaveConfig() Used Memory: 975245440 Bytes (1073741824)
2025-07-01 12:07:39,207 [INFO] BlockDiagram:2775 - set Specific Code input for plugin: NVIC
2025-07-01 12:07:39,208 [INFO] BlockDiagram:2775 - set Specific Code input for plugin: USART
2025-07-01 12:07:39,208 [INFO] BlockDiagram:2775 - set Specific Code input for plugin: SYS
2025-07-01 12:07:39,208 [INFO] BlockDiagram:2775 - set Specific Code input for plugin: GPIO
2025-07-01 12:07:39,208 [INFO] BlockDiagram:2775 - set Specific Code input for plugin: ADC
2025-07-01 12:07:39,208 [INFO] BlockDiagram:2775 - set Specific Code input for plugin: RCC
2025-07-01 12:07:39,209 [INFO] CodeGenerator:882 - code generatio: config db path: /opt/st/stm32cubeide_1.18.1/plugins/com.st.stm32cube.common.mx_6.14.1.202504091515//db/
2025-07-01 12:07:39,400 [INFO] CodeEngine:263 - oldGeneratedFile, /home/psh/workspace_semicon/ARM/12_ADC_INT/MXTmpFiles/license.tmp_save
2025-07-01 12:07:39,534 [INFO] CodeEngine:287 - Generated code: /home/psh/workspace_semicon/ARM/12_ADC_INT/MXTmpFiles/license.tmp
2025-07-01 12:07:39,552 [INFO] CodeEngine:263 - oldGeneratedFile, /home/psh/workspace_semicon/ARM/12_ADC_INT/Core/Src/gpio.c_save
2025-07-01 12:07:39,740 [INFO] CodeEngine:287 - Generated code: /home/psh/workspace_semicon/ARM/12_ADC_INT/Core/Src/gpio.c
2025-07-01 12:07:39,742 [INFO] CodeEngine:263 - oldGeneratedFile, /home/psh/workspace_semicon/ARM/12_ADC_INT/Core/Inc/gpio.h_save
2025-07-01 12:07:39,882 [INFO] CodeEngine:287 - Generated code: /home/psh/workspace_semicon/ARM/12_ADC_INT/Core/Inc/gpio.h
2025-07-01 12:07:39,988 [INFO] CodeEngine:263 - oldGeneratedFile, /home/psh/workspace_semicon/ARM/12_ADC_INT/Core/Src/adc.c_save
2025-07-01 12:07:40,190 [INFO] CodeEngine:287 - Generated code: /home/psh/workspace_semicon/ARM/12_ADC_INT/Core/Src/adc.c
2025-07-01 12:07:40,192 [INFO] CodeEngine:263 - oldGeneratedFile, /home/psh/workspace_semicon/ARM/12_ADC_INT/Core/Inc/adc.h_save
2025-07-01 12:07:40,323 [INFO] CodeEngine:287 - Generated code: /home/psh/workspace_semicon/ARM/12_ADC_INT/Core/Inc/adc.h
2025-07-01 12:07:40,325 [INFO] CodeEngine:263 - oldGeneratedFile, /home/psh/workspace_semicon/ARM/12_ADC_INT/Core/Src/usart.c_save
2025-07-01 12:07:40,453 [INFO] CodeEngine:287 - Generated code: /home/psh/workspace_semicon/ARM/12_ADC_INT/Core/Src/usart.c
2025-07-01 12:07:40,455 [INFO] CodeEngine:263 - oldGeneratedFile, /home/psh/workspace_semicon/ARM/12_ADC_INT/Core/Inc/usart.h_save
2025-07-01 12:07:40,550 [INFO] CodeEngine:287 - Generated code: /home/psh/workspace_semicon/ARM/12_ADC_INT/Core/Inc/usart.h
2025-07-01 12:07:40,555 [INFO] CodeEngine:263 - oldGeneratedFile, /home/psh/workspace_semicon/ARM/12_ADC_INT/Core/Src/stm32f4xx_it.c_save
2025-07-01 12:07:40,651 [INFO] CodeEngine:287 - Generated code: /home/psh/workspace_semicon/ARM/12_ADC_INT/Core/Src/stm32f4xx_it.c
2025-07-01 12:07:40,652 [INFO] CodeEngine:263 - oldGeneratedFile, /home/psh/workspace_semicon/ARM/12_ADC_INT/Core/Inc/stm32f4xx_it.h_save
2025-07-01 12:07:40,731 [INFO] CodeEngine:287 - Generated code: /home/psh/workspace_semicon/ARM/12_ADC_INT/Core/Inc/stm32f4xx_it.h
2025-07-01 12:07:40,736 [INFO] CodeEngine:263 - oldGeneratedFile, /home/psh/workspace_semicon/ARM/12_ADC_INT/Core/Src/stm32f4xx_hal_msp.c_save
2025-07-01 12:07:40,845 [INFO] CodeEngine:287 - Generated code: /home/psh/workspace_semicon/ARM/12_ADC_INT/Core/Src/stm32f4xx_hal_msp.c
2025-07-01 12:07:40,847 [INFO] CodeEngine:263 - oldGeneratedFile, /home/psh/workspace_semicon/ARM/12_ADC_INT/MXTmpFiles/system.tmp_save
2025-07-01 12:07:40,927 [INFO] CodeEngine:287 - Generated code: /home/psh/workspace_semicon/ARM/12_ADC_INT/MXTmpFiles/system.tmp
2025-07-01 12:07:40,931 [INFO] CodeEngine:319 - oldGeneratedFile, /home/psh/workspace_semicon/ARM/12_ADC_INT/Core/Inc/stm32f4xx_hal_conf.h_save
2025-07-01 12:07:41,040 [INFO] CodeEngine:343 - Generated code: /home/psh/workspace_semicon/ARM/12_ADC_INT/Core/Inc/stm32f4xx_hal_conf.h
2025-07-01 12:07:41,070 [INFO] CodeEngine:263 - oldGeneratedFile, /home/psh/workspace_semicon/ARM/12_ADC_INT/Core/Inc/main.h_save
2025-07-01 12:07:41,176 [INFO] CodeEngine:287 - Generated code: /home/psh/workspace_semicon/ARM/12_ADC_INT/Core/Inc/main.h
2025-07-01 12:07:41,177 [INFO] CodeEngine:263 - oldGeneratedFile, /home/psh/workspace_semicon/ARM/12_ADC_INT/Core/Src/main.c_save
2025-07-01 12:07:41,306 [INFO] CodeEngine:287 - Generated code: /home/psh/workspace_semicon/ARM/12_ADC_INT/Core/Src/main.c
2025-07-01 12:07:41,630 [INFO] ProjectBuilder:3324 - Time for Copy HAL[1] : 27mS.
2025-07-01 12:07:41,632 [INFO] ProjectBuilder:4912 - Project Generator version: 4.6.0.1-B1
2025-07-01 12:07:41,748 [INFO] ConfigFileManager:1590 - The Die is : DIE431
2025-07-01 12:07:42,928 [INFO] ProjectBuilder:5191 - Time for Generating toolchain IDE Files: 1295mS.
2025-07-01 12:07:42,929 [INFO] ProjectBuilder:3181 - Time for Copy CMSIS : 0mS.
2025-07-01 12:07:42,930 [INFO] ProjectBuilder:3181 - Time for Copy CMSIS : 0mS.
2025-07-01 12:21:06,895 [INFO] NvicIntPanel:101 - NVIC parent = com.st.microxplorer.plugins.ip.nvic.MultiNvicIntPanel[,0,0,0x0,invalid,layout=javax.swing.BoxLayout,alignmentX=0.0,alignmentY=0.0,border=,flags=9,maximumSize=,minimumSize=,preferredSize=]
2025-07-01 12:21:07,082 [INFO] ADCParametersView:116 -                Rank 1 : false
2025-07-01 12:21:07,088 [INFO] ADCParametersView:116 -                Rank 1 : false
2025-07-01 12:21:07,089 [INFO] ADCParametersView:116 -                Rank 1 : false
2025-07-01 12:21:07,090 [INFO] ADCParametersView:116 -                Rank 1 : false
2025-07-01 12:21:07,091 [INFO] ADCParametersView:116 -                Rank 1 : false
2025-07-01 12:21:07,091 [INFO] ADCParametersView:116 -                Rank 1 : false
2025-07-01 12:21:07,092 [INFO] ADCParametersView:116 -                Rank 1 : false
2025-07-01 12:21:07,093 [INFO] ADCParametersView:116 -                Rank 1 : false
2025-07-01 12:21:07,093 [INFO] ADCParametersView:116 -                Rank 1 : false
2025-07-01 12:21:07,094 [INFO] ADCParametersView:116 -                Rank 1 : false
2025-07-01 12:21:07,095 [INFO] ADCParametersView:116 -                Rank 1 : false
2025-07-01 12:21:07,095 [INFO] ADCParametersView:116 -                Rank 1 : false
2025-07-01 12:21:07,095 [INFO] ADCParametersView:116 -                Rank 1 : false
2025-07-01 12:21:07,096 [INFO] ADCParametersView:116 -                Rank 1 : false
2025-07-01 12:21:07,190 [INFO] ADCParametersView:116 -                Rank 1 : false
2025-07-01 12:21:09,635 [INFO] UtilMem:75 - End SaveConfig() Used Memory: 866399632 Bytes (1073741824)
2025-07-01 12:21:11,024 [INFO] UtilMem:75 - End SaveConfig() Used Memory: 909877736 Bytes (1073741824)
2025-07-01 12:21:11,676 [INFO] BlockDiagram:2775 - set Specific Code input for plugin: NVIC
2025-07-01 12:21:11,676 [INFO] BlockDiagram:2775 - set Specific Code input for plugin: USART
2025-07-01 12:21:11,676 [INFO] BlockDiagram:2775 - set Specific Code input for plugin: SYS
2025-07-01 12:21:11,677 [INFO] BlockDiagram:2775 - set Specific Code input for plugin: GPIO
2025-07-01 12:21:11,677 [INFO] BlockDiagram:2775 - set Specific Code input for plugin: ADC
2025-07-01 12:21:11,678 [INFO] BlockDiagram:2775 - set Specific Code input for plugin: RCC
2025-07-01 12:21:11,678 [INFO] CodeGenerator:882 - code generatio: config db path: /opt/st/stm32cubeide_1.18.1/plugins/com.st.stm32cube.common.mx_6.14.1.202504091515//db/
2025-07-01 12:21:11,857 [INFO] CodeEngine:263 - oldGeneratedFile, /home/psh/workspace_semicon/ARM/12_ADC_INT/MXTmpFiles/license.tmp_save
2025-07-01 12:21:12,560 [INFO] CodeEngine:287 - Generated code: /home/psh/workspace_semicon/ARM/12_ADC_INT/MXTmpFiles/license.tmp
2025-07-01 12:21:12,614 [INFO] CodeEngine:263 - oldGeneratedFile, /home/psh/workspace_semicon/ARM/12_ADC_INT/Core/Src/gpio.c_save
2025-07-01 12:21:12,939 [INFO] CodeEngine:287 - Generated code: /home/psh/workspace_semicon/ARM/12_ADC_INT/Core/Src/gpio.c
2025-07-01 12:21:12,941 [INFO] CodeEngine:263 - oldGeneratedFile, /home/psh/workspace_semicon/ARM/12_ADC_INT/Core/Inc/gpio.h_save
2025-07-01 12:21:13,237 [INFO] CodeEngine:287 - Generated code: /home/psh/workspace_semicon/ARM/12_ADC_INT/Core/Inc/gpio.h
2025-07-01 12:21:13,479 [INFO] CodeEngine:263 - oldGeneratedFile, /home/psh/workspace_semicon/ARM/12_ADC_INT/Core/Src/adc.c_save
2025-07-01 12:21:14,007 [INFO] CodeEngine:287 - Generated code: /home/psh/workspace_semicon/ARM/12_ADC_INT/Core/Src/adc.c
2025-07-01 12:21:14,010 [INFO] CodeEngine:263 - oldGeneratedFile, /home/psh/workspace_semicon/ARM/12_ADC_INT/Core/Inc/adc.h_save
2025-07-01 12:21:14,269 [INFO] CodeEngine:287 - Generated code: /home/psh/workspace_semicon/ARM/12_ADC_INT/Core/Inc/adc.h
2025-07-01 12:21:14,277 [INFO] CodeEngine:263 - oldGeneratedFile, /home/psh/workspace_semicon/ARM/12_ADC_INT/Core/Src/usart.c_save
2025-07-01 12:21:14,586 [INFO] CodeEngine:287 - Generated code: /home/psh/workspace_semicon/ARM/12_ADC_INT/Core/Src/usart.c
2025-07-01 12:21:14,590 [INFO] CodeEngine:263 - oldGeneratedFile, /home/psh/workspace_semicon/ARM/12_ADC_INT/Core/Inc/usart.h_save
2025-07-01 12:21:14,805 [INFO] CodeEngine:287 - Generated code: /home/psh/workspace_semicon/ARM/12_ADC_INT/Core/Inc/usart.h
2025-07-01 12:21:14,820 [INFO] CodeEngine:263 - oldGeneratedFile, /home/psh/workspace_semicon/ARM/12_ADC_INT/Core/Src/stm32f4xx_it.c_save
2025-07-01 12:21:15,390 [INFO] CodeEngine:287 - Generated code: /home/psh/workspace_semicon/ARM/12_ADC_INT/Core/Src/stm32f4xx_it.c
2025-07-01 12:21:15,394 [INFO] CodeEngine:263 - oldGeneratedFile, /home/psh/workspace_semicon/ARM/12_ADC_INT/Core/Inc/stm32f4xx_it.h_save
2025-07-01 12:21:15,597 [INFO] CodeEngine:287 - Generated code: /home/psh/workspace_semicon/ARM/12_ADC_INT/Core/Inc/stm32f4xx_it.h
2025-07-01 12:21:15,614 [INFO] CodeEngine:263 - oldGeneratedFile, /home/psh/workspace_semicon/ARM/12_ADC_INT/Core/Src/stm32f4xx_hal_msp.c_save
2025-07-01 12:21:15,939 [INFO] CodeEngine:287 - Generated code: /home/psh/workspace_semicon/ARM/12_ADC_INT/Core/Src/stm32f4xx_hal_msp.c
2025-07-01 12:21:15,944 [INFO] CodeEngine:263 - oldGeneratedFile, /home/psh/workspace_semicon/ARM/12_ADC_INT/MXTmpFiles/system.tmp_save
2025-07-01 12:21:16,225 [INFO] CodeEngine:287 - Generated code: /home/psh/workspace_semicon/ARM/12_ADC_INT/MXTmpFiles/system.tmp
2025-07-01 12:21:16,237 [INFO] CodeEngine:319 - oldGeneratedFile, /home/psh/workspace_semicon/ARM/12_ADC_INT/Core/Inc/stm32f4xx_hal_conf.h_save
2025-07-01 12:21:16,552 [INFO] CodeEngine:343 - Generated code: /home/psh/workspace_semicon/ARM/12_ADC_INT/Core/Inc/stm32f4xx_hal_conf.h
2025-07-01 12:21:16,650 [INFO] CodeEngine:263 - oldGeneratedFile, /home/psh/workspace_semicon/ARM/12_ADC_INT/Core/Inc/main.h_save
2025-07-01 12:21:17,067 [INFO] CodeEngine:287 - Generated code: /home/psh/workspace_semicon/ARM/12_ADC_INT/Core/Inc/main.h
2025-07-01 12:21:17,074 [INFO] CodeEngine:263 - oldGeneratedFile, /home/psh/workspace_semicon/ARM/12_ADC_INT/Core/Src/main.c_save
2025-07-01 12:21:17,435 [INFO] CodeEngine:287 - Generated code: /home/psh/workspace_semicon/ARM/12_ADC_INT/Core/Src/main.c
2025-07-01 12:21:18,420 [INFO] ProjectBuilder:3324 - Time for Copy HAL[1] : 63mS.
2025-07-01 12:21:18,425 [INFO] ProjectBuilder:4912 - Project Generator version: 4.6.0.1-B1
2025-07-01 12:21:18,704 [INFO] ConfigFileManager:1590 - The Die is : DIE431
2025-07-01 12:21:20,591 [INFO] ProjectBuilder:5191 - Time for Generating toolchain IDE Files: 2166mS.
2025-07-01 12:21:20,592 [INFO] ProjectBuilder:3181 - Time for Copy CMSIS : 1mS.
2025-07-01 12:21:20,594 [INFO] ProjectBuilder:3181 - Time for Copy CMSIS : 0mS.
2025-07-01 12:22:53,519 [INFO] MainUpdater:2872 - connection check result : 10
2025-07-01 12:22:53,635 [INFO] McuFinderGlobals:76 - Set McuFinderConnectedMode to true
2025-07-01 12:22:53,636 [INFO] MultiScanPanel:200 - Auto-refresh data requested => check proxy status ongoing
2025-07-01 12:22:53,636 [INFO] FinderPluginLoader:95 - Searching for filters in installed packs
2025-07-01 12:22:58,500 [INFO] LoadUrlFilesThread:185 - End of LoadServerUrlFiles without Thread
2025-07-01 12:22:58,501 [INFO] DetailPanel:341 - Set advertising image to /home/psh/STM32Cube/Repository//en.cubemxfinderstm32wba6.jpg
2025-07-01 12:23:18,771 [INFO] MainUpdater:2872 - connection check result : 10
2025-07-01 12:23:18,771 [INFO] MainUpdater:2872 - connection check result : 10
2025-07-01 12:23:18,804 [INFO] MicroXplorer:468 - Change Database Path : 
2025-07-01 12:23:18,805 [INFO] MicroXplorer:498 - Change Database Version : DB.6.0.141
2025-07-01 12:23:18,829 [ERROR] ProjectManagerView:395 - 
java.lang.NullPointerException: Cannot invoke "javax.swing.JTextField.getText()" because the return value of "java.util.List.get(int)" is null
	at com.st.microxplorer.plugins.projectmanager.gui.ProjectChoiceTab$9.caretUpdate(ProjectChoiceTab.java:2678) ~[filemanager.jar:?]
	at javax.swing.text.JTextComponent.fireCaretUpdate(JTextComponent.java:408) ~[?:?]
	at javax.swing.text.JTextComponent$MutableCaretEvent.fire(JTextComponent.java:4484) ~[?:?]
	at javax.swing.text.JTextComponent$MutableCaretEvent.stateChanged(JTextComponent.java:4506) ~[?:?]
	at javax.swing.text.DefaultCaret.fireStateChanged(DefaultCaret.java:857) ~[?:?]
	at javax.swing.text.DefaultCaret.changeCaretPosition(DefaultCaret.java:1343) ~[?:?]
	at javax.swing.text.DefaultCaret.handleSetDot(DefaultCaret.java:1242) ~[?:?]
	at javax.swing.text.DefaultCaret.setDot(DefaultCaret.java:1223) ~[?:?]
	at javax.swing.text.DefaultCaret$Handler.insertUpdate(DefaultCaret.java:1819) ~[?:?]
	at javax.swing.text.AbstractDocument.fireInsertUpdate(AbstractDocument.java:227) ~[?:?]
	at javax.swing.text.AbstractDocument.handleInsertString(AbstractDocument.java:781) ~[?:?]
	at javax.swing.text.AbstractDocument.insertString(AbstractDocument.java:740) ~[?:?]
	at javax.swing.text.PlainDocument.insertString(PlainDocument.java:131) ~[?:?]
	at javax.swing.text.AbstractDocument.replace(AbstractDocument.java:699) ~[?:?]
	at javax.swing.text.JTextComponent.setText(JTextComponent.java:1725) ~[?:?]
	at com.st.microxplorer.plugins.projectmanager.gui.ProjectChoiceTab.createHeapStackFields(ProjectChoiceTab.java:979) ~[filemanager.jar:?]
	at com.st.microxplorer.plugins.projectmanager.gui.ProjectChoiceTab.buildLinkSettingsPanel(ProjectChoiceTab.java:3766) ~[filemanager.jar:?]
	at com.st.microxplorer.plugins.projectmanager.gui.ProjectChoiceTab.defineWindowsFields(ProjectChoiceTab.java:1962) ~[filemanager.jar:?]
	at com.st.microxplorer.plugins.projectmanager.gui.ProjectChoiceTab.updateSettings(ProjectChoiceTab.java:555) ~[filemanager.jar:?]
	at com.st.microxplorer.plugins.projectmanager.gui.ProjectSettingsPanel.UpdateDialog(ProjectSettingsPanel.java:245) ~[filemanager.jar:?]
	at com.st.microxplorer.plugins.projectmanager.ProjectManagerView.propertyChange(ProjectManagerView.java:392) ~[filemanager.jar:?]
	at java.beans.PropertyChangeSupport.fire(PropertyChangeSupport.java:343) ~[?:?]
	at java.beans.PropertyChangeSupport.firePropertyChange(PropertyChangeSupport.java:335) ~[?:?]
	at java.beans.PropertyChangeSupport.firePropertyChange(PropertyChangeSupport.java:268) ~[?:?]
	at com.st.microxplorer.util.MXPropertyChangeSupport.firePropertyChange(MXPropertyChangeSupport.java:54) ~[STM32CubeMX.jar:?]
	at com.st.microxplorer.mxsystem.MxSystem.closeConfig(MxSystem.java:899) ~[STM32CubeMX.jar:?]
	at com.st.microxplorer.maingui.MainPanel.closeConfig(MainPanel.java:789) ~[STM32CubeMX.jar:?]
	at com.st.microxplorer.plugins.filemanager.engine.OpenFileManager.loadConfigurationFile(OpenFileManager.java:287) ~[filemanager.jar:?]
	at com.st.microxplorer.plugins.filemanager.engine.MainFileManager.userLoadConfig(MainFileManager.java:341) ~[filemanager.jar:?]
	at com.st.microxplorer.plugins.filemanager.engine.MainFileManager.userLoadConfig(MainFileManager.java:319) ~[filemanager.jar:?]
	at com.st.microxplorer.plugins.filemanager.FileManagerView.getSpecificTask(FileManagerView.java:246) ~[filemanager.jar:?]
	at com.st.stm32cube.common.mx.editor.CubeMxEditor.getMxTabbedPaneInstance(CubeMxEditor.java:1198) ~[com.st.stm32cube.common.mx_6.14.1.202504091515/:?]
	at com.st.stm32cube.common.mx.editor.CubeMxEditor$12$1.createSwingComponent(CubeMxEditor.java:1068) ~[com.st.stm32cube.common.mx_6.14.1.202504091515/:?]
	at com.st.stm32cube.common.mx.oss.core.awtswtbridge.EmbeddedSwingComposite.doComponentCreation(EmbeddedSwingComposite.java:492) ~[com.st.stm32cube.common.mx.oss_6.14.1.202504091515/:?]
	at com.st.stm32cube.common.mx.oss.core.awtswtbridge.EmbeddedSwingComposite$4.run(EmbeddedSwingComposite.java:291) ~[com.st.stm32cube.common.mx.oss_6.14.1.202504091515/:?]
	at com.st.stm32cube.common.mx.oss.core.awtswtbridge.AwtEnvironment$2.run(AwtEnvironment.java:166) ~[com.st.stm32cube.common.mx.oss_6.14.1.202504091515/:?]
	at java.awt.event.InvocationEvent.dispatch(InvocationEvent.java:318) ~[?:?]
	at java.awt.EventQueue.dispatchEventImpl(EventQueue.java:773) ~[?:?]
	at java.awt.EventQueue$4.run(EventQueue.java:720) ~[?:?]
	at java.awt.EventQueue$4.run(EventQueue.java:714) ~[?:?]
	at java.security.AccessController.doPrivileged(AccessController.java:400) ~[?:?]
	at java.security.ProtectionDomain$JavaSecurityAccessImpl.doIntersectionPrivilege(ProtectionDomain.java:87) ~[?:?]
	at java.awt.EventQueue.dispatchEvent(EventQueue.java:742) ~[?:?]
	at java.awt.EventDispatchThread.pumpOneEventForFilters(EventDispatchThread.java:203) ~[?:?]
	at java.awt.EventDispatchThread.pumpEventsForFilter(EventDispatchThread.java:124) ~[?:?]
	at java.awt.EventDispatchThread.pumpEventsForHierarchy(EventDispatchThread.java:113) ~[?:?]
	at java.awt.EventDispatchThread.pumpEvents(EventDispatchThread.java:109) ~[?:?]
	at java.awt.EventDispatchThread.pumpEvents(EventDispatchThread.java:101) ~[?:?]
	at java.awt.EventDispatchThread.run(EventDispatchThread.java:90) ~[?:?]
2025-07-01 12:23:18,831 [WARN] ThirdParty:871 - waiting for thirdparty lock release [close project]
2025-07-01 12:23:18,831 [INFO] ThirdParty:873 - entering critical section [close project]
2025-07-01 12:23:18,831 [INFO] ThirdParty:883 - exiting critical section [close project]
2025-07-01 12:23:18,833 [INFO] PinOutPanel:1589 - setPackage(No Configuration,No Configuration)
2025-07-01 12:23:18,847 [WARN] IpParametersView:155 - Warning: This peripheral hasn't parameters
2025-07-01 12:23:18,855 [WARN] MainPanel:289 - <html><b><center>Warning: This peripheral has no parameters to be configured<br></b></html>
2025-07-01 12:23:18,859 [INFO] UtilMem:75 - Begin LoadConfig() Used Memory: 924021344 Bytes (1073741824)
2025-07-01 12:23:18,860 [INFO] MicroXplorer:468 - Change Database Path : 
2025-07-01 12:23:18,860 [INFO] MicroXplorer:498 - Change Database Version : DB.6.0.141
2025-07-01 12:23:18,861 [INFO] OpenFileManager:354 - Change cursor
2025-07-01 12:23:18,896 [INFO] RulesReader:64 - Compatibility file has been processed (302 Rules)
2025-07-01 12:23:18,901 [INFO] Mcu:2011 - Initializing MCU STM32F411R(C-E)Tx STM32F411RETx STM32F411RET6
2025-07-01 12:23:20,168 [INFO] Context:756 - Trying to add GPIOservice into a context  which must be forbidden
2025-07-01 12:23:21,091 [INFO] ImportTextPane:218 - (OptionalMessage_ERROR) Pin8 (VP_RIF_VS_RIF1) cannot be retrieved for this MCU
2025-07-01 12:23:21,181 [INFO] RtosManager:558 - Registered RTOS mode: class=CMSIS, group=RTOS, mode=CMSIS_V1, owner=FREERTOS
2025-07-01 12:23:21,181 [INFO] RtosManager:558 - Registered RTOS mode: class=CMSIS, group=RTOS2, mode=CMSIS_V2, owner=FREERTOS
2025-07-01 12:23:21,182 [INFO] RtosManager:558 - Registered RTOS mode: class=RTOS, group=Core, mode=CMSIS_V1, owner=FREERTOS
2025-07-01 12:23:21,182 [INFO] RtosManager:558 - Registered RTOS mode: class=RTOS, group=Core, mode=CMSIS_V2, owner=FREERTOS
2025-07-01 12:23:21,182 [WARN] ModelIntegratedComponent:184 - Missing modes for component STMicroelectronics:FreeRTOS:0.0.1:STMicroelectronics:RTOS:FreeRTOS:Core:::10.2.0:
2025-07-01 12:23:21,208 [WARN] ModelIntegratedComponent:182 - Modes not found for component STMicroelectronics:USB_HOST:1.0.0:STMicroelectronics:USB::USB Host:Audio HS::1.0:USB_HOST_1_0_RESTRICTED_HS
2025-07-01 12:23:21,209 [WARN] ModelIntegratedComponent:188 - Modes not found for component STMicroelectronics:USB_HOST:1.0.0:STMicroelectronics:USB::USB Host:Audio HS::1.0:USB_HOST_1_0_RESTRICTED_HS
2025-07-01 12:23:21,209 [WARN] ModelIntegratedComponent:182 - Modes not found for component STMicroelectronics:USB_HOST:1.0.0:STMicroelectronics:USB::USB Host:CDC HS::1.0:USB_HOST_1_0_RESTRICTED_HS
2025-07-01 12:23:21,209 [WARN] ModelIntegratedComponent:188 - Modes not found for component STMicroelectronics:USB_HOST:1.0.0:STMicroelectronics:USB::USB Host:CDC HS::1.0:USB_HOST_1_0_RESTRICTED_HS
2025-07-01 12:23:21,209 [WARN] ModelIntegratedComponent:182 - Modes not found for component STMicroelectronics:USB_HOST:1.0.0:STMicroelectronics:USB::USB Host:MSC HS::1.0:USB_HOST_1_0_RESTRICTED_HS
2025-07-01 12:23:21,209 [WARN] ModelIntegratedComponent:188 - Modes not found for component STMicroelectronics:USB_HOST:1.0.0:STMicroelectronics:USB::USB Host:MSC HS::1.0:USB_HOST_1_0_RESTRICTED_HS
2025-07-01 12:23:21,209 [WARN] ModelIntegratedComponent:182 - Modes not found for component STMicroelectronics:USB_HOST:1.0.0:STMicroelectronics:USB::USB Host:HID HS::1.0:USB_HOST_1_0_RESTRICTED_HS
2025-07-01 12:23:21,209 [WARN] ModelIntegratedComponent:188 - Modes not found for component STMicroelectronics:USB_HOST:1.0.0:STMicroelectronics:USB::USB Host:HID HS::1.0:USB_HOST_1_0_RESTRICTED_HS
2025-07-01 12:23:21,209 [WARN] ModelIntegratedComponent:182 - Modes not found for component STMicroelectronics:USB_HOST:1.0.0:STMicroelectronics:USB::USB Host:MTP HS::1.0:USB_HOST_1_0_RESTRICTED_HS
2025-07-01 12:23:21,209 [WARN] ModelIntegratedComponent:188 - Modes not found for component STMicroelectronics:USB_HOST:1.0.0:STMicroelectronics:USB::USB Host:MTP HS::1.0:USB_HOST_1_0_RESTRICTED_HS
2025-07-01 12:23:21,238 [WARN] ModelIntegratedComponent:63 - No mode defined for component null
2025-07-01 12:23:21,239 [WARN] ModelIntegratedComponent:63 - No mode defined for component null
2025-07-01 12:23:21,239 [WARN] ModelIntegratedComponent:63 - No mode defined for component null
2025-07-01 12:23:21,240 [WARN] ModelIntegratedComponent:63 - No mode defined for component null
2025-07-01 12:23:21,240 [WARN] ModelIntegratedComponent:63 - No mode defined for component null
2025-07-01 12:23:21,240 [WARN] ModelIntegratedComponent:63 - No mode defined for component null
2025-07-01 12:23:21,240 [WARN] ModelIntegratedComponent:63 - No mode defined for component null
2025-07-01 12:23:21,240 [WARN] ModelIntegratedComponent:63 - No mode defined for component null
2025-07-01 12:23:21,240 [WARN] ModelIntegratedComponent:63 - No mode defined for component null
2025-07-01 12:23:21,240 [WARN] ModelIntegratedComponent:63 - No mode defined for component null
2025-07-01 12:23:21,241 [WARN] ModelIntegratedComponent:63 - No mode defined for component null
2025-07-01 12:23:21,241 [WARN] ModelIntegratedComponent:63 - No mode defined for component null
2025-07-01 12:23:21,241 [WARN] ModelIntegratedComponent:63 - No mode defined for component null
2025-07-01 12:23:21,241 [WARN] ModelIntegratedComponent:63 - No mode defined for component null
2025-07-01 12:23:21,241 [WARN] ModelIntegratedComponent:63 - No mode defined for component null
2025-07-01 12:23:21,241 [WARN] ModelIntegratedComponent:63 - No mode defined for component null
2025-07-01 12:23:21,241 [WARN] ModelIntegratedComponent:63 - No mode defined for component null
2025-07-01 12:23:21,241 [WARN] ModelIntegratedComponent:63 - No mode defined for component null
2025-07-01 12:23:21,242 [WARN] ModelIntegratedComponent:63 - No mode defined for component null
2025-07-01 12:23:21,242 [WARN] ModelIntegratedComponent:63 - No mode defined for component null
2025-07-01 12:23:21,242 [WARN] ModelIntegratedComponent:63 - No mode defined for component null
2025-07-01 12:23:21,242 [WARN] ModelIntegratedComponent:63 - No mode defined for component null
2025-07-01 12:23:21,242 [WARN] ModelIntegratedComponent:63 - No mode defined for component null
2025-07-01 12:23:21,242 [WARN] ModelIntegratedComponent:63 - No mode defined for component null
2025-07-01 12:23:21,242 [WARN] ModelIntegratedComponent:63 - No mode defined for component null
2025-07-01 12:23:21,242 [WARN] ModelIntegratedComponent:63 - No mode defined for component null
2025-07-01 12:23:21,242 [WARN] ModelIntegratedComponent:63 - No mode defined for component null
2025-07-01 12:23:21,243 [WARN] ModelIntegratedComponent:63 - No mode defined for component null
2025-07-01 12:23:21,243 [WARN] ModelIntegratedComponent:63 - No mode defined for component null
2025-07-01 12:23:21,243 [WARN] ModelIntegratedComponent:63 - No mode defined for component null
2025-07-01 12:23:21,243 [WARN] ModelIntegratedComponent:63 - No mode defined for component null
2025-07-01 12:23:21,243 [WARN] ModelIntegratedComponent:63 - No mode defined for component null
2025-07-01 12:23:21,243 [WARN] ModelIntegratedComponent:63 - No mode defined for component null
2025-07-01 12:23:21,243 [WARN] ModelIntegratedComponent:63 - No mode defined for component null
2025-07-01 12:23:21,243 [WARN] ModelIntegratedComponent:63 - No mode defined for component null
2025-07-01 12:23:21,243 [WARN] ModelPack:524 - Component already loaded: STMicroelectronics:HAL Drivers:0.0.0:STMicroelectronics:Device:STMicro_Driver:XSPI:HAL::0.0.1:HAL_XSPI
2025-07-01 12:23:21,632 [WARN] ModelIntegratedComponent:182 - Modes not found for component STMicroelectronics:USB_DEVICE:1.0.0:STMicroelectronics:USB::USB Device:Audio HS::1.0:USB_DEVICE_1_0_RESTRICTED_HS
2025-07-01 12:23:21,632 [WARN] ModelIntegratedComponent:188 - Modes not found for component STMicroelectronics:USB_DEVICE:1.0.0:STMicroelectronics:USB::USB Device:Audio HS::1.0:USB_DEVICE_1_0_RESTRICTED_HS
2025-07-01 12:23:21,633 [WARN] ModelIntegratedComponent:182 - Modes not found for component STMicroelectronics:USB_DEVICE:1.0.0:STMicroelectronics:USB::USB Device:CDC HS::1.0:USB_DEVICE_1_0_RESTRICTED_HS
2025-07-01 12:23:21,633 [WARN] ModelIntegratedComponent:188 - Modes not found for component STMicroelectronics:USB_DEVICE:1.0.0:STMicroelectronics:USB::USB Device:CDC HS::1.0:USB_DEVICE_1_0_RESTRICTED_HS
2025-07-01 12:23:21,633 [WARN] ModelIntegratedComponent:182 - Modes not found for component STMicroelectronics:USB_DEVICE:1.0.0:STMicroelectronics:USB::USB Device:DFU HS::1.0:USB_DEVICE_1_0_RESTRICTED_HS
2025-07-01 12:23:21,633 [WARN] ModelIntegratedComponent:188 - Modes not found for component STMicroelectronics:USB_DEVICE:1.0.0:STMicroelectronics:USB::USB Device:DFU HS::1.0:USB_DEVICE_1_0_RESTRICTED_HS
2025-07-01 12:23:21,633 [WARN] ModelIntegratedComponent:182 - Modes not found for component STMicroelectronics:USB_DEVICE:1.0.0:STMicroelectronics:USB::USB Device:HID HS::1.0:USB_DEVICE_1_0_RESTRICTED_HS
2025-07-01 12:23:21,633 [WARN] ModelIntegratedComponent:188 - Modes not found for component STMicroelectronics:USB_DEVICE:1.0.0:STMicroelectronics:USB::USB Device:HID HS::1.0:USB_DEVICE_1_0_RESTRICTED_HS
2025-07-01 12:23:21,633 [WARN] ModelIntegratedComponent:182 - Modes not found for component STMicroelectronics:USB_DEVICE:1.0.0:STMicroelectronics:USB::USB Device:Custom HID HS::1.0:USB_DEVICE_1_0_RESTRICTED_HS
2025-07-01 12:23:21,633 [WARN] ModelIntegratedComponent:188 - Modes not found for component STMicroelectronics:USB_DEVICE:1.0.0:STMicroelectronics:USB::USB Device:Custom HID HS::1.0:USB_DEVICE_1_0_RESTRICTED_HS
2025-07-01 12:23:21,633 [WARN] ModelIntegratedComponent:182 - Modes not found for component STMicroelectronics:USB_DEVICE:1.0.0:STMicroelectronics:USB::USB Device:MSC HS::1.0:USB_DEVICE_1_0_RESTRICTED_HS
2025-07-01 12:23:21,633 [WARN] ModelIntegratedComponent:188 - Modes not found for component STMicroelectronics:USB_DEVICE:1.0.0:STMicroelectronics:USB::USB Device:MSC HS::1.0:USB_DEVICE_1_0_RESTRICTED_HS
2025-07-01 12:23:21,662 [INFO] ThirdPartyModel:298 - Start build external matchings
2025-07-01 12:23:22,698 [INFO] ThirdPartyModel:316 - End build external matchings
2025-07-01 12:23:22,719 [INFO] ImportTextPane:218 - (OptionalMessage_ERROR) IP (RCC) : Parameter (48MHZClocksFreq_Value) has invalid value (50000000)
2025-07-01 12:23:22,720 [INFO] ImportTextPane:218 - (OptionalMessage_ERROR) IP (RCC) : Parameter (RTCHSEDivFreq_Value) has invalid value (4000000)
2025-07-01 12:23:22,912 [INFO] UtilMem:75 - End LoadConfig() Used Memory: 789101312 Bytes (1073741824)
2025-07-01 12:23:22,939 [WARN] ThirdParty:833 - waiting for thirdparty lock release [change project]
2025-07-01 12:23:22,940 [INFO] ThirdParty:835 - entering critical section [change project]
2025-07-01 12:23:22,940 [INFO] ThirdParty:1030 - CMSIS Pack Vendor :STMicroelectronics X-CUBE-PM33A1 1.0.0
2025-07-01 12:23:22,940 [INFO] ThirdParty:1030 - CMSIS Pack Vendor :STMicroelectronics USBPD 4.1
2025-07-01 12:23:22,940 [INFO] ThirdParty:1030 - CMSIS Pack Vendor :STMicroelectronics X-CUBE-AZRTOS-H7 3.3.0
2025-07-01 12:23:22,940 [INFO] ThirdParty:1030 - CMSIS Pack Vendor :STMicroelectronics X-CUBE-NFC9 1.0.0
2025-07-01 12:23:22,940 [INFO] ThirdParty:1030 - CMSIS Pack Vendor :wolfSSL I-CUBE-wolfSSL 5.8.0
2025-07-01 12:23:22,940 [INFO] ThirdParty:1030 - CMSIS Pack Vendor :STMicroelectronics USB_HOST 2.0.0
2025-07-01 12:23:22,940 [INFO] ThirdParty:1030 - CMSIS Pack Vendor :STMicroelectronics FP-SNS-MOTENVWB1 1.4.0
2025-07-01 12:23:22,940 [INFO] ThirdParty:1030 - CMSIS Pack Vendor :STMicroelectronics X-CUBE-AZRTOS-F4 1.1.0
2025-07-01 12:23:22,940 [INFO] ThirdParty:1030 - CMSIS Pack Vendor :STMicroelectronics LIBJPEG 8.0.0
2025-07-01 12:23:22,940 [INFO] ThirdParty:1030 - CMSIS Pack Vendor :Avnet-IotConnect X-CUBE-IoTC-DA16k-PMOD 1.0.0
2025-07-01 12:23:22,940 [INFO] ThirdParty:1030 - CMSIS Pack Vendor :STMicroelectronics X-CUBE-SMBUS 2.1.0
2025-07-01 12:23:22,940 [INFO] ThirdParty:1030 - CMSIS Pack Vendor :wolfSSL I-CUBE-wolfMQTT 1.19.2
2025-07-01 12:23:22,940 [INFO] ThirdParty:1030 - CMSIS Pack Vendor :STMicroelectronics USB_DEVICE 3.0.0
2025-07-01 12:23:22,941 [INFO] ThirdParty:1030 - CMSIS Pack Vendor :STMicroelectronics X-CUBE-ISPU 2.1.0
2025-07-01 12:23:22,941 [INFO] ThirdParty:1030 - CMSIS Pack Vendor :STMicroelectronics X-CUBE-AZRTOS-WB 2.0.0
2025-07-01 12:23:22,941 [INFO] ThirdParty:1030 - CMSIS Pack Vendor :STMicroelectronics X-CUBE-ST60 1.0.0
2025-07-01 12:23:22,941 [INFO] ThirdParty:1030 - CMSIS Pack Vendor :STMicroelectronics X-CUBE-GNSS1 7.0.1
2025-07-01 12:23:22,941 [INFO] ThirdParty:1030 - CMSIS Pack Vendor :STMicroelectronics X-CUBE-AZRTOS-F7 1.1.0
2025-07-01 12:23:22,941 [INFO] ThirdParty:1030 - CMSIS Pack Vendor :STMicroelectronics X-CUBE-AZRTOS-L5 2.0.0
2025-07-01 12:23:22,941 [INFO] ThirdParty:1030 - CMSIS Pack Vendor :STMicroelectronics X-CUBE-TOUCHGFX 4.25.0
2025-07-01 12:23:22,941 [INFO] ThirdParty:1030 - CMSIS Pack Vendor :STMicroelectronics USB_DEVICE 2.0.0
2025-07-01 12:23:22,941 [INFO] ThirdParty:1030 - CMSIS Pack Vendor :STMicroelectronics X-CUBE-NFC6 3.1.0
2025-07-01 12:23:22,941 [INFO] ThirdParty:1030 - CMSIS Pack Vendor :STMicroelectronics FP-SNS-STBOX1 2.0.0
2025-07-01 12:23:22,941 [INFO] ThirdParty:1030 - CMSIS Pack Vendor :STMicroelectronics FreeRTOS 0.0.1
2025-07-01 12:23:22,941 [INFO] ThirdParty:1030 - CMSIS Pack Vendor :STMicroelectronics X-CUBE-AZRTOS-G0 1.1.0
2025-07-01 12:23:22,941 [INFO] ThirdParty:1030 - CMSIS Pack Vendor :STMicroelectronics X-CUBE-SAFEA1 1.2.2
2025-07-01 12:23:22,941 [INFO] ThirdParty:1030 - CMSIS Pack Vendor :STMicroelectronics X-CUBE-NFC4 3.0.0
2025-07-01 12:23:22,941 [INFO] ThirdParty:1030 - CMSIS Pack Vendor :STMicroelectronics X-CUBE-SUBG2 5.0.0
2025-07-01 12:23:22,941 [INFO] ThirdParty:1030 - CMSIS Pack Vendor :STMicroelectronics X-CUBE-AZRTOS-H7RS 1.1.0
2025-07-01 12:23:22,941 [INFO] ThirdParty:1030 - CMSIS Pack Vendor :STMicroelectronics STM32_WPAN 1.0.0
2025-07-01 12:23:22,941 [INFO] ThirdParty:1030 - CMSIS Pack Vendor :EmbeddedOffice I-CUBE-FS-RTOS 1.0.1
2025-07-01 12:23:22,941 [INFO] ThirdParty:1030 - CMSIS Pack Vendor :STMicroelectronics lwIP 2.0.3
2025-07-01 12:23:22,941 [INFO] ThirdParty:1030 - CMSIS Pack Vendor :Cesanta I-CUBE-Mongoose 7.13.0
2025-07-01 12:23:22,941 [INFO] ThirdParty:1030 - CMSIS Pack Vendor :STMicroelectronics USB_HOST 1.0.0
2025-07-01 12:23:22,941 [INFO] ThirdParty:1030 - CMSIS Pack Vendor :Infineon AIROC-Wi-Fi-Bluetooth-STM32 1.7.0
2025-07-01 12:23:22,941 [INFO] ThirdParty:1030 - CMSIS Pack Vendor :STMicroelectronics X-CUBE-AZRTOS-G4 2.0.0
2025-07-01 12:23:22,942 [INFO] ThirdParty:1030 - CMSIS Pack Vendor :STMicroelectronics X-CUBE-WB05N 2.0.0
2025-07-01 12:23:22,942 [INFO] ThirdParty:1030 - CMSIS Pack Vendor :STMicroelectronics PDM2PCM 3.1.0
2025-07-01 12:23:22,942 [INFO] ThirdParty:1030 - CMSIS Pack Vendor :STMicroelectronics PDM2PCM 3.3.0
2025-07-01 12:23:22,942 [INFO] ThirdParty:1030 - CMSIS Pack Vendor :wolfSSL I-CUBE-wolfTPM 3.8.0
2025-07-01 12:23:22,942 [INFO] ThirdParty:1030 - CMSIS Pack Vendor :STMicroelectronics X-CUBE-DISPLAY 3.0.0
2025-07-01 12:23:22,942 [INFO] ThirdParty:1030 - CMSIS Pack Vendor :wolfSSL I-CUBE-wolfSSH 1.4.20
2025-07-01 12:23:22,942 [INFO] ThirdParty:1030 - CMSIS Pack Vendor :STMicroelectronics X-CUBE-NFC7 2.0.0
2025-07-01 12:23:22,942 [INFO] ThirdParty:1030 - CMSIS Pack Vendor :STMicroelectronics X-CUBE-TCPP 4.2.0
2025-07-01 12:23:22,942 [INFO] ThirdParty:1030 - CMSIS Pack Vendor :RealThread X-CUBE-RT-Thread_Nano 4.1.1
2025-07-01 12:23:22,942 [INFO] ThirdParty:1030 - CMSIS Pack Vendor :STMicroelectronics FP-ATR-SIGFOX1 3.2.0
2025-07-01 12:23:22,942 [INFO] ThirdParty:1030 - CMSIS Pack Vendor :STMicroelectronics X-CUBE-NFC10 1.0.0
2025-07-01 12:23:22,942 [INFO] ThirdParty:1030 - CMSIS Pack Vendor :STMicroelectronics X-CUBE-BLEMGR 4.0.0
2025-07-01 12:23:22,942 [INFO] ThirdParty:1030 - CMSIS Pack Vendor :STMicroelectronics X-CUBE-EEPRMA1 5.1.0
2025-07-01 12:23:22,942 [INFO] ThirdParty:1030 - CMSIS Pack Vendor :STMicroelectronics X-CUBE-FREERTOS 1.3.1
2025-07-01 12:23:22,942 [INFO] ThirdParty:1030 - CMSIS Pack Vendor :STMicroelectronics HAL Drivers 0.0.0
2025-07-01 12:23:22,942 [INFO] ThirdParty:1030 - CMSIS Pack Vendor :STMicroelectronics MBEDTLS 2.16.2
2025-07-01 12:23:22,942 [INFO] ThirdParty:1030 - CMSIS Pack Vendor :STMicroelectronics X-CUBE-IPS 3.1.0
2025-07-01 12:23:22,942 [INFO] ThirdParty:1030 - CMSIS Pack Vendor :STMicroelectronics X-CUBE-ALS 1.0.2
2025-07-01 12:23:22,942 [INFO] ThirdParty:1030 - CMSIS Pack Vendor :emotas I-CUBE-CANOPEN 1.3.0
2025-07-01 12:23:22,942 [INFO] ThirdParty:1030 - CMSIS Pack Vendor :STMicroelectronics MBEDTLS 2.14.1
2025-07-01 12:23:22,942 [INFO] ThirdParty:1030 - CMSIS Pack Vendor :ITTIA_DB I-CUBE-ITTIADB 8.9.0
2025-07-01 12:23:22,942 [INFO] ThirdParty:1030 - CMSIS Pack Vendor :portGmbH I-Cube-SoM-uGOAL 1.1.0
2025-07-01 12:23:22,942 [INFO] ThirdParty:1030 - CMSIS Pack Vendor :quantropi X-CUBE-qispace-sdk-base 2.0.0
2025-07-01 12:23:22,942 [INFO] ThirdParty:1030 - CMSIS Pack Vendor :STMicroelectronics X-CUBE-ST67W61 1.0.0
2025-07-01 12:23:22,942 [INFO] ThirdParty:1030 - CMSIS Pack Vendor :STMicroelectronics FP-SNS-STAIOTCFT 1.0.0
2025-07-01 12:23:22,943 [INFO] ThirdParty:1030 - CMSIS Pack Vendor :STMicroelectronics ThreadX 1.0.0
2025-07-01 12:23:22,943 [INFO] ThirdParty:1030 - CMSIS Pack Vendor :STMicroelectronics FP-SNS-SMARTAG2 1.2.0
2025-07-01 12:23:22,943 [INFO] ThirdParty:1030 - CMSIS Pack Vendor :STMicroelectronics X-CUBE-AZRTOS-WL 2.0.0
2025-07-01 12:23:22,943 [INFO] ThirdParty:1030 - CMSIS Pack Vendor :SEGGER I-CUBE-embOS 1.3.1
2025-07-01 12:23:22,943 [INFO] ThirdParty:1030 - CMSIS Pack Vendor :STMicroelectronics X-CUBE-ALGOBUILD 1.4.0
2025-07-01 12:23:22,943 [INFO] ThirdParty:1030 - CMSIS Pack Vendor :STMicroelectronics X-CUBE-DPower 1.3.0
2025-07-01 12:23:22,943 [INFO] ThirdParty:1030 - CMSIS Pack Vendor :STMicroelectronics X-CUBE-MEMS1 11.3.0
2025-07-01 12:23:22,943 [INFO] ThirdParty:1030 - CMSIS Pack Vendor :STMicroelectronics FP-SNS-MOTENV1 5.0.0
2025-07-01 12:23:22,943 [INFO] ThirdParty:1030 - CMSIS Pack Vendor :STMicroelectronics USB_DEVICE 1.0.0
2025-07-01 12:23:22,943 [INFO] ThirdParty:1030 - CMSIS Pack Vendor :STMicroelectronics X-CUBE-AZRTOS-L4 2.0.0
2025-07-01 12:23:22,943 [INFO] ThirdParty:1030 - CMSIS Pack Vendor :STMicroelectronics ThreadX 0.0.2
2025-07-01 12:23:22,943 [INFO] ThirdParty:1030 - CMSIS Pack Vendor :WES I-CUBE-Cesium 1.3.0
2025-07-01 12:23:22,943 [INFO] ThirdParty:1030 - CMSIS Pack Vendor :STMicroelectronics lwIP 2.1.2
2025-07-01 12:23:22,943 [INFO] ThirdParty:1030 - CMSIS Pack Vendor :STMicroelectronics X-CUBE-SFXS2LP1 4.0.0
2025-07-01 12:23:22,943 [INFO] ThirdParty:1030 - CMSIS Pack Vendor :STMicroelectronics X-CUBE-BLE2 3.3.0
2025-07-01 12:23:22,943 [INFO] ThirdParty:1030 - CMSIS Pack Vendor :STMicroelectronics X-CUBE-TOF1 3.4.3
2025-07-01 12:23:22,943 [INFO] ThirdParty:1030 - CMSIS Pack Vendor :STMicroelectronics PDM2PCM 3.2.0
2025-07-01 12:23:22,943 [INFO] ThirdParty:841 - exiting critical section [change project]
2025-07-01 12:23:23,450 [INFO] PinOutPanel:1589 - setPackage(No Configuration,No Configuration)
2025-07-01 12:23:23,450 [INFO] PinOutPanel:1589 - setPackage(STM32F411RETx,LQFP64)
2025-07-01 12:23:24,201 [INFO] UtilMem:75 - Before build in PCC Used Memory: 828895216 Bytes (1073741824)
2025-07-01 12:23:24,745 [INFO] UtilMem:75 - After build in PCC Used Memory: 872409072 Bytes (1073741824)
2025-07-01 12:23:24,797 [INFO] IPUIPlugin:80 - create IPUIPlugin
2025-07-01 12:23:24,799 [INFO] IPUIPlugin:80 - create IPUIPlugin
2025-07-01 12:23:24,799 [INFO] IPUIPlugin:80 - create IPUIPlugin
2025-07-01 12:23:24,799 [INFO] IPUIPlugin:80 - create IPUIPlugin
2025-07-01 12:23:24,800 [INFO] IPUIPlugin:80 - create IPUIPlugin
2025-07-01 12:23:24,800 [INFO] IPUIPlugin:80 - create IPUIPlugin
2025-07-01 12:23:24,800 [INFO] IPUIPlugin:80 - create IPUIPlugin
2025-07-01 12:23:24,800 [INFO] IPUIPlugin:80 - create IPUIPlugin
2025-07-01 12:23:24,800 [INFO] IPUIPlugin:80 - create IPUIPlugin
2025-07-01 12:23:24,801 [INFO] IPUIPlugin:80 - create IPUIPlugin
2025-07-01 12:23:24,801 [INFO] IPUIPlugin:80 - create IPUIPlugin
2025-07-01 12:23:24,801 [INFO] IPUIPlugin:80 - create IPUIPlugin
2025-07-01 12:23:24,802 [INFO] IPUIPlugin:80 - create IPUIPlugin
2025-07-01 12:23:24,802 [INFO] IPUIPlugin:80 - create IPUIPlugin
2025-07-01 12:23:24,803 [INFO] IPUIPlugin:80 - create IPUIPlugin
2025-07-01 12:23:24,803 [INFO] IPUIPlugin:80 - create IPUIPlugin
2025-07-01 12:23:24,804 [INFO] IPUIPlugin:80 - create IPUIPlugin
2025-07-01 12:23:24,804 [INFO] IPUIPlugin:80 - create IPUIPlugin
2025-07-01 12:23:24,804 [INFO] IPUIPlugin:80 - create IPUIPlugin
2025-07-01 12:23:24,805 [INFO] IPUIPlugin:80 - create IPUIPlugin
2025-07-01 12:23:24,805 [INFO] IPUIPlugin:80 - create IPUIPlugin
2025-07-01 12:23:24,806 [INFO] IPUIPlugin:80 - create IPUIPlugin
2025-07-01 12:23:24,806 [INFO] IPUIPlugin:80 - create IPUIPlugin
2025-07-01 12:23:24,807 [INFO] IPUIPlugin:80 - create IPUIPlugin
2025-07-01 12:23:24,807 [INFO] IPUIPlugin:80 - create IPUIPlugin
2025-07-01 12:23:24,808 [INFO] IPUIPlugin:80 - create IPUIPlugin
2025-07-01 12:23:24,808 [INFO] IPUIPlugin:80 - create IPUIPlugin
2025-07-01 12:23:24,809 [INFO] IPUIPlugin:80 - create IPUIPlugin
2025-07-01 12:23:24,810 [INFO] IPUIPlugin:80 - create IPUIPlugin
2025-07-01 12:23:24,810 [INFO] IPUIPlugin:80 - create IPUIPlugin
2025-07-01 12:23:24,811 [INFO] IPUIPlugin:80 - create IPUIPlugin
2025-07-01 12:23:24,811 [INFO] IPUIPlugin:80 - create IPUIPlugin
2025-07-01 12:23:24,812 [INFO] IPUIPlugin:80 - create IPUIPlugin
2025-07-01 12:23:24,812 [INFO] IPUIPlugin:80 - create IPUIPlugin
2025-07-01 12:23:24,813 [INFO] IPUIPlugin:80 - create IPUIPlugin
2025-07-01 12:23:24,813 [INFO] IPUIPlugin:80 - create IPUIPlugin
2025-07-01 12:23:24,814 [INFO] IPUIPlugin:80 - create IPUIPlugin
2025-07-01 12:23:24,814 [INFO] IPUIPlugin:80 - create IPUIPlugin
2025-07-01 12:23:24,814 [INFO] IPUIPlugin:80 - create IPUIPlugin
2025-07-01 12:23:24,815 [INFO] IPUIPlugin:80 - create IPUIPlugin
2025-07-01 12:23:24,816 [INFO] IPUIPlugin:80 - create IPUIPlugin
2025-07-01 12:23:24,817 [INFO] IPUIPlugin:80 - create IPUIPlugin
2025-07-01 12:23:24,818 [INFO] IPUIPlugin:80 - create IPUIPlugin
2025-07-01 12:23:24,823 [INFO] ApiDbMcu:508 - Load IP Config File for PDM2PCM
2025-07-01 12:23:24,984 [INFO] CADModel:165 - CPN selected for project levelSTM32F411RET6
2025-07-01 12:23:24,985 [INFO] CADModel:114 - Register for checkConnection events
2025-07-01 12:23:25,042 [INFO] OpenFileManager:385 - Restore cursor
2025-07-01 12:23:25,852 [INFO] UtilMem:75 - End SaveConfig() Used Memory: 983926456 Bytes (1073741824)
2025-07-01 12:23:25,910 [INFO] UtilMem:75 - End SaveConfig() Used Memory: 999655288 Bytes (1073741824)
2025-07-01 12:23:26,109 [INFO] BlockDiagram:2775 - set Specific Code input for plugin: NVIC
2025-07-01 12:23:26,109 [INFO] BlockDiagram:2775 - set Specific Code input for plugin: USART
2025-07-01 12:23:26,109 [INFO] BlockDiagram:2775 - set Specific Code input for plugin: SYS
2025-07-01 12:23:26,113 [INFO] BlockDiagram:2775 - set Specific Code input for plugin: GPIO
2025-07-01 12:23:26,114 [INFO] BlockDiagram:2775 - set Specific Code input for plugin: ADC
2025-07-01 12:23:26,114 [INFO] BlockDiagram:2775 - set Specific Code input for plugin: RCC
2025-07-01 12:23:26,114 [INFO] CodeGenerator:882 - code generatio: config db path: /opt/st/stm32cubeide_1.18.1/plugins/com.st.stm32cube.common.mx_6.14.1.202504091515//db/
2025-07-01 12:23:26,229 [INFO] CodeEngine:263 - oldGeneratedFile, /home/psh/workspace_semicon/ARM/12_ADC_DMA/MXTmpFiles/license.tmp_save
2025-07-01 12:23:26,320 [INFO] CodeEngine:287 - Generated code: /home/psh/workspace_semicon/ARM/12_ADC_DMA/MXTmpFiles/license.tmp
2025-07-01 12:23:26,377 [INFO] CodeEngine:263 - oldGeneratedFile, /home/psh/workspace_semicon/ARM/12_ADC_DMA/Core/Src/gpio.c_save
2025-07-01 12:23:26,465 [INFO] CodeEngine:287 - Generated code: /home/psh/workspace_semicon/ARM/12_ADC_DMA/Core/Src/gpio.c
2025-07-01 12:23:26,466 [INFO] CodeEngine:263 - oldGeneratedFile, /home/psh/workspace_semicon/ARM/12_ADC_DMA/Core/Inc/gpio.h_save
2025-07-01 12:23:26,540 [INFO] CodeEngine:287 - Generated code: /home/psh/workspace_semicon/ARM/12_ADC_DMA/Core/Inc/gpio.h
2025-07-01 12:23:26,595 [INFO] CodeEngine:263 - oldGeneratedFile, /home/psh/workspace_semicon/ARM/12_ADC_DMA/Core/Src/adc.c_save
2025-07-01 12:23:26,725 [INFO] CodeEngine:287 - Generated code: /home/psh/workspace_semicon/ARM/12_ADC_DMA/Core/Src/adc.c
2025-07-01 12:23:26,726 [INFO] CodeEngine:263 - oldGeneratedFile, /home/psh/workspace_semicon/ARM/12_ADC_DMA/Core/Inc/adc.h_save
2025-07-01 12:23:26,827 [INFO] CodeEngine:287 - Generated code: /home/psh/workspace_semicon/ARM/12_ADC_DMA/Core/Inc/adc.h
2025-07-01 12:23:26,829 [INFO] CodeEngine:263 - oldGeneratedFile, /home/psh/workspace_semicon/ARM/12_ADC_DMA/Core/Src/usart.c_save
2025-07-01 12:23:26,948 [INFO] CodeEngine:287 - Generated code: /home/psh/workspace_semicon/ARM/12_ADC_DMA/Core/Src/usart.c
2025-07-01 12:23:26,949 [INFO] CodeEngine:263 - oldGeneratedFile, /home/psh/workspace_semicon/ARM/12_ADC_DMA/Core/Inc/usart.h_save
2025-07-01 12:23:27,021 [INFO] CodeEngine:287 - Generated code: /home/psh/workspace_semicon/ARM/12_ADC_DMA/Core/Inc/usart.h
2025-07-01 12:23:27,025 [INFO] CodeEngine:263 - oldGeneratedFile, /home/psh/workspace_semicon/ARM/12_ADC_DMA/Core/Src/stm32f4xx_it.c_save
2025-07-01 12:23:27,102 [INFO] CodeEngine:287 - Generated code: /home/psh/workspace_semicon/ARM/12_ADC_DMA/Core/Src/stm32f4xx_it.c
2025-07-01 12:23:27,103 [INFO] CodeEngine:263 - oldGeneratedFile, /home/psh/workspace_semicon/ARM/12_ADC_DMA/Core/Inc/stm32f4xx_it.h_save
2025-07-01 12:23:27,172 [INFO] CodeEngine:287 - Generated code: /home/psh/workspace_semicon/ARM/12_ADC_DMA/Core/Inc/stm32f4xx_it.h
2025-07-01 12:23:27,177 [INFO] CodeEngine:263 - oldGeneratedFile, /home/psh/workspace_semicon/ARM/12_ADC_DMA/Core/Src/stm32f4xx_hal_msp.c_save
2025-07-01 12:23:27,281 [INFO] CodeEngine:287 - Generated code: /home/psh/workspace_semicon/ARM/12_ADC_DMA/Core/Src/stm32f4xx_hal_msp.c
2025-07-01 12:23:27,282 [INFO] CodeEngine:263 - oldGeneratedFile, /home/psh/workspace_semicon/ARM/12_ADC_DMA/MXTmpFiles/system.tmp_save
2025-07-01 12:23:27,353 [INFO] CodeEngine:287 - Generated code: /home/psh/workspace_semicon/ARM/12_ADC_DMA/MXTmpFiles/system.tmp
2025-07-01 12:23:27,356 [INFO] CodeEngine:319 - oldGeneratedFile, /home/psh/workspace_semicon/ARM/12_ADC_DMA/Core/Inc/stm32f4xx_hal_conf.h_save
2025-07-01 12:23:27,438 [INFO] CodeEngine:343 - Generated code: /home/psh/workspace_semicon/ARM/12_ADC_DMA/Core/Inc/stm32f4xx_hal_conf.h
2025-07-01 12:23:27,458 [INFO] ApiDbMcu:508 - Load IP Config File for ADC1
2025-07-01 12:23:27,461 [INFO] ApiDbMcu:508 - Load IP Config File for USART2
2025-07-01 12:23:27,464 [INFO] ApiDbMcu:508 - Load IP Config File for RCC
2025-07-01 12:23:27,467 [INFO] CodeEngine:263 - oldGeneratedFile, /home/psh/workspace_semicon/ARM/12_ADC_DMA/Core/Inc/main.h_save
2025-07-01 12:23:27,556 [INFO] CodeEngine:287 - Generated code: /home/psh/workspace_semicon/ARM/12_ADC_DMA/Core/Inc/main.h
2025-07-01 12:23:27,557 [INFO] CodeEngine:263 - oldGeneratedFile, /home/psh/workspace_semicon/ARM/12_ADC_DMA/Core/Src/main.c_save
2025-07-01 12:23:27,662 [INFO] CodeEngine:287 - Generated code: /home/psh/workspace_semicon/ARM/12_ADC_DMA/Core/Src/main.c
2025-07-01 12:23:27,968 [INFO] ProjectBuilder:3324 - Time for Copy HAL[1] : 22mS.
2025-07-01 12:23:27,970 [INFO] ProjectBuilder:4912 - Project Generator version: 4.6.0.1-B1
2025-07-01 12:23:28,137 [INFO] ConfigFileManager:1590 - The Die is : DIE431
2025-07-01 12:23:28,141 [INFO] ApiDbMcu:508 - Load IP Config File for FATFS
2025-07-01 12:23:28,149 [INFO] ApiDbMcu:508 - Load IP Config File for FREERTOS
2025-07-01 12:23:28,152 [INFO] ApiDbMcu:508 - Load IP Config File for LIBJPEG
2025-07-01 12:23:28,164 [INFO] ApiDbMcu:508 - Load IP Config File for MBEDTLS
2025-07-01 12:23:28,181 [INFO] ApiDbMcu:508 - Load IP Config File for USB_DEVICE
2025-07-01 12:23:28,189 [INFO] ApiDbMcu:508 - Load IP Config File for USB_HOST
2025-07-01 12:23:32,789 [INFO] ProjectBuilder:5191 - Time for Generating toolchain IDE Files: 4815mS.
2025-07-01 12:23:32,790 [INFO] ProjectBuilder:3181 - Time for Copy CMSIS : 0mS.
2025-07-01 12:23:32,792 [INFO] ProjectBuilder:3181 - Time for Copy CMSIS : 1mS.
2025-07-01 12:23:33,652 [INFO] McuFinderGlobals:76 - Set McuFinderConnectedMode to true
2025-07-01 12:23:34,030 [INFO] ApiDb:448 - Save user favorites file /home/psh/.stm32cubeide/favorites.mcus.txt: 1 item(s)
2025-07-01 12:23:34,030 [INFO] ApiDb:452 - User favorites MCUs=[STM32F411RET6]
2025-07-01 12:23:48,609 [INFO] ADCParametersView:116 -                Rank 1 : false
2025-07-01 12:23:48,722 [INFO] ADCParametersView:116 -                Rank 1 : false
2025-07-01 12:23:48,722 [INFO] ADCParametersView:116 -                Rank 1 : false
2025-07-01 12:23:48,723 [INFO] ADCParametersView:116 -                Rank 1 : false
2025-07-01 12:23:48,723 [INFO] ADCParametersView:116 -                Rank 1 : false
2025-07-01 12:23:48,723 [INFO] ADCParametersView:116 -                Rank 1 : false
2025-07-01 12:23:48,723 [INFO] ADCParametersView:116 -                Rank 1 : false
2025-07-01 12:23:48,724 [INFO] ADCParametersView:116 -                Rank 1 : false
2025-07-01 12:23:48,724 [INFO] ADCParametersView:116 -                Rank 1 : false
2025-07-01 12:23:48,724 [INFO] ADCParametersView:116 -                Rank 1 : false
2025-07-01 12:23:48,724 [INFO] ADCParametersView:116 -                Rank 1 : false
2025-07-01 12:23:48,724 [INFO] ADCParametersView:116 -                Rank 1 : false
2025-07-01 12:23:48,725 [INFO] ADCParametersView:116 -                Rank 1 : false
2025-07-01 12:23:48,725 [INFO] ADCParametersView:116 -                Rank 1 : false
2025-07-01 12:23:48,725 [INFO] ADCParametersView:116 -                Rank 1 : false
2025-07-01 12:23:48,784 [INFO] ADCParametersView:116 -                Rank 1 : false
2025-07-01 12:23:56,771 [INFO] ADCParametersView:116 -                Rank 1 : false
2025-07-01 12:23:56,771 [INFO] ADCParametersView:116 -                Rank 1 : false
2025-07-01 12:23:56,772 [INFO] ADCParametersView:116 -                Rank 1 : false
2025-07-01 12:23:56,772 [INFO] ADCParametersView:116 -                Rank 1 : false
2025-07-01 12:23:56,772 [INFO] ADCParametersView:116 -                Rank 1 : false
2025-07-01 12:23:56,772 [INFO] ADCParametersView:116 -                Rank 1 : false
2025-07-01 12:23:56,772 [INFO] ADCParametersView:116 -                Rank 1 : false
2025-07-01 12:23:56,773 [INFO] ADCParametersView:116 -                Rank 1 : false
2025-07-01 12:23:56,773 [INFO] ADCParametersView:116 -                Rank 1 : false
2025-07-01 12:23:56,773 [INFO] ADCParametersView:116 -                Rank 1 : false
2025-07-01 12:23:56,773 [INFO] ADCParametersView:116 -                Rank 1 : false
2025-07-01 12:23:56,773 [INFO] ADCParametersView:116 -                Rank 1 : false
2025-07-01 12:23:56,773 [INFO] ADCParametersView:116 -                Rank 1 : false
2025-07-01 12:23:56,774 [INFO] ADCParametersView:116 -                Rank 1 : false
2025-07-01 12:23:56,844 [INFO] ADCParametersView:116 -                Rank 1 : false
2025-07-01 12:23:56,995 [INFO] ADCParametersView:116 -                Rank 1 : false
2025-07-01 12:23:56,995 [INFO] ADCParametersView:116 -                Rank 1 : false
2025-07-01 12:23:56,996 [INFO] ADCParametersView:116 -                Rank 1 : false
2025-07-01 12:23:56,996 [INFO] ADCParametersView:116 -                Rank 1 : false
2025-07-01 12:23:56,997 [INFO] ADCParametersView:116 -                Rank 1 : false
2025-07-01 12:23:56,997 [INFO] ADCParametersView:116 -                Rank 1 : false
2025-07-01 12:23:56,997 [INFO] ADCParametersView:116 -                Rank 1 : false
2025-07-01 12:23:56,998 [INFO] ADCParametersView:116 -                Rank 1 : false
2025-07-01 12:23:56,998 [INFO] ADCParametersView:116 -                Rank 1 : false
2025-07-01 12:23:56,998 [INFO] ADCParametersView:116 -                Rank 1 : false
2025-07-01 12:23:56,998 [INFO] ADCParametersView:116 -                Rank 1 : false
2025-07-01 12:23:56,998 [INFO] ADCParametersView:116 -                Rank 1 : false
2025-07-01 12:23:56,999 [INFO] ADCParametersView:116 -                Rank 1 : false
2025-07-01 12:23:56,999 [INFO] ADCParametersView:116 -                Rank 1 : false
2025-07-01 12:23:57,067 [INFO] ADCParametersView:116 -                Rank 1 : false
2025-07-01 12:23:57,403 [INFO] ADCParametersView:116 -                Rank 1 : false
2025-07-01 12:23:57,403 [INFO] ADCParametersView:116 -                Rank 1 : false
2025-07-01 12:23:57,404 [INFO] ADCParametersView:116 -                Rank 1 : false
2025-07-01 12:23:57,404 [INFO] ADCParametersView:116 -                Rank 1 : false
2025-07-01 12:23:57,404 [INFO] ADCParametersView:116 -                Rank 1 : false
2025-07-01 12:23:57,405 [INFO] ADCParametersView:116 -                Rank 1 : false
2025-07-01 12:23:57,405 [INFO] ADCParametersView:116 -                Rank 1 : false
2025-07-01 12:23:57,405 [INFO] ADCParametersView:116 -                Rank 1 : false
2025-07-01 12:23:57,405 [INFO] ADCParametersView:116 -                Rank 1 : false
2025-07-01 12:23:57,405 [INFO] ADCParametersView:116 -                Rank 1 : false
2025-07-01 12:23:57,405 [INFO] ADCParametersView:116 -                Rank 1 : false
2025-07-01 12:23:57,406 [INFO] ADCParametersView:116 -                Rank 1 : false
2025-07-01 12:23:57,406 [INFO] ADCParametersView:116 -                Rank 1 : false
2025-07-01 12:23:57,406 [INFO] ADCParametersView:116 -                Rank 1 : false
2025-07-01 12:23:57,473 [INFO] ADCParametersView:116 -                Rank 1 : false
2025-07-01 12:23:57,566 [INFO] ADCParametersView:116 -                Rank 1 : false
2025-07-01 12:23:57,567 [INFO] ADCParametersView:116 -                Rank 1 : false
2025-07-01 12:23:57,571 [INFO] ADCParametersView:116 -                Rank 1 : false
2025-07-01 12:23:57,571 [INFO] ADCParametersView:116 -                Rank 1 : false
2025-07-01 12:23:57,571 [INFO] ADCParametersView:116 -                Rank 1 : false
2025-07-01 12:23:57,571 [INFO] ADCParametersView:116 -                Rank 1 : false
2025-07-01 12:23:57,571 [INFO] ADCParametersView:116 -                Rank 1 : false
2025-07-01 12:23:57,572 [INFO] ADCParametersView:116 -                Rank 1 : false
2025-07-01 12:23:57,572 [INFO] ADCParametersView:116 -                Rank 1 : false
2025-07-01 12:23:57,572 [INFO] ADCParametersView:116 -                Rank 1 : false
2025-07-01 12:23:57,572 [INFO] ADCParametersView:116 -                Rank 1 : false
2025-07-01 12:23:57,572 [INFO] ADCParametersView:116 -                Rank 1 : false
2025-07-01 12:23:57,573 [INFO] ADCParametersView:116 -                Rank 1 : false
2025-07-01 12:23:57,573 [INFO] ADCParametersView:116 -                Rank 1 : false
2025-07-01 12:23:57,642 [INFO] ADCParametersView:116 -                Rank 1 : false
2025-07-01 12:24:11,256 [INFO] ADCParametersView:116 -                Rank 1 : false
2025-07-01 12:24:11,256 [INFO] ADCParametersView:116 -                Rank 1 : false
2025-07-01 12:24:11,256 [INFO] ADCParametersView:116 -                Rank 1 : false
2025-07-01 12:24:11,256 [INFO] ADCParametersView:116 -                Rank 1 : false
2025-07-01 12:24:11,257 [INFO] ADCParametersView:116 -                Rank 1 : false
2025-07-01 12:24:11,257 [INFO] ADCParametersView:116 -                Rank 1 : false
2025-07-01 12:24:11,257 [INFO] ADCParametersView:116 -                Rank 1 : false
2025-07-01 12:24:11,257 [INFO] ADCParametersView:116 -                Rank 1 : false
2025-07-01 12:24:11,257 [INFO] ADCParametersView:116 -                Rank 1 : false
2025-07-01 12:24:11,257 [INFO] ADCParametersView:116 -                Rank 1 : false
2025-07-01 12:24:11,257 [INFO] ADCParametersView:116 -                Rank 1 : false
2025-07-01 12:24:11,257 [INFO] ADCParametersView:116 -                Rank 1 : false
2025-07-01 12:24:11,257 [INFO] ADCParametersView:116 -                Rank 1 : false
2025-07-01 12:24:11,257 [INFO] ADCParametersView:116 -                Rank 1 : false
2025-07-01 12:24:11,281 [INFO] ADCParametersView:116 -                Rank 1 : false
2025-07-01 12:24:11,335 [INFO] ADCParametersView:116 -                Rank 1 : false
2025-07-01 12:24:11,335 [INFO] ADCParametersView:116 -                Rank 1 : false
2025-07-01 12:24:11,336 [INFO] ADCParametersView:116 -                Rank 1 : false
2025-07-01 12:24:11,336 [INFO] ADCParametersView:116 -                Rank 1 : false
2025-07-01 12:24:11,336 [INFO] ADCParametersView:116 -                Rank 1 : false
2025-07-01 12:24:11,337 [INFO] ADCParametersView:116 -                Rank 1 : false
2025-07-01 12:24:11,337 [INFO] ADCParametersView:116 -                Rank 1 : false
2025-07-01 12:24:11,337 [INFO] ADCParametersView:116 -                Rank 1 : false
2025-07-01 12:24:11,337 [INFO] ADCParametersView:116 -                Rank 1 : false
2025-07-01 12:24:11,337 [INFO] ADCParametersView:116 -                Rank 1 : false
2025-07-01 12:24:11,337 [INFO] ADCParametersView:116 -                Rank 1 : false
2025-07-01 12:24:11,337 [INFO] ADCParametersView:116 -                Rank 1 : false
2025-07-01 12:24:11,337 [INFO] ADCParametersView:116 -                Rank 1 : false
2025-07-01 12:24:11,338 [INFO] ADCParametersView:116 -                Rank 1 : false
2025-07-01 12:24:11,361 [INFO] ADCParametersView:116 -                Rank 1 : false
2025-07-01 12:24:21,964 [INFO] NvicIntPanel:101 - NVIC parent = com.st.microxplorer.plugins.ip.nvic.MultiNvicIntPanel[,0,0,0x0,invalid,layout=javax.swing.BoxLayout,alignmentX=0.0,alignmentY=0.0,border=,flags=9,maximumSize=,minimumSize=,preferredSize=]
2025-07-01 12:24:45,972 [INFO] ADCParametersView:116 -                Rank 1 : false
2025-07-01 12:24:45,973 [INFO] ADCParametersView:116 -                Rank 1 : false
2025-07-01 12:24:45,973 [INFO] ADCParametersView:116 -                Rank 1 : false
2025-07-01 12:24:45,973 [INFO] ADCParametersView:116 -                Rank 1 : false
2025-07-01 12:24:45,973 [INFO] ADCParametersView:116 -                Rank 1 : false
2025-07-01 12:24:45,973 [INFO] ADCParametersView:116 -                Rank 1 : false
2025-07-01 12:24:45,973 [INFO] ADCParametersView:116 -                Rank 1 : false
2025-07-01 12:24:45,973 [INFO] ADCParametersView:116 -                Rank 1 : false
2025-07-01 12:24:45,973 [INFO] ADCParametersView:116 -                Rank 1 : false
2025-07-01 12:24:45,973 [INFO] ADCParametersView:116 -                Rank 1 : false
2025-07-01 12:24:45,973 [INFO] ADCParametersView:116 -                Rank 1 : false
2025-07-01 12:24:45,973 [INFO] ADCParametersView:116 -                Rank 1 : false
2025-07-01 12:24:45,973 [INFO] ADCParametersView:116 -                Rank 1 : false
2025-07-01 12:24:45,973 [INFO] ADCParametersView:116 -                Rank 1 : false
2025-07-01 12:24:46,001 [INFO] ADCParametersView:116 -                Rank 1 : false
2025-07-01 12:24:46,001 [INFO] ADCParametersView:116 -                Rank 1 : false
2025-07-01 12:24:46,001 [INFO] ADCParametersView:116 -                Rank 1 : false
2025-07-01 12:24:46,001 [INFO] ADCParametersView:116 -                Rank 1 : false
2025-07-01 12:24:46,002 [INFO] ADCParametersView:116 -                Rank 1 : false
2025-07-01 12:24:46,002 [INFO] ADCParametersView:116 -                Rank 1 : false
2025-07-01 12:24:46,002 [INFO] ADCParametersView:116 -                Rank 1 : false
2025-07-01 12:24:46,002 [INFO] ADCParametersView:116 -                Rank 1 : false
2025-07-01 12:24:46,002 [INFO] ADCParametersView:116 -                Rank 1 : false
2025-07-01 12:24:46,002 [INFO] ADCParametersView:116 -                Rank 1 : false
2025-07-01 12:24:46,002 [INFO] ADCParametersView:116 -                Rank 1 : false
2025-07-01 12:24:46,002 [INFO] ADCParametersView:116 -                Rank 1 : false
2025-07-01 12:24:46,002 [INFO] ADCParametersView:116 -                Rank 1 : false
2025-07-01 12:24:46,002 [INFO] ADCParametersView:116 -                Rank 1 : false
2025-07-01 12:24:46,002 [INFO] ADCParametersView:116 -                Rank 1 : false
2025-07-01 12:24:46,033 [INFO] ADCParametersView:116 -                Rank 1 : false
2025-07-01 12:24:51,841 [INFO] NvicIntPanel:101 - NVIC parent = com.st.microxplorer.plugins.ip.nvic.MultiNvicIntPanel[,0,0,0x0,invalid,layout=javax.swing.BoxLayout,alignmentX=0.0,alignmentY=0.0,border=,flags=9,maximumSize=,minimumSize=,preferredSize=]
2025-07-01 12:24:51,891 [INFO] ADCParametersView:116 -                Rank 1 : false
2025-07-01 12:24:51,893 [INFO] ADCParametersView:116 -                Rank 1 : false
2025-07-01 12:24:51,893 [INFO] ADCParametersView:116 -                Rank 1 : false
2025-07-01 12:24:51,893 [INFO] ADCParametersView:116 -                Rank 1 : false
2025-07-01 12:24:51,893 [INFO] ADCParametersView:116 -                Rank 1 : false
2025-07-01 12:24:51,893 [INFO] ADCParametersView:116 -                Rank 1 : false
2025-07-01 12:24:51,893 [INFO] ADCParametersView:116 -                Rank 1 : false
2025-07-01 12:24:51,893 [INFO] ADCParametersView:116 -                Rank 1 : false
2025-07-01 12:24:51,893 [INFO] ADCParametersView:116 -                Rank 1 : false
2025-07-01 12:24:51,894 [INFO] ADCParametersView:116 -                Rank 1 : false
2025-07-01 12:24:51,894 [INFO] ADCParametersView:116 -                Rank 1 : false
2025-07-01 12:24:51,894 [INFO] ADCParametersView:116 -                Rank 1 : false
2025-07-01 12:24:51,894 [INFO] ADCParametersView:116 -                Rank 1 : false
2025-07-01 12:24:51,894 [INFO] ADCParametersView:116 -                Rank 1 : false
2025-07-01 12:24:51,921 [INFO] ADCParametersView:116 -                Rank 1 : false
2025-07-01 12:24:52,768 [INFO] NvicIntPanel:101 - NVIC parent = com.st.microxplorer.plugins.ip.nvic.MultiNvicIntPanel[,0,0,0x0,invalid,layout=javax.swing.BoxLayout,alignmentX=0.0,alignmentY=0.0,border=,flags=9,maximumSize=,minimumSize=,preferredSize=]
2025-07-01 12:24:52,821 [INFO] ADCParametersView:116 -                Rank 1 : false
2025-07-01 12:24:52,823 [INFO] ADCParametersView:116 -                Rank 1 : false
2025-07-01 12:24:52,824 [INFO] ADCParametersView:116 -                Rank 1 : false
2025-07-01 12:24:52,824 [INFO] ADCParametersView:116 -                Rank 1 : false
2025-07-01 12:24:52,824 [INFO] ADCParametersView:116 -                Rank 1 : false
2025-07-01 12:24:52,824 [INFO] ADCParametersView:116 -                Rank 1 : false
2025-07-01 12:24:52,824 [INFO] ADCParametersView:116 -                Rank 1 : false
2025-07-01 12:24:52,824 [INFO] ADCParametersView:116 -                Rank 1 : false
2025-07-01 12:24:52,824 [INFO] ADCParametersView:116 -                Rank 1 : false
2025-07-01 12:24:52,824 [INFO] ADCParametersView:116 -                Rank 1 : false
2025-07-01 12:24:52,824 [INFO] ADCParametersView:116 -                Rank 1 : false
2025-07-01 12:24:52,824 [INFO] ADCParametersView:116 -                Rank 1 : false
2025-07-01 12:24:52,824 [INFO] ADCParametersView:116 -                Rank 1 : false
2025-07-01 12:24:52,824 [INFO] ADCParametersView:116 -                Rank 1 : false
2025-07-01 12:24:52,849 [INFO] ADCParametersView:116 -                Rank 1 : false
2025-07-01 12:24:53,654 [INFO] NvicIntPanel:101 - NVIC parent = com.st.microxplorer.plugins.ip.nvic.MultiNvicIntPanel[,0,0,0x0,invalid,layout=javax.swing.BoxLayout,alignmentX=0.0,alignmentY=0.0,border=,flags=9,maximumSize=,minimumSize=,preferredSize=]
2025-07-01 12:24:53,729 [INFO] ADCParametersView:116 -                Rank 1 : false
2025-07-01 12:24:53,732 [INFO] ADCParametersView:116 -                Rank 1 : false
2025-07-01 12:24:53,732 [INFO] ADCParametersView:116 -                Rank 1 : false
2025-07-01 12:24:53,732 [INFO] ADCParametersView:116 -                Rank 1 : false
2025-07-01 12:24:53,733 [INFO] ADCParametersView:116 -                Rank 1 : false
2025-07-01 12:24:53,733 [INFO] ADCParametersView:116 -                Rank 1 : false
2025-07-01 12:24:53,733 [INFO] ADCParametersView:116 -                Rank 1 : false
2025-07-01 12:24:53,733 [INFO] ADCParametersView:116 -                Rank 1 : false
2025-07-01 12:24:53,733 [INFO] ADCParametersView:116 -                Rank 1 : false
2025-07-01 12:24:53,733 [INFO] ADCParametersView:116 -                Rank 1 : false
2025-07-01 12:24:53,733 [INFO] ADCParametersView:116 -                Rank 1 : false
2025-07-01 12:24:53,733 [INFO] ADCParametersView:116 -                Rank 1 : false
2025-07-01 12:24:53,733 [INFO] ADCParametersView:116 -                Rank 1 : false
2025-07-01 12:24:53,733 [INFO] ADCParametersView:116 -                Rank 1 : false
2025-07-01 12:24:53,767 [INFO] ADCParametersView:116 -                Rank 1 : false
2025-07-01 12:24:56,295 [INFO] SpinnerEditorADC:65 - is string kkkk
2025-07-01 12:24:59,484 [INFO] ParamManager:896 - [Generic UI] PropertyChangeEvent: TAB_STATUS_CHANGED , "dont care", "never mind"
2025-07-01 12:24:59,520 [INFO] NvicIntPanel:101 - NVIC parent = com.st.microxplorer.plugins.ip.nvic.MultiNvicIntPanel[,0,0,0x0,invalid,layout=javax.swing.BoxLayout,alignmentX=0.0,alignmentY=0.0,border=,flags=9,maximumSize=,minimumSize=,preferredSize=]
2025-07-01 12:24:59,669 [INFO] ParamManager:896 - [Generic UI] PropertyChangeEvent: TAB_STATUS_CHANGED , "dont care", "never mind"
2025-07-01 12:24:59,695 [INFO] NvicIntPanel:101 - NVIC parent = com.st.microxplorer.plugins.ip.nvic.MultiNvicIntPanel[,0,0,0x0,invalid,layout=javax.swing.BoxLayout,alignmentX=0.0,alignmentY=0.0,border=,flags=9,maximumSize=,minimumSize=,preferredSize=]
2025-07-01 12:24:59,851 [INFO] NvicIntPanel:101 - NVIC parent = com.st.microxplorer.plugins.ip.nvic.MultiNvicIntPanel[,0,0,0x0,invalid,layout=javax.swing.BoxLayout,alignmentX=0.0,alignmentY=0.0,border=,flags=9,maximumSize=,minimumSize=,preferredSize=]
2025-07-01 12:24:59,932 [INFO] ADCParametersView:116 -                Rank 1 : false
2025-07-01 12:24:59,936 [INFO] ADCParametersView:116 -                Rank 1 : false
2025-07-01 12:24:59,936 [INFO] ADCParametersView:116 -                Rank 1 : false
2025-07-01 12:24:59,937 [INFO] ADCParametersView:116 -                Rank 1 : false
2025-07-01 12:24:59,937 [INFO] ADCParametersView:116 -                Rank 1 : false
2025-07-01 12:24:59,937 [INFO] ADCParametersView:116 -                Rank 1 : false
2025-07-01 12:24:59,937 [INFO] ADCParametersView:116 -                Rank 1 : false
2025-07-01 12:24:59,937 [INFO] ADCParametersView:116 -                Rank 1 : false
2025-07-01 12:24:59,937 [INFO] ADCParametersView:116 -                Rank 1 : false
2025-07-01 12:24:59,937 [INFO] ADCParametersView:116 -                Rank 1 : false
2025-07-01 12:24:59,937 [INFO] ADCParametersView:116 -                Rank 1 : false
2025-07-01 12:24:59,937 [INFO] ADCParametersView:116 -                Rank 1 : false
2025-07-01 12:24:59,937 [INFO] ADCParametersView:116 -                Rank 1 : false
2025-07-01 12:24:59,937 [INFO] ADCParametersView:116 -                Rank 1 : false
2025-07-01 12:24:59,981 [INFO] ADCParametersView:116 -                Rank 1 : false
2025-07-01 12:24:59,982 [INFO] ADCParametersView:116 -                Rank 1 : false
2025-07-01 12:24:59,982 [INFO] ADCParametersView:116 -        *      Rank 2 : false
2025-07-01 12:25:04,096 [INFO] ADCParametersView:116 -                Rank 1 : false
2025-07-01 12:25:04,096 [INFO] ADCParametersView:116 -        *      Rank 2 : true
2025-07-01 12:25:04,681 [INFO] ADCParametersView:116 -                Rank 1 : true
2025-07-01 12:25:04,681 [INFO] ADCParametersView:116 -        *      Rank 2 : true
2025-07-01 12:25:20,461 [INFO] NvicIntPanel:101 - NVIC parent = com.st.microxplorer.plugins.ip.nvic.MultiNvicIntPanel[,0,0,0x0,invalid,layout=javax.swing.BoxLayout,alignmentX=0.0,alignmentY=0.0,border=,flags=9,maximumSize=,minimumSize=,preferredSize=]
2025-07-01 12:25:20,511 [INFO] ADCParametersView:116 -                Rank 1 : true
2025-07-01 12:25:20,511 [INFO] ADCParametersView:116 -        *      Rank 2 : true
2025-07-01 12:25:20,521 [INFO] ADCParametersView:116 -                Rank 1 : true
2025-07-01 12:25:20,522 [INFO] ADCParametersView:116 -        *      Rank 2 : true
2025-07-01 12:25:20,522 [INFO] ADCParametersView:116 -                Rank 1 : true
2025-07-01 12:25:20,522 [INFO] ADCParametersView:116 -        *      Rank 2 : true
2025-07-01 12:25:20,522 [INFO] ADCParametersView:116 -                Rank 1 : true
2025-07-01 12:25:20,522 [INFO] ADCParametersView:116 -        *      Rank 2 : true
2025-07-01 12:25:20,522 [INFO] ADCParametersView:116 -                Rank 1 : true
2025-07-01 12:25:20,522 [INFO] ADCParametersView:116 -        *      Rank 2 : true
2025-07-01 12:25:20,522 [INFO] ADCParametersView:116 -                Rank 1 : true
2025-07-01 12:25:20,523 [INFO] ADCParametersView:116 -        *      Rank 2 : true
2025-07-01 12:25:20,523 [INFO] ADCParametersView:116 -                Rank 1 : true
2025-07-01 12:25:20,523 [INFO] ADCParametersView:116 -        *      Rank 2 : true
2025-07-01 12:25:20,523 [INFO] ADCParametersView:116 -                Rank 1 : true
2025-07-01 12:25:20,523 [INFO] ADCParametersView:116 -        *      Rank 2 : true
2025-07-01 12:25:20,523 [INFO] ADCParametersView:116 -                Rank 1 : true
2025-07-01 12:25:20,523 [INFO] ADCParametersView:116 -        *      Rank 2 : true
2025-07-01 12:25:20,523 [INFO] ADCParametersView:116 -                Rank 1 : true
2025-07-01 12:25:20,523 [INFO] ADCParametersView:116 -        *      Rank 2 : true
2025-07-01 12:25:20,523 [INFO] ADCParametersView:116 -                Rank 1 : true
2025-07-01 12:25:20,523 [INFO] ADCParametersView:116 -        *      Rank 2 : true
2025-07-01 12:25:20,523 [INFO] ADCParametersView:116 -                Rank 1 : true
2025-07-01 12:25:20,523 [INFO] ADCParametersView:116 -        *      Rank 2 : true
2025-07-01 12:25:20,523 [INFO] ADCParametersView:116 -                Rank 1 : true
2025-07-01 12:25:20,524 [INFO] ADCParametersView:116 -        *      Rank 2 : true
2025-07-01 12:25:20,524 [INFO] ADCParametersView:116 -                Rank 1 : true
2025-07-01 12:25:20,524 [INFO] ADCParametersView:116 -        *      Rank 2 : true
2025-07-01 12:25:20,524 [INFO] ADCParametersView:116 -        *      Rank 2 : true
2025-07-01 12:25:20,560 [INFO] ADCParametersView:116 -                Rank 1 : true
2025-07-01 12:25:20,560 [INFO] ADCParametersView:116 -                Rank 1 : true
2025-07-01 12:25:20,560 [INFO] ADCParametersView:116 -                Rank 2 : true
2025-07-01 12:25:22,101 [INFO] NvicIntPanel:101 - NVIC parent = com.st.microxplorer.plugins.ip.nvic.MultiNvicIntPanel[,0,0,0x0,invalid,layout=javax.swing.BoxLayout,alignmentX=0.0,alignmentY=0.0,border=,flags=9,maximumSize=,minimumSize=,preferredSize=]
2025-07-01 12:25:22,158 [INFO] ADCParametersView:116 -                Rank 1 : true
2025-07-01 12:25:22,158 [INFO] ADCParametersView:116 -                Rank 2 : true
2025-07-01 12:25:22,160 [INFO] ADCParametersView:116 -                Rank 1 : true
2025-07-01 12:25:22,160 [INFO] ADCParametersView:116 -                Rank 2 : true
2025-07-01 12:25:22,160 [INFO] ADCParametersView:116 -                Rank 1 : true
2025-07-01 12:25:22,160 [INFO] ADCParametersView:116 -                Rank 2 : true
2025-07-01 12:25:22,161 [INFO] ADCParametersView:116 -                Rank 1 : true
2025-07-01 12:25:22,161 [INFO] ADCParametersView:116 -                Rank 2 : true
2025-07-01 12:25:22,161 [INFO] ADCParametersView:116 -                Rank 1 : true
2025-07-01 12:25:22,161 [INFO] ADCParametersView:116 -                Rank 2 : true
2025-07-01 12:25:22,161 [INFO] ADCParametersView:116 -                Rank 1 : true
2025-07-01 12:25:22,161 [INFO] ADCParametersView:116 -                Rank 2 : true
2025-07-01 12:25:22,161 [INFO] ADCParametersView:116 -                Rank 1 : true
2025-07-01 12:25:22,161 [INFO] ADCParametersView:116 -                Rank 2 : true
2025-07-01 12:25:22,161 [INFO] ADCParametersView:116 -                Rank 1 : true
2025-07-01 12:25:22,161 [INFO] ADCParametersView:116 -                Rank 2 : true
2025-07-01 12:25:22,161 [INFO] ADCParametersView:116 -                Rank 1 : true
2025-07-01 12:25:22,161 [INFO] ADCParametersView:116 -                Rank 2 : true
2025-07-01 12:25:22,161 [INFO] ADCParametersView:116 -                Rank 1 : true
2025-07-01 12:25:22,161 [INFO] ADCParametersView:116 -                Rank 2 : true
2025-07-01 12:25:22,161 [INFO] ADCParametersView:116 -                Rank 1 : true
2025-07-01 12:25:22,161 [INFO] ADCParametersView:116 -                Rank 2 : true
2025-07-01 12:25:22,161 [INFO] ADCParametersView:116 -                Rank 1 : true
2025-07-01 12:25:22,161 [INFO] ADCParametersView:116 -                Rank 2 : true
2025-07-01 12:25:22,161 [INFO] ADCParametersView:116 -                Rank 1 : true
2025-07-01 12:25:22,161 [INFO] ADCParametersView:116 -                Rank 2 : true
2025-07-01 12:25:22,161 [INFO] ADCParametersView:116 -                Rank 1 : true
2025-07-01 12:25:22,161 [INFO] ADCParametersView:116 -                Rank 2 : true
2025-07-01 12:25:22,161 [INFO] ADCParametersView:116 -                Rank 2 : true
2025-07-01 12:25:22,189 [INFO] ADCParametersView:116 -                Rank 1 : true
2025-07-01 12:25:22,189 [INFO] ADCParametersView:116 -                Rank 1 : true
2025-07-01 12:25:22,190 [INFO] ADCParametersView:116 -                Rank 2 : true
2025-07-01 12:25:52,465 [INFO] ADCParametersView:116 -                Rank 1 : true
2025-07-01 12:25:52,465 [INFO] ADCParametersView:116 -                Rank 2 : true
2025-07-01 12:25:52,470 [INFO] ADCParametersView:116 -                Rank 1 : true
2025-07-01 12:25:52,470 [INFO] ADCParametersView:116 -                Rank 2 : true
2025-07-01 12:25:52,470 [INFO] ADCParametersView:116 -                Rank 1 : true
2025-07-01 12:25:52,470 [INFO] ADCParametersView:116 -                Rank 2 : true
2025-07-01 12:25:52,471 [INFO] ADCParametersView:116 -                Rank 1 : true
2025-07-01 12:25:52,471 [INFO] ADCParametersView:116 -                Rank 2 : true
2025-07-01 12:25:52,471 [INFO] ADCParametersView:116 -                Rank 1 : true
2025-07-01 12:25:52,471 [INFO] ADCParametersView:116 -                Rank 2 : true
2025-07-01 12:25:52,471 [INFO] ADCParametersView:116 -                Rank 1 : true
2025-07-01 12:25:52,471 [INFO] ADCParametersView:116 -                Rank 2 : true
2025-07-01 12:25:52,471 [INFO] ADCParametersView:116 -                Rank 1 : true
2025-07-01 12:25:52,471 [INFO] ADCParametersView:116 -                Rank 2 : true
2025-07-01 12:25:52,471 [INFO] ADCParametersView:116 -                Rank 1 : true
2025-07-01 12:25:52,471 [INFO] ADCParametersView:116 -                Rank 2 : true
2025-07-01 12:25:52,472 [INFO] ADCParametersView:116 -                Rank 1 : true
2025-07-01 12:25:52,472 [INFO] ADCParametersView:116 -                Rank 2 : true
2025-07-01 12:25:52,472 [INFO] ADCParametersView:116 -                Rank 1 : true
2025-07-01 12:25:52,472 [INFO] ADCParametersView:116 -                Rank 2 : true
2025-07-01 12:25:52,472 [INFO] ADCParametersView:116 -                Rank 1 : true
2025-07-01 12:25:52,472 [INFO] ADCParametersView:116 -                Rank 2 : true
2025-07-01 12:25:52,472 [INFO] ADCParametersView:116 -                Rank 1 : true
2025-07-01 12:25:52,476 [INFO] ADCParametersView:116 -                Rank 2 : true
2025-07-01 12:25:52,476 [INFO] ADCParametersView:116 -                Rank 1 : true
2025-07-01 12:25:52,476 [INFO] ADCParametersView:116 -                Rank 2 : true
2025-07-01 12:25:52,477 [INFO] ADCParametersView:116 -                Rank 1 : true
2025-07-01 12:25:52,477 [INFO] ADCParametersView:116 -                Rank 2 : true
2025-07-01 12:25:52,477 [INFO] ADCParametersView:116 -                Rank 2 : true
2025-07-01 12:25:52,544 [INFO] ADCParametersView:116 -                Rank 1 : true
2025-07-01 12:25:52,545 [INFO] ADCParametersView:116 -                Rank 1 : true
2025-07-01 12:25:52,545 [INFO] ADCParametersView:116 -                Rank 2 : true
2025-07-01 12:25:52,548 [INFO] ADCParametersView:116 -                Rank 1 : true
2025-07-01 12:25:52,548 [INFO] ADCParametersView:116 -                Rank 2 : true
2025-07-01 12:25:52,554 [INFO] ADCParametersView:116 -                Rank 1 : true
2025-07-01 12:25:52,554 [INFO] ADCParametersView:116 -                Rank 2 : true
2025-07-01 12:25:52,554 [INFO] ADCParametersView:116 -                Rank 1 : true
2025-07-01 12:25:52,554 [INFO] ADCParametersView:116 -                Rank 2 : true
2025-07-01 12:25:52,554 [INFO] ADCParametersView:116 -                Rank 1 : true
2025-07-01 12:25:52,554 [INFO] ADCParametersView:116 -                Rank 2 : true
2025-07-01 12:25:52,554 [INFO] ADCParametersView:116 -                Rank 1 : true
2025-07-01 12:25:52,554 [INFO] ADCParametersView:116 -                Rank 2 : true
2025-07-01 12:25:52,555 [INFO] ADCParametersView:116 -                Rank 1 : true
2025-07-01 12:25:52,555 [INFO] ADCParametersView:116 -                Rank 2 : true
2025-07-01 12:25:52,555 [INFO] ADCParametersView:116 -                Rank 1 : true
2025-07-01 12:25:52,555 [INFO] ADCParametersView:116 -                Rank 2 : true
2025-07-01 12:25:52,555 [INFO] ADCParametersView:116 -                Rank 1 : true
2025-07-01 12:25:52,555 [INFO] ADCParametersView:116 -                Rank 2 : true
2025-07-01 12:25:52,555 [INFO] ADCParametersView:116 -                Rank 1 : true
2025-07-01 12:25:52,555 [INFO] ADCParametersView:116 -                Rank 2 : true
2025-07-01 12:25:52,558 [INFO] ADCParametersView:116 -                Rank 1 : true
2025-07-01 12:25:52,558 [INFO] ADCParametersView:116 -                Rank 2 : true
2025-07-01 12:25:52,558 [INFO] ADCParametersView:116 -                Rank 1 : true
2025-07-01 12:25:52,559 [INFO] ADCParametersView:116 -                Rank 2 : true
2025-07-01 12:25:52,560 [INFO] ADCParametersView:116 -                Rank 1 : true
2025-07-01 12:25:52,560 [INFO] ADCParametersView:116 -                Rank 2 : true
2025-07-01 12:25:52,560 [INFO] ADCParametersView:116 -                Rank 1 : true
2025-07-01 12:25:52,560 [INFO] ADCParametersView:116 -                Rank 2 : true
2025-07-01 12:25:52,560 [INFO] ADCParametersView:116 -                Rank 1 : true
2025-07-01 12:25:52,562 [INFO] ADCParametersView:116 -                Rank 2 : true
2025-07-01 12:25:52,562 [INFO] ADCParametersView:116 -                Rank 2 : true
2025-07-01 12:25:52,628 [INFO] ADCParametersView:116 -                Rank 1 : true
2025-07-01 12:25:52,629 [INFO] ADCParametersView:116 -                Rank 1 : true
2025-07-01 12:25:52,629 [INFO] ADCParametersView:116 -                Rank 2 : true
2025-07-01 12:25:52,630 [INFO] ADCParametersView:116 -                Rank 1 : true
2025-07-01 12:25:52,630 [INFO] ADCParametersView:116 -                Rank 2 : true
2025-07-01 12:25:52,632 [INFO] ADCParametersView:116 -                Rank 1 : true
2025-07-01 12:25:52,632 [INFO] ADCParametersView:116 -                Rank 2 : true
2025-07-01 12:25:52,632 [INFO] ADCParametersView:116 -                Rank 1 : true
2025-07-01 12:25:52,632 [INFO] ADCParametersView:116 -                Rank 2 : true
2025-07-01 12:25:52,632 [INFO] ADCParametersView:116 -                Rank 1 : true
2025-07-01 12:25:52,632 [INFO] ADCParametersView:116 -                Rank 2 : true
2025-07-01 12:25:52,632 [INFO] ADCParametersView:116 -                Rank 1 : true
2025-07-01 12:25:52,632 [INFO] ADCParametersView:116 -                Rank 2 : true
2025-07-01 12:25:52,633 [INFO] ADCParametersView:116 -                Rank 1 : true
2025-07-01 12:25:52,633 [INFO] ADCParametersView:116 -                Rank 2 : true
2025-07-01 12:25:52,633 [INFO] ADCParametersView:116 -                Rank 1 : true
2025-07-01 12:25:52,633 [INFO] ADCParametersView:116 -                Rank 2 : true
2025-07-01 12:25:52,633 [INFO] ADCParametersView:116 -                Rank 1 : true
2025-07-01 12:25:52,633 [INFO] ADCParametersView:116 -                Rank 2 : true
2025-07-01 12:25:52,633 [INFO] ADCParametersView:116 -                Rank 1 : true
2025-07-01 12:25:52,633 [INFO] ADCParametersView:116 -                Rank 2 : true
2025-07-01 12:25:52,633 [INFO] ADCParametersView:116 -                Rank 1 : true
2025-07-01 12:25:52,633 [INFO] ADCParametersView:116 -                Rank 2 : true
2025-07-01 12:25:52,633 [INFO] ADCParametersView:116 -                Rank 1 : true
2025-07-01 12:25:52,633 [INFO] ADCParametersView:116 -                Rank 2 : true
2025-07-01 12:25:52,634 [INFO] ADCParametersView:116 -                Rank 1 : true
2025-07-01 12:25:52,634 [INFO] ADCParametersView:116 -                Rank 2 : true
2025-07-01 12:25:52,634 [INFO] ADCParametersView:116 -                Rank 1 : true
2025-07-01 12:25:52,634 [INFO] ADCParametersView:116 -                Rank 2 : true
2025-07-01 12:25:52,634 [INFO] ADCParametersView:116 -                Rank 1 : true
2025-07-01 12:25:52,634 [INFO] ADCParametersView:116 -                Rank 2 : true
2025-07-01 12:25:52,634 [INFO] ADCParametersView:116 -                Rank 2 : true
2025-07-01 12:25:52,679 [INFO] ADCParametersView:116 -                Rank 1 : true
2025-07-01 12:25:52,680 [INFO] ADCParametersView:116 -                Rank 1 : true
2025-07-01 12:25:52,680 [INFO] ADCParametersView:116 -                Rank 2 : true
2025-07-01 12:25:52,682 [INFO] ADCParametersView:116 -                Rank 1 : true
2025-07-01 12:25:52,682 [INFO] ADCParametersView:116 -                Rank 2 : true
2025-07-01 12:25:52,684 [INFO] ADCParametersView:116 -                Rank 1 : true
2025-07-01 12:25:52,684 [INFO] ADCParametersView:116 -                Rank 2 : true
2025-07-01 12:25:52,685 [INFO] ADCParametersView:116 -                Rank 1 : true
2025-07-01 12:25:52,685 [INFO] ADCParametersView:116 -                Rank 2 : true
2025-07-01 12:25:52,685 [INFO] ADCParametersView:116 -                Rank 1 : true
2025-07-01 12:25:52,685 [INFO] ADCParametersView:116 -                Rank 2 : true
2025-07-01 12:25:52,685 [INFO] ADCParametersView:116 -                Rank 1 : true
2025-07-01 12:25:52,685 [INFO] ADCParametersView:116 -                Rank 2 : true
2025-07-01 12:25:52,685 [INFO] ADCParametersView:116 -                Rank 1 : true
2025-07-01 12:25:52,685 [INFO] ADCParametersView:116 -                Rank 2 : true
2025-07-01 12:25:52,685 [INFO] ADCParametersView:116 -                Rank 1 : true
2025-07-01 12:25:52,685 [INFO] ADCParametersView:116 -                Rank 2 : true
2025-07-01 12:25:52,686 [INFO] ADCParametersView:116 -                Rank 1 : true
2025-07-01 12:25:52,686 [INFO] ADCParametersView:116 -                Rank 2 : true
2025-07-01 12:25:52,686 [INFO] ADCParametersView:116 -                Rank 1 : true
2025-07-01 12:25:52,686 [INFO] ADCParametersView:116 -                Rank 2 : true
2025-07-01 12:25:52,686 [INFO] ADCParametersView:116 -                Rank 1 : true
2025-07-01 12:25:52,686 [INFO] ADCParametersView:116 -                Rank 2 : true
2025-07-01 12:25:52,686 [INFO] ADCParametersView:116 -                Rank 1 : true
2025-07-01 12:25:52,686 [INFO] ADCParametersView:116 -                Rank 2 : true
2025-07-01 12:25:52,686 [INFO] ADCParametersView:116 -                Rank 1 : true
2025-07-01 12:25:52,686 [INFO] ADCParametersView:116 -                Rank 2 : true
2025-07-01 12:25:52,686 [INFO] ADCParametersView:116 -                Rank 1 : true
2025-07-01 12:25:52,686 [INFO] ADCParametersView:116 -                Rank 2 : true
2025-07-01 12:25:52,686 [INFO] ADCParametersView:116 -                Rank 1 : true
2025-07-01 12:25:52,686 [INFO] ADCParametersView:116 -                Rank 2 : true
2025-07-01 12:25:52,687 [INFO] ADCParametersView:116 -                Rank 2 : true
2025-07-01 12:25:52,734 [INFO] ADCParametersView:116 -                Rank 1 : true
2025-07-01 12:25:52,735 [INFO] ADCParametersView:116 -                Rank 1 : true
2025-07-01 12:25:52,735 [INFO] ADCParametersView:116 -                Rank 2 : true
2025-07-01 12:25:52,736 [INFO] ADCParametersView:116 -                Rank 1 : true
2025-07-01 12:25:52,736 [INFO] ADCParametersView:116 -                Rank 2 : true
2025-07-01 12:25:52,738 [INFO] ADCParametersView:116 -                Rank 1 : true
2025-07-01 12:25:52,738 [INFO] ADCParametersView:116 -                Rank 2 : true
2025-07-01 12:25:52,738 [INFO] ADCParametersView:116 -                Rank 1 : true
2025-07-01 12:25:52,738 [INFO] ADCParametersView:116 -                Rank 2 : true
2025-07-01 12:25:52,738 [INFO] ADCParametersView:116 -                Rank 1 : true
2025-07-01 12:25:52,738 [INFO] ADCParametersView:116 -                Rank 2 : true
2025-07-01 12:25:52,738 [INFO] ADCParametersView:116 -                Rank 1 : true
2025-07-01 12:25:52,738 [INFO] ADCParametersView:116 -                Rank 2 : true
2025-07-01 12:25:52,739 [INFO] ADCParametersView:116 -                Rank 1 : true
2025-07-01 12:25:52,739 [INFO] ADCParametersView:116 -                Rank 2 : true
2025-07-01 12:25:52,739 [INFO] ADCParametersView:116 -                Rank 1 : true
2025-07-01 12:25:52,739 [INFO] ADCParametersView:116 -                Rank 2 : true
2025-07-01 12:25:52,739 [INFO] ADCParametersView:116 -                Rank 1 : true
2025-07-01 12:25:52,739 [INFO] ADCParametersView:116 -                Rank 2 : true
2025-07-01 12:25:52,739 [INFO] ADCParametersView:116 -                Rank 1 : true
2025-07-01 12:25:52,739 [INFO] ADCParametersView:116 -                Rank 2 : true
2025-07-01 12:25:52,739 [INFO] ADCParametersView:116 -                Rank 1 : true
2025-07-01 12:25:52,739 [INFO] ADCParametersView:116 -                Rank 2 : true
2025-07-01 12:25:52,740 [INFO] ADCParametersView:116 -                Rank 1 : true
2025-07-01 12:25:52,740 [INFO] ADCParametersView:116 -                Rank 2 : true
2025-07-01 12:25:52,740 [INFO] ADCParametersView:116 -                Rank 1 : true
2025-07-01 12:25:52,740 [INFO] ADCParametersView:116 -                Rank 2 : true
2025-07-01 12:25:52,740 [INFO] ADCParametersView:116 -                Rank 1 : true
2025-07-01 12:25:52,740 [INFO] ADCParametersView:116 -                Rank 2 : true
2025-07-01 12:25:52,740 [INFO] ADCParametersView:116 -                Rank 1 : true
2025-07-01 12:25:52,740 [INFO] ADCParametersView:116 -                Rank 2 : true
2025-07-01 12:25:52,741 [INFO] ADCParametersView:116 -                Rank 2 : true
2025-07-01 12:25:52,786 [INFO] ADCParametersView:116 -                Rank 1 : true
2025-07-01 12:25:52,787 [INFO] ADCParametersView:116 -                Rank 1 : true
2025-07-01 12:25:52,787 [INFO] ADCParametersView:116 -                Rank 2 : true
2025-07-01 12:25:52,789 [INFO] ADCParametersView:116 -                Rank 1 : true
2025-07-01 12:25:52,789 [INFO] ADCParametersView:116 -                Rank 2 : true
2025-07-01 12:25:52,791 [INFO] ADCParametersView:116 -                Rank 1 : true
2025-07-01 12:25:52,791 [INFO] ADCParametersView:116 -                Rank 2 : true
2025-07-01 12:25:52,791 [INFO] ADCParametersView:116 -                Rank 1 : true
2025-07-01 12:25:52,791 [INFO] ADCParametersView:116 -                Rank 2 : true
2025-07-01 12:25:52,791 [INFO] ADCParametersView:116 -                Rank 1 : true
2025-07-01 12:25:52,791 [INFO] ADCParametersView:116 -                Rank 2 : true
2025-07-01 12:25:52,791 [INFO] ADCParametersView:116 -                Rank 1 : true
2025-07-01 12:25:52,791 [INFO] ADCParametersView:116 -                Rank 2 : true
2025-07-01 12:25:52,792 [INFO] ADCParametersView:116 -                Rank 1 : true
2025-07-01 12:25:52,792 [INFO] ADCParametersView:116 -                Rank 2 : true
2025-07-01 12:25:52,792 [INFO] ADCParametersView:116 -                Rank 1 : true
2025-07-01 12:25:52,792 [INFO] ADCParametersView:116 -                Rank 2 : true
2025-07-01 12:25:52,792 [INFO] ADCParametersView:116 -                Rank 1 : true
2025-07-01 12:25:52,792 [INFO] ADCParametersView:116 -                Rank 2 : true
2025-07-01 12:25:52,792 [INFO] ADCParametersView:116 -                Rank 1 : true
2025-07-01 12:25:52,792 [INFO] ADCParametersView:116 -                Rank 2 : true
2025-07-01 12:25:52,792 [INFO] ADCParametersView:116 -                Rank 1 : true
2025-07-01 12:25:52,793 [INFO] ADCParametersView:116 -                Rank 2 : true
2025-07-01 12:25:52,793 [INFO] ADCParametersView:116 -                Rank 1 : true
2025-07-01 12:25:52,793 [INFO] ADCParametersView:116 -                Rank 2 : true
2025-07-01 12:25:52,793 [INFO] ADCParametersView:116 -                Rank 1 : true
2025-07-01 12:25:52,793 [INFO] ADCParametersView:116 -                Rank 2 : true
2025-07-01 12:25:52,793 [INFO] ADCParametersView:116 -                Rank 1 : true
2025-07-01 12:25:52,793 [INFO] ADCParametersView:116 -                Rank 2 : true
2025-07-01 12:25:52,793 [INFO] ADCParametersView:116 -                Rank 1 : true
2025-07-01 12:25:52,793 [INFO] ADCParametersView:116 -                Rank 2 : true
2025-07-01 12:25:52,794 [INFO] ADCParametersView:116 -                Rank 2 : true
2025-07-01 12:25:52,835 [INFO] ADCParametersView:116 -                Rank 1 : true
2025-07-01 12:25:52,836 [INFO] ADCParametersView:116 -                Rank 1 : true
2025-07-01 12:25:52,836 [INFO] ADCParametersView:116 -                Rank 2 : true
2025-07-01 12:25:52,837 [INFO] ADCParametersView:116 -                Rank 1 : true
2025-07-01 12:25:52,837 [INFO] ADCParametersView:116 -                Rank 2 : true
2025-07-01 12:25:52,838 [INFO] ADCParametersView:116 -                Rank 1 : true
2025-07-01 12:25:52,838 [INFO] ADCParametersView:116 -                Rank 2 : true
2025-07-01 12:25:52,838 [INFO] ADCParametersView:116 -                Rank 1 : true
2025-07-01 12:25:52,838 [INFO] ADCParametersView:116 -                Rank 2 : true
2025-07-01 12:25:52,839 [INFO] ADCParametersView:116 -                Rank 1 : true
2025-07-01 12:25:52,839 [INFO] ADCParametersView:116 -                Rank 2 : true
2025-07-01 12:25:52,839 [INFO] ADCParametersView:116 -                Rank 1 : true
2025-07-01 12:25:52,839 [INFO] ADCParametersView:116 -                Rank 2 : true
2025-07-01 12:25:52,839 [INFO] ADCParametersView:116 -                Rank 1 : true
2025-07-01 12:25:52,839 [INFO] ADCParametersView:116 -                Rank 2 : true
2025-07-01 12:25:52,839 [INFO] ADCParametersView:116 -                Rank 1 : true
2025-07-01 12:25:52,839 [INFO] ADCParametersView:116 -                Rank 2 : true
2025-07-01 12:25:52,839 [INFO] ADCParametersView:116 -                Rank 1 : true
2025-07-01 12:25:52,839 [INFO] ADCParametersView:116 -                Rank 2 : true
2025-07-01 12:25:52,839 [INFO] ADCParametersView:116 -                Rank 1 : true
2025-07-01 12:25:52,839 [INFO] ADCParametersView:116 -                Rank 2 : true
2025-07-01 12:25:52,839 [INFO] ADCParametersView:116 -                Rank 1 : true
2025-07-01 12:25:52,839 [INFO] ADCParametersView:116 -                Rank 2 : true
2025-07-01 12:25:52,839 [INFO] ADCParametersView:116 -                Rank 1 : true
2025-07-01 12:25:52,839 [INFO] ADCParametersView:116 -                Rank 2 : true
2025-07-01 12:25:52,839 [INFO] ADCParametersView:116 -                Rank 1 : true
2025-07-01 12:25:52,840 [INFO] ADCParametersView:116 -                Rank 2 : true
2025-07-01 12:25:52,840 [INFO] ADCParametersView:116 -                Rank 1 : true
2025-07-01 12:25:52,840 [INFO] ADCParametersView:116 -                Rank 2 : true
2025-07-01 12:25:52,840 [INFO] ADCParametersView:116 -                Rank 1 : true
2025-07-01 12:25:52,840 [INFO] ADCParametersView:116 -                Rank 2 : true
2025-07-01 12:25:52,840 [INFO] ADCParametersView:116 -                Rank 2 : true
2025-07-01 12:25:52,882 [INFO] ADCParametersView:116 -                Rank 1 : true
2025-07-01 12:25:52,883 [INFO] ADCParametersView:116 -                Rank 1 : true
2025-07-01 12:25:52,883 [INFO] ADCParametersView:116 -                Rank 2 : true
2025-07-01 12:25:52,884 [INFO] ADCParametersView:116 -                Rank 1 : true
2025-07-01 12:25:52,884 [INFO] ADCParametersView:116 -                Rank 2 : true
2025-07-01 12:25:52,886 [INFO] ADCParametersView:116 -                Rank 1 : true
2025-07-01 12:25:52,886 [INFO] ADCParametersView:116 -                Rank 2 : true
2025-07-01 12:25:52,886 [INFO] ADCParametersView:116 -                Rank 1 : true
2025-07-01 12:25:52,886 [INFO] ADCParametersView:116 -                Rank 2 : true
2025-07-01 12:25:52,886 [INFO] ADCParametersView:116 -                Rank 1 : true
2025-07-01 12:25:52,886 [INFO] ADCParametersView:116 -                Rank 2 : true
2025-07-01 12:25:52,887 [INFO] ADCParametersView:116 -                Rank 1 : true
2025-07-01 12:25:52,887 [INFO] ADCParametersView:116 -                Rank 2 : true
2025-07-01 12:25:52,887 [INFO] ADCParametersView:116 -                Rank 1 : true
2025-07-01 12:25:52,887 [INFO] ADCParametersView:116 -                Rank 2 : true
2025-07-01 12:25:52,887 [INFO] ADCParametersView:116 -                Rank 1 : true
2025-07-01 12:25:52,887 [INFO] ADCParametersView:116 -                Rank 2 : true
2025-07-01 12:25:52,887 [INFO] ADCParametersView:116 -                Rank 1 : true
2025-07-01 12:25:52,887 [INFO] ADCParametersView:116 -                Rank 2 : true
2025-07-01 12:25:52,888 [INFO] ADCParametersView:116 -                Rank 1 : true
2025-07-01 12:25:52,888 [INFO] ADCParametersView:116 -                Rank 2 : true
2025-07-01 12:25:52,888 [INFO] ADCParametersView:116 -                Rank 1 : true
2025-07-01 12:25:52,888 [INFO] ADCParametersView:116 -                Rank 2 : true
2025-07-01 12:25:52,888 [INFO] ADCParametersView:116 -                Rank 1 : true
2025-07-01 12:25:52,888 [INFO] ADCParametersView:116 -                Rank 2 : true
2025-07-01 12:25:52,888 [INFO] ADCParametersView:116 -                Rank 1 : true
2025-07-01 12:25:52,888 [INFO] ADCParametersView:116 -                Rank 2 : true
2025-07-01 12:25:52,888 [INFO] ADCParametersView:116 -                Rank 1 : true
2025-07-01 12:25:52,888 [INFO] ADCParametersView:116 -                Rank 2 : true
2025-07-01 12:25:52,888 [INFO] ADCParametersView:116 -                Rank 1 : true
2025-07-01 12:25:52,888 [INFO] ADCParametersView:116 -                Rank 2 : true
2025-07-01 12:25:52,889 [INFO] ADCParametersView:116 -                Rank 2 : true
2025-07-01 12:25:52,942 [INFO] ADCParametersView:116 -                Rank 1 : true
2025-07-01 12:25:52,942 [INFO] ADCParametersView:116 -                Rank 1 : true
2025-07-01 12:25:52,942 [INFO] ADCParametersView:116 -                Rank 2 : true
2025-07-01 12:25:52,944 [INFO] ADCParametersView:116 -                Rank 1 : true
2025-07-01 12:25:52,944 [INFO] ADCParametersView:116 -                Rank 2 : true
2025-07-01 12:25:52,945 [INFO] ADCParametersView:116 -                Rank 1 : true
2025-07-01 12:25:52,946 [INFO] ADCParametersView:116 -                Rank 2 : true
2025-07-01 12:25:52,946 [INFO] ADCParametersView:116 -                Rank 1 : true
2025-07-01 12:25:52,946 [INFO] ADCParametersView:116 -                Rank 2 : true
2025-07-01 12:25:52,946 [INFO] ADCParametersView:116 -                Rank 1 : true
2025-07-01 12:25:52,946 [INFO] ADCParametersView:116 -                Rank 2 : true
2025-07-01 12:25:52,946 [INFO] ADCParametersView:116 -                Rank 1 : true
2025-07-01 12:25:52,946 [INFO] ADCParametersView:116 -                Rank 2 : true
2025-07-01 12:25:52,946 [INFO] ADCParametersView:116 -                Rank 1 : true
2025-07-01 12:25:52,947 [INFO] ADCParametersView:116 -                Rank 2 : true
2025-07-01 12:25:52,947 [INFO] ADCParametersView:116 -                Rank 1 : true
2025-07-01 12:25:52,947 [INFO] ADCParametersView:116 -                Rank 2 : true
2025-07-01 12:25:52,947 [INFO] ADCParametersView:116 -                Rank 1 : true
2025-07-01 12:25:52,947 [INFO] ADCParametersView:116 -                Rank 2 : true
2025-07-01 12:25:52,947 [INFO] ADCParametersView:116 -                Rank 1 : true
2025-07-01 12:25:52,947 [INFO] ADCParametersView:116 -                Rank 2 : true
2025-07-01 12:25:52,947 [INFO] ADCParametersView:116 -                Rank 1 : true
2025-07-01 12:25:52,948 [INFO] ADCParametersView:116 -                Rank 2 : true
2025-07-01 12:25:52,948 [INFO] ADCParametersView:116 -                Rank 1 : true
2025-07-01 12:25:52,948 [INFO] ADCParametersView:116 -                Rank 2 : true
2025-07-01 12:25:52,948 [INFO] ADCParametersView:116 -                Rank 1 : true
2025-07-01 12:25:52,948 [INFO] ADCParametersView:116 -                Rank 2 : true
2025-07-01 12:25:52,948 [INFO] ADCParametersView:116 -                Rank 1 : true
2025-07-01 12:25:52,948 [INFO] ADCParametersView:116 -                Rank 2 : true
2025-07-01 12:25:52,948 [INFO] ADCParametersView:116 -                Rank 1 : true
2025-07-01 12:25:52,948 [INFO] ADCParametersView:116 -                Rank 2 : true
2025-07-01 12:25:52,949 [INFO] ADCParametersView:116 -                Rank 2 : true
2025-07-01 12:25:52,993 [INFO] ADCParametersView:116 -                Rank 1 : true
2025-07-01 12:25:52,994 [INFO] ADCParametersView:116 -                Rank 1 : true
2025-07-01 12:25:52,994 [INFO] ADCParametersView:116 -                Rank 2 : true
2025-07-01 12:25:52,995 [INFO] ADCParametersView:116 -                Rank 1 : true
2025-07-01 12:25:52,995 [INFO] ADCParametersView:116 -                Rank 2 : true
2025-07-01 12:25:52,996 [INFO] ADCParametersView:116 -                Rank 1 : true
2025-07-01 12:25:52,996 [INFO] ADCParametersView:116 -                Rank 2 : true
2025-07-01 12:25:52,996 [INFO] ADCParametersView:116 -                Rank 1 : true
2025-07-01 12:25:52,996 [INFO] ADCParametersView:116 -                Rank 2 : true
2025-07-01 12:25:52,996 [INFO] ADCParametersView:116 -                Rank 1 : true
2025-07-01 12:25:52,996 [INFO] ADCParametersView:116 -                Rank 2 : true
2025-07-01 12:25:52,997 [INFO] ADCParametersView:116 -                Rank 1 : true
2025-07-01 12:25:52,997 [INFO] ADCParametersView:116 -                Rank 2 : true
2025-07-01 12:25:52,997 [INFO] ADCParametersView:116 -                Rank 1 : true
2025-07-01 12:25:52,997 [INFO] ADCParametersView:116 -                Rank 2 : true
2025-07-01 12:25:52,997 [INFO] ADCParametersView:116 -                Rank 1 : true
2025-07-01 12:25:52,997 [INFO] ADCParametersView:116 -                Rank 2 : true
2025-07-01 12:25:52,997 [INFO] ADCParametersView:116 -                Rank 1 : true
2025-07-01 12:25:52,997 [INFO] ADCParametersView:116 -                Rank 2 : true
2025-07-01 12:25:52,997 [INFO] ADCParametersView:116 -                Rank 1 : true
2025-07-01 12:25:52,997 [INFO] ADCParametersView:116 -                Rank 2 : true
2025-07-01 12:25:52,997 [INFO] ADCParametersView:116 -                Rank 1 : true
2025-07-01 12:25:52,997 [INFO] ADCParametersView:116 -                Rank 2 : true
2025-07-01 12:25:52,997 [INFO] ADCParametersView:116 -                Rank 1 : true
2025-07-01 12:25:52,997 [INFO] ADCParametersView:116 -                Rank 2 : true
2025-07-01 12:25:52,997 [INFO] ADCParametersView:116 -                Rank 1 : true
2025-07-01 12:25:52,997 [INFO] ADCParametersView:116 -                Rank 2 : true
2025-07-01 12:25:52,997 [INFO] ADCParametersView:116 -                Rank 1 : true
2025-07-01 12:25:52,997 [INFO] ADCParametersView:116 -                Rank 2 : true
2025-07-01 12:25:52,998 [INFO] ADCParametersView:116 -                Rank 1 : true
2025-07-01 12:25:52,998 [INFO] ADCParametersView:116 -                Rank 2 : true
2025-07-01 12:25:52,998 [INFO] ADCParametersView:116 -                Rank 2 : true
2025-07-01 12:25:53,040 [INFO] ADCParametersView:116 -                Rank 1 : true
2025-07-01 12:25:53,041 [INFO] ADCParametersView:116 -                Rank 1 : true
2025-07-01 12:25:53,041 [INFO] ADCParametersView:116 -                Rank 2 : true
2025-07-01 12:26:12,247 [INFO] UtilMem:75 - End SaveConfig() Used Memory: 949248288 Bytes (1073741824)
2025-07-01 12:26:16,046 [INFO] UtilMem:75 - End SaveConfig() Used Memory: 807780768 Bytes (1073741824)
2025-07-01 12:26:16,964 [INFO] BlockDiagram:2775 - set Specific Code input for plugin: NVIC
2025-07-01 12:26:16,964 [INFO] BlockDiagram:2775 - set Specific Code input for plugin: USART
2025-07-01 12:26:16,964 [INFO] BlockDiagram:2775 - set Specific Code input for plugin: DMA
2025-07-01 12:26:16,964 [INFO] BlockDiagram:2775 - set Specific Code input for plugin: SYS
2025-07-01 12:26:16,965 [INFO] BlockDiagram:2775 - set Specific Code input for plugin: GPIO
2025-07-01 12:26:16,965 [INFO] BlockDiagram:2775 - set Specific Code input for plugin: ADC
2025-07-01 12:26:16,965 [INFO] BlockDiagram:2775 - set Specific Code input for plugin: RCC
2025-07-01 12:26:16,966 [INFO] CodeGenerator:882 - code generatio: config db path: /opt/st/stm32cubeide_1.18.1/plugins/com.st.stm32cube.common.mx_6.14.1.202504091515//db/
2025-07-01 12:26:17,192 [INFO] CodeEngine:263 - oldGeneratedFile, /home/psh/workspace_semicon/ARM/12_ADC_DMA/MXTmpFiles/license.tmp_save
2025-07-01 12:26:17,903 [INFO] CodeEngine:287 - Generated code: /home/psh/workspace_semicon/ARM/12_ADC_DMA/MXTmpFiles/license.tmp
2025-07-01 12:26:17,981 [INFO] CodeEngine:263 - oldGeneratedFile, /home/psh/workspace_semicon/ARM/12_ADC_DMA/Core/Src/gpio.c_save
2025-07-01 12:26:18,383 [INFO] CodeEngine:287 - Generated code: /home/psh/workspace_semicon/ARM/12_ADC_DMA/Core/Src/gpio.c
2025-07-01 12:26:18,386 [INFO] CodeEngine:263 - oldGeneratedFile, /home/psh/workspace_semicon/ARM/12_ADC_DMA/Core/Inc/gpio.h_save
2025-07-01 12:26:18,752 [INFO] CodeEngine:287 - Generated code: /home/psh/workspace_semicon/ARM/12_ADC_DMA/Core/Inc/gpio.h
2025-07-01 12:26:18,979 [INFO] CodeEngine:263 - oldGeneratedFile, /home/psh/workspace_semicon/ARM/12_ADC_DMA/Core/Src/adc.c_save
2025-07-01 12:26:19,610 [INFO] CodeEngine:287 - Generated code: /home/psh/workspace_semicon/ARM/12_ADC_DMA/Core/Src/adc.c
2025-07-01 12:26:19,614 [INFO] CodeEngine:263 - oldGeneratedFile, /home/psh/workspace_semicon/ARM/12_ADC_DMA/Core/Inc/adc.h_save
2025-07-01 12:26:19,915 [INFO] CodeEngine:287 - Generated code: /home/psh/workspace_semicon/ARM/12_ADC_DMA/Core/Inc/adc.h
2025-07-01 12:26:19,930 [INFO] CodeEngine:263 - oldGeneratedFile, /home/psh/workspace_semicon/ARM/12_ADC_DMA/Core/Src/dma.c_save
2025-07-01 12:26:20,138 [INFO] CodeEngine:287 - Generated code: /home/psh/workspace_semicon/ARM/12_ADC_DMA/Core/Src/dma.c
2025-07-01 12:26:20,147 [INFO] CodeEngine:263 - oldGeneratedFile, /home/psh/workspace_semicon/ARM/12_ADC_DMA/Core/Inc/dma.h_save
2025-07-01 12:26:20,335 [INFO] CodeEngine:287 - Generated code: /home/psh/workspace_semicon/ARM/12_ADC_DMA/Core/Inc/dma.h
2025-07-01 12:26:20,343 [INFO] CodeEngine:263 - oldGeneratedFile, /home/psh/workspace_semicon/ARM/12_ADC_DMA/Core/Src/usart.c_save
2025-07-01 12:26:20,637 [INFO] CodeEngine:287 - Generated code: /home/psh/workspace_semicon/ARM/12_ADC_DMA/Core/Src/usart.c
2025-07-01 12:26:20,642 [INFO] CodeEngine:263 - oldGeneratedFile, /home/psh/workspace_semicon/ARM/12_ADC_DMA/Core/Inc/usart.h_save
2025-07-01 12:26:20,852 [INFO] CodeEngine:287 - Generated code: /home/psh/workspace_semicon/ARM/12_ADC_DMA/Core/Inc/usart.h
2025-07-01 12:26:20,866 [INFO] CodeEngine:263 - oldGeneratedFile, /home/psh/workspace_semicon/ARM/12_ADC_DMA/Core/Src/stm32f4xx_it.c_save
2025-07-01 12:26:21,140 [INFO] CodeEngine:287 - Generated code: /home/psh/workspace_semicon/ARM/12_ADC_DMA/Core/Src/stm32f4xx_it.c
2025-07-01 12:26:21,143 [INFO] CodeEngine:263 - oldGeneratedFile, /home/psh/workspace_semicon/ARM/12_ADC_DMA/Core/Inc/stm32f4xx_it.h_save
2025-07-01 12:26:21,417 [INFO] CodeEngine:287 - Generated code: /home/psh/workspace_semicon/ARM/12_ADC_DMA/Core/Inc/stm32f4xx_it.h
2025-07-01 12:26:21,432 [INFO] CodeEngine:263 - oldGeneratedFile, /home/psh/workspace_semicon/ARM/12_ADC_DMA/Core/Src/stm32f4xx_hal_msp.c_save
2025-07-01 12:26:21,743 [INFO] CodeEngine:287 - Generated code: /home/psh/workspace_semicon/ARM/12_ADC_DMA/Core/Src/stm32f4xx_hal_msp.c
2025-07-01 12:26:21,747 [INFO] CodeEngine:263 - oldGeneratedFile, /home/psh/workspace_semicon/ARM/12_ADC_DMA/MXTmpFiles/system.tmp_save
2025-07-01 12:26:21,984 [INFO] CodeEngine:287 - Generated code: /home/psh/workspace_semicon/ARM/12_ADC_DMA/MXTmpFiles/system.tmp
2025-07-01 12:26:21,992 [INFO] CodeEngine:319 - oldGeneratedFile, /home/psh/workspace_semicon/ARM/12_ADC_DMA/Core/Inc/stm32f4xx_hal_conf.h_save
2025-07-01 12:26:22,266 [INFO] CodeEngine:343 - Generated code: /home/psh/workspace_semicon/ARM/12_ADC_DMA/Core/Inc/stm32f4xx_hal_conf.h
2025-07-01 12:26:22,336 [INFO] CodeEngine:263 - oldGeneratedFile, /home/psh/workspace_semicon/ARM/12_ADC_DMA/Core/Inc/main.h_save
2025-07-01 12:26:22,552 [INFO] CodeEngine:287 - Generated code: /home/psh/workspace_semicon/ARM/12_ADC_DMA/Core/Inc/main.h
2025-07-01 12:26:22,556 [INFO] CodeEngine:263 - oldGeneratedFile, /home/psh/workspace_semicon/ARM/12_ADC_DMA/Core/Src/main.c_save
2025-07-01 12:26:22,879 [INFO] CodeEngine:287 - Generated code: /home/psh/workspace_semicon/ARM/12_ADC_DMA/Core/Src/main.c
2025-07-01 12:26:23,630 [INFO] ProjectBuilder:3324 - Time for Copy HAL[1] : 91mS.
2025-07-01 12:26:23,635 [INFO] ProjectBuilder:4912 - Project Generator version: 4.6.0.1-B1
2025-07-01 12:26:23,898 [INFO] ConfigFileManager:1590 - The Die is : DIE431
2025-07-01 12:26:26,632 [INFO] ProjectBuilder:5191 - Time for Generating toolchain IDE Files: 2997mS.
2025-07-01 12:26:26,633 [INFO] ProjectBuilder:3181 - Time for Copy CMSIS : 1mS.
2025-07-01 12:26:26,635 [INFO] ProjectBuilder:3181 - Time for Copy CMSIS : 1mS.
2025-07-01 14:28:57,884 [INFO] MainUpdater:2872 - connection check result : 10
2025-07-01 14:28:58,046 [INFO] McuFinderGlobals:76 - Set McuFinderConnectedMode to true
2025-07-01 14:28:58,048 [INFO] MultiScanPanel:200 - Auto-refresh data requested => check proxy status ongoing
2025-07-01 14:28:58,049 [INFO] FinderPluginLoader:95 - Searching for filters in installed packs
2025-07-01 14:29:01,099 [INFO] LoadUrlFilesThread:185 - End of LoadServerUrlFiles without Thread
2025-07-01 14:29:01,099 [INFO] DetailPanel:341 - Set advertising image to /home/psh/STM32Cube/Repository//en.cubemxfinderstm32wba6.jpg
2025-07-01 14:29:22,778 [INFO] MainUpdater:2872 - connection check result : 10
2025-07-01 14:29:22,778 [INFO] MainUpdater:2872 - connection check result : 10
2025-07-01 14:29:22,910 [INFO] MicroXplorer:468 - Change Database Path : 
2025-07-01 14:29:22,911 [INFO] MicroXplorer:498 - Change Database Version : DB.6.0.141
2025-07-01 14:29:22,956 [ERROR] ProjectManagerView:395 - 
java.lang.NullPointerException: Cannot invoke "javax.swing.JTextField.getText()" because the return value of "java.util.List.get(int)" is null
	at com.st.microxplorer.plugins.projectmanager.gui.ProjectChoiceTab$9.caretUpdate(ProjectChoiceTab.java:2678) ~[filemanager.jar:?]
	at javax.swing.text.JTextComponent.fireCaretUpdate(JTextComponent.java:408) ~[?:?]
	at javax.swing.text.JTextComponent$MutableCaretEvent.fire(JTextComponent.java:4484) ~[?:?]
	at javax.swing.text.JTextComponent$MutableCaretEvent.stateChanged(JTextComponent.java:4506) ~[?:?]
	at javax.swing.text.DefaultCaret.fireStateChanged(DefaultCaret.java:857) ~[?:?]
	at javax.swing.text.DefaultCaret.changeCaretPosition(DefaultCaret.java:1343) ~[?:?]
	at javax.swing.text.DefaultCaret.handleSetDot(DefaultCaret.java:1242) ~[?:?]
	at javax.swing.text.DefaultCaret.setDot(DefaultCaret.java:1223) ~[?:?]
	at javax.swing.text.DefaultCaret$Handler.insertUpdate(DefaultCaret.java:1819) ~[?:?]
	at javax.swing.text.AbstractDocument.fireInsertUpdate(AbstractDocument.java:227) ~[?:?]
	at javax.swing.text.AbstractDocument.handleInsertString(AbstractDocument.java:781) ~[?:?]
	at javax.swing.text.AbstractDocument.insertString(AbstractDocument.java:740) ~[?:?]
	at javax.swing.text.PlainDocument.insertString(PlainDocument.java:131) ~[?:?]
	at javax.swing.text.AbstractDocument.replace(AbstractDocument.java:699) ~[?:?]
	at javax.swing.text.JTextComponent.setText(JTextComponent.java:1725) ~[?:?]
	at com.st.microxplorer.plugins.projectmanager.gui.ProjectChoiceTab.createHeapStackFields(ProjectChoiceTab.java:979) ~[filemanager.jar:?]
	at com.st.microxplorer.plugins.projectmanager.gui.ProjectChoiceTab.buildLinkSettingsPanel(ProjectChoiceTab.java:3766) ~[filemanager.jar:?]
	at com.st.microxplorer.plugins.projectmanager.gui.ProjectChoiceTab.defineWindowsFields(ProjectChoiceTab.java:1962) ~[filemanager.jar:?]
	at com.st.microxplorer.plugins.projectmanager.gui.ProjectChoiceTab.updateSettings(ProjectChoiceTab.java:555) ~[filemanager.jar:?]
	at com.st.microxplorer.plugins.projectmanager.gui.ProjectSettingsPanel.UpdateDialog(ProjectSettingsPanel.java:245) ~[filemanager.jar:?]
	at com.st.microxplorer.plugins.projectmanager.ProjectManagerView.propertyChange(ProjectManagerView.java:392) ~[filemanager.jar:?]
	at java.beans.PropertyChangeSupport.fire(PropertyChangeSupport.java:343) ~[?:?]
	at java.beans.PropertyChangeSupport.firePropertyChange(PropertyChangeSupport.java:335) ~[?:?]
	at java.beans.PropertyChangeSupport.firePropertyChange(PropertyChangeSupport.java:268) ~[?:?]
	at com.st.microxplorer.util.MXPropertyChangeSupport.firePropertyChange(MXPropertyChangeSupport.java:54) ~[STM32CubeMX.jar:?]
	at com.st.microxplorer.mxsystem.MxSystem.closeConfig(MxSystem.java:899) ~[STM32CubeMX.jar:?]
	at com.st.microxplorer.maingui.MainPanel.closeConfig(MainPanel.java:789) ~[STM32CubeMX.jar:?]
	at com.st.microxplorer.plugins.filemanager.engine.OpenFileManager.loadConfigurationFile(OpenFileManager.java:287) ~[filemanager.jar:?]
	at com.st.microxplorer.plugins.filemanager.engine.MainFileManager.userLoadConfig(MainFileManager.java:341) ~[filemanager.jar:?]
	at com.st.microxplorer.plugins.filemanager.engine.MainFileManager.userLoadConfig(MainFileManager.java:319) ~[filemanager.jar:?]
	at com.st.microxplorer.plugins.filemanager.FileManagerView.getSpecificTask(FileManagerView.java:246) ~[filemanager.jar:?]
	at com.st.stm32cube.common.mx.editor.CubeMxEditor.getMxTabbedPaneInstance(CubeMxEditor.java:1198) ~[com.st.stm32cube.common.mx_6.14.1.202504091515/:?]
	at com.st.stm32cube.common.mx.editor.CubeMxEditor$12$1.createSwingComponent(CubeMxEditor.java:1068) ~[com.st.stm32cube.common.mx_6.14.1.202504091515/:?]
	at com.st.stm32cube.common.mx.oss.core.awtswtbridge.EmbeddedSwingComposite.doComponentCreation(EmbeddedSwingComposite.java:492) ~[com.st.stm32cube.common.mx.oss_6.14.1.202504091515/:?]
	at com.st.stm32cube.common.mx.oss.core.awtswtbridge.EmbeddedSwingComposite$4.run(EmbeddedSwingComposite.java:291) ~[com.st.stm32cube.common.mx.oss_6.14.1.202504091515/:?]
	at com.st.stm32cube.common.mx.oss.core.awtswtbridge.AwtEnvironment$2.run(AwtEnvironment.java:166) ~[com.st.stm32cube.common.mx.oss_6.14.1.202504091515/:?]
	at java.awt.event.InvocationEvent.dispatch(InvocationEvent.java:318) ~[?:?]
	at java.awt.EventQueue.dispatchEventImpl(EventQueue.java:773) ~[?:?]
	at java.awt.EventQueue$4.run(EventQueue.java:720) ~[?:?]
	at java.awt.EventQueue$4.run(EventQueue.java:714) ~[?:?]
	at java.security.AccessController.doPrivileged(AccessController.java:400) ~[?:?]
	at java.security.ProtectionDomain$JavaSecurityAccessImpl.doIntersectionPrivilege(ProtectionDomain.java:87) ~[?:?]
	at java.awt.EventQueue.dispatchEvent(EventQueue.java:742) ~[?:?]
	at java.awt.EventDispatchThread.pumpOneEventForFilters(EventDispatchThread.java:203) ~[?:?]
	at java.awt.EventDispatchThread.pumpEventsForFilter(EventDispatchThread.java:124) ~[?:?]
	at java.awt.EventDispatchThread.pumpEventsForHierarchy(EventDispatchThread.java:113) ~[?:?]
	at java.awt.EventDispatchThread.pumpEvents(EventDispatchThread.java:109) ~[?:?]
	at java.awt.EventDispatchThread.pumpEvents(EventDispatchThread.java:101) ~[?:?]
	at java.awt.EventDispatchThread.run(EventDispatchThread.java:90) ~[?:?]
2025-07-01 14:29:22,959 [WARN] ThirdParty:871 - waiting for thirdparty lock release [close project]
2025-07-01 14:29:22,959 [INFO] ThirdParty:873 - entering critical section [close project]
2025-07-01 14:29:22,959 [INFO] ThirdParty:883 - exiting critical section [close project]
2025-07-01 14:29:22,963 [INFO] PinOutPanel:1589 - setPackage(No Configuration,No Configuration)
2025-07-01 14:29:22,978 [WARN] IpParametersView:155 - Warning: This peripheral hasn't parameters
2025-07-01 14:29:22,991 [WARN] MainPanel:289 - <html><b><center>Warning: This peripheral has no parameters to be configured<br></b></html>
2025-07-01 14:29:22,998 [INFO] UtilMem:75 - Begin LoadConfig() Used Memory: 800281064 Bytes (1073741824)
2025-07-01 14:29:22,999 [INFO] MicroXplorer:468 - Change Database Path : 
2025-07-01 14:29:22,999 [INFO] MicroXplorer:498 - Change Database Version : DB.6.0.141
2025-07-01 14:29:22,999 [INFO] OpenFileManager:354 - Change cursor
2025-07-01 14:29:23,079 [INFO] RulesReader:64 - Compatibility file has been processed (302 Rules)
2025-07-01 14:29:23,094 [INFO] Mcu:2011 - Initializing MCU STM32F411R(C-E)Tx STM32F411RETx STM32F411RET6
2025-07-01 14:29:24,876 [INFO] Context:756 - Trying to add GPIOservice into a context  which must be forbidden
2025-07-01 14:29:26,058 [INFO] ImportTextPane:218 - (OptionalMessage_ERROR) Pin5 (VP_RIF_VS_RIF1) cannot be retrieved for this MCU
2025-07-01 14:29:26,394 [INFO] RtosManager:558 - Registered RTOS mode: class=CMSIS, group=RTOS, mode=CMSIS_V1, owner=FREERTOS
2025-07-01 14:29:26,395 [INFO] RtosManager:558 - Registered RTOS mode: class=CMSIS, group=RTOS2, mode=CMSIS_V2, owner=FREERTOS
2025-07-01 14:29:26,395 [INFO] RtosManager:558 - Registered RTOS mode: class=RTOS, group=Core, mode=CMSIS_V1, owner=FREERTOS
2025-07-01 14:29:26,395 [INFO] RtosManager:558 - Registered RTOS mode: class=RTOS, group=Core, mode=CMSIS_V2, owner=FREERTOS
2025-07-01 14:29:26,395 [WARN] ModelIntegratedComponent:184 - Missing modes for component STMicroelectronics:FreeRTOS:0.0.1:STMicroelectronics:RTOS:FreeRTOS:Core:::10.2.0:
2025-07-01 14:29:26,438 [WARN] ModelIntegratedComponent:182 - Modes not found for component STMicroelectronics:USB_HOST:1.0.0:STMicroelectronics:USB::USB Host:Audio HS::1.0:USB_HOST_1_0_RESTRICTED_HS
2025-07-01 14:29:26,438 [WARN] ModelIntegratedComponent:188 - Modes not found for component STMicroelectronics:USB_HOST:1.0.0:STMicroelectronics:USB::USB Host:Audio HS::1.0:USB_HOST_1_0_RESTRICTED_HS
2025-07-01 14:29:26,438 [WARN] ModelIntegratedComponent:182 - Modes not found for component STMicroelectronics:USB_HOST:1.0.0:STMicroelectronics:USB::USB Host:CDC HS::1.0:USB_HOST_1_0_RESTRICTED_HS
2025-07-01 14:29:26,438 [WARN] ModelIntegratedComponent:188 - Modes not found for component STMicroelectronics:USB_HOST:1.0.0:STMicroelectronics:USB::USB Host:CDC HS::1.0:USB_HOST_1_0_RESTRICTED_HS
2025-07-01 14:29:26,439 [WARN] ModelIntegratedComponent:182 - Modes not found for component STMicroelectronics:USB_HOST:1.0.0:STMicroelectronics:USB::USB Host:MSC HS::1.0:USB_HOST_1_0_RESTRICTED_HS
2025-07-01 14:29:26,439 [WARN] ModelIntegratedComponent:188 - Modes not found for component STMicroelectronics:USB_HOST:1.0.0:STMicroelectronics:USB::USB Host:MSC HS::1.0:USB_HOST_1_0_RESTRICTED_HS
2025-07-01 14:29:26,439 [WARN] ModelIntegratedComponent:182 - Modes not found for component STMicroelectronics:USB_HOST:1.0.0:STMicroelectronics:USB::USB Host:HID HS::1.0:USB_HOST_1_0_RESTRICTED_HS
2025-07-01 14:29:26,439 [WARN] ModelIntegratedComponent:188 - Modes not found for component STMicroelectronics:USB_HOST:1.0.0:STMicroelectronics:USB::USB Host:HID HS::1.0:USB_HOST_1_0_RESTRICTED_HS
2025-07-01 14:29:26,440 [WARN] ModelIntegratedComponent:182 - Modes not found for component STMicroelectronics:USB_HOST:1.0.0:STMicroelectronics:USB::USB Host:MTP HS::1.0:USB_HOST_1_0_RESTRICTED_HS
2025-07-01 14:29:26,440 [WARN] ModelIntegratedComponent:188 - Modes not found for component STMicroelectronics:USB_HOST:1.0.0:STMicroelectronics:USB::USB Host:MTP HS::1.0:USB_HOST_1_0_RESTRICTED_HS
2025-07-01 14:29:26,480 [WARN] ModelIntegratedComponent:63 - No mode defined for component null
2025-07-01 14:29:26,481 [WARN] ModelIntegratedComponent:63 - No mode defined for component null
2025-07-01 14:29:26,481 [WARN] ModelIntegratedComponent:63 - No mode defined for component null
2025-07-01 14:29:26,481 [WARN] ModelIntegratedComponent:63 - No mode defined for component null
2025-07-01 14:29:26,482 [WARN] ModelIntegratedComponent:63 - No mode defined for component null
2025-07-01 14:29:26,484 [WARN] ModelIntegratedComponent:63 - No mode defined for component null
2025-07-01 14:29:26,485 [WARN] ModelIntegratedComponent:63 - No mode defined for component null
2025-07-01 14:29:26,485 [WARN] ModelIntegratedComponent:63 - No mode defined for component null
2025-07-01 14:29:26,485 [WARN] ModelIntegratedComponent:63 - No mode defined for component null
2025-07-01 14:29:26,485 [WARN] ModelIntegratedComponent:63 - No mode defined for component null
2025-07-01 14:29:26,486 [WARN] ModelIntegratedComponent:63 - No mode defined for component null
2025-07-01 14:29:26,486 [WARN] ModelIntegratedComponent:63 - No mode defined for component null
2025-07-01 14:29:26,486 [WARN] ModelIntegratedComponent:63 - No mode defined for component null
2025-07-01 14:29:26,487 [WARN] ModelIntegratedComponent:63 - No mode defined for component null
2025-07-01 14:29:26,487 [WARN] ModelIntegratedComponent:63 - No mode defined for component null
2025-07-01 14:29:26,487 [WARN] ModelIntegratedComponent:63 - No mode defined for component null
2025-07-01 14:29:26,487 [WARN] ModelIntegratedComponent:63 - No mode defined for component null
2025-07-01 14:29:26,487 [WARN] ModelIntegratedComponent:63 - No mode defined for component null
2025-07-01 14:29:26,488 [WARN] ModelIntegratedComponent:63 - No mode defined for component null
2025-07-01 14:29:26,488 [WARN] ModelIntegratedComponent:63 - No mode defined for component null
2025-07-01 14:29:26,488 [WARN] ModelIntegratedComponent:63 - No mode defined for component null
2025-07-01 14:29:26,488 [WARN] ModelIntegratedComponent:63 - No mode defined for component null
2025-07-01 14:29:26,488 [WARN] ModelIntegratedComponent:63 - No mode defined for component null
2025-07-01 14:29:26,489 [WARN] ModelIntegratedComponent:63 - No mode defined for component null
2025-07-01 14:29:26,489 [WARN] ModelIntegratedComponent:63 - No mode defined for component null
2025-07-01 14:29:26,489 [WARN] ModelIntegratedComponent:63 - No mode defined for component null
2025-07-01 14:29:26,490 [WARN] ModelIntegratedComponent:63 - No mode defined for component null
2025-07-01 14:29:26,490 [WARN] ModelIntegratedComponent:63 - No mode defined for component null
2025-07-01 14:29:26,490 [WARN] ModelIntegratedComponent:63 - No mode defined for component null
2025-07-01 14:29:26,490 [WARN] ModelIntegratedComponent:63 - No mode defined for component null
2025-07-01 14:29:26,490 [WARN] ModelIntegratedComponent:63 - No mode defined for component null
2025-07-01 14:29:26,490 [WARN] ModelIntegratedComponent:63 - No mode defined for component null
2025-07-01 14:29:26,491 [WARN] ModelIntegratedComponent:63 - No mode defined for component null
2025-07-01 14:29:26,491 [WARN] ModelIntegratedComponent:63 - No mode defined for component null
2025-07-01 14:29:26,491 [WARN] ModelIntegratedComponent:63 - No mode defined for component null
2025-07-01 14:29:26,492 [WARN] ModelPack:524 - Component already loaded: STMicroelectronics:HAL Drivers:0.0.0:STMicroelectronics:Device:STMicro_Driver:XSPI:HAL::0.0.1:HAL_XSPI
2025-07-01 14:29:27,172 [WARN] ModelIntegratedComponent:182 - Modes not found for component STMicroelectronics:USB_DEVICE:1.0.0:STMicroelectronics:USB::USB Device:Audio HS::1.0:USB_DEVICE_1_0_RESTRICTED_HS
2025-07-01 14:29:27,172 [WARN] ModelIntegratedComponent:188 - Modes not found for component STMicroelectronics:USB_DEVICE:1.0.0:STMicroelectronics:USB::USB Device:Audio HS::1.0:USB_DEVICE_1_0_RESTRICTED_HS
2025-07-01 14:29:27,173 [WARN] ModelIntegratedComponent:182 - Modes not found for component STMicroelectronics:USB_DEVICE:1.0.0:STMicroelectronics:USB::USB Device:CDC HS::1.0:USB_DEVICE_1_0_RESTRICTED_HS
2025-07-01 14:29:27,173 [WARN] ModelIntegratedComponent:188 - Modes not found for component STMicroelectronics:USB_DEVICE:1.0.0:STMicroelectronics:USB::USB Device:CDC HS::1.0:USB_DEVICE_1_0_RESTRICTED_HS
2025-07-01 14:29:27,173 [WARN] ModelIntegratedComponent:182 - Modes not found for component STMicroelectronics:USB_DEVICE:1.0.0:STMicroelectronics:USB::USB Device:DFU HS::1.0:USB_DEVICE_1_0_RESTRICTED_HS
2025-07-01 14:29:27,173 [WARN] ModelIntegratedComponent:188 - Modes not found for component STMicroelectronics:USB_DEVICE:1.0.0:STMicroelectronics:USB::USB Device:DFU HS::1.0:USB_DEVICE_1_0_RESTRICTED_HS
2025-07-01 14:29:27,173 [WARN] ModelIntegratedComponent:182 - Modes not found for component STMicroelectronics:USB_DEVICE:1.0.0:STMicroelectronics:USB::USB Device:HID HS::1.0:USB_DEVICE_1_0_RESTRICTED_HS
2025-07-01 14:29:27,173 [WARN] ModelIntegratedComponent:188 - Modes not found for component STMicroelectronics:USB_DEVICE:1.0.0:STMicroelectronics:USB::USB Device:HID HS::1.0:USB_DEVICE_1_0_RESTRICTED_HS
2025-07-01 14:29:27,173 [WARN] ModelIntegratedComponent:182 - Modes not found for component STMicroelectronics:USB_DEVICE:1.0.0:STMicroelectronics:USB::USB Device:Custom HID HS::1.0:USB_DEVICE_1_0_RESTRICTED_HS
2025-07-01 14:29:27,173 [WARN] ModelIntegratedComponent:188 - Modes not found for component STMicroelectronics:USB_DEVICE:1.0.0:STMicroelectronics:USB::USB Device:Custom HID HS::1.0:USB_DEVICE_1_0_RESTRICTED_HS
2025-07-01 14:29:27,173 [WARN] ModelIntegratedComponent:182 - Modes not found for component STMicroelectronics:USB_DEVICE:1.0.0:STMicroelectronics:USB::USB Device:MSC HS::1.0:USB_DEVICE_1_0_RESTRICTED_HS
2025-07-01 14:29:27,173 [WARN] ModelIntegratedComponent:188 - Modes not found for component STMicroelectronics:USB_DEVICE:1.0.0:STMicroelectronics:USB::USB Device:MSC HS::1.0:USB_DEVICE_1_0_RESTRICTED_HS
2025-07-01 14:29:27,212 [INFO] ThirdPartyModel:298 - Start build external matchings
2025-07-01 14:29:29,748 [INFO] ThirdPartyModel:316 - End build external matchings
2025-07-01 14:29:29,794 [INFO] ImportTextPane:218 - (OptionalMessage_ERROR) IP (RCC) : Parameter (48MHZClocksFreq_Value) has invalid value (50000000)
2025-07-01 14:29:29,796 [INFO] ImportTextPane:218 - (OptionalMessage_ERROR) IP (RCC) : Parameter (RTCHSEDivFreq_Value) has invalid value (12500000)
2025-07-01 14:29:30,102 [INFO] UtilMem:75 - End LoadConfig() Used Memory: 948252200 Bytes (1073741824)
2025-07-01 14:29:30,136 [WARN] ThirdParty:833 - waiting for thirdparty lock release [change project]
2025-07-01 14:29:30,138 [INFO] ThirdParty:835 - entering critical section [change project]
2025-07-01 14:29:30,138 [INFO] ThirdParty:1030 - CMSIS Pack Vendor :STMicroelectronics X-CUBE-PM33A1 1.0.0
2025-07-01 14:29:30,138 [INFO] ThirdParty:1030 - CMSIS Pack Vendor :STMicroelectronics USBPD 4.1
2025-07-01 14:29:30,138 [INFO] ThirdParty:1030 - CMSIS Pack Vendor :STMicroelectronics X-CUBE-AZRTOS-H7 3.3.0
2025-07-01 14:29:30,140 [INFO] ThirdParty:1030 - CMSIS Pack Vendor :STMicroelectronics X-CUBE-NFC9 1.0.0
2025-07-01 14:29:30,140 [INFO] ThirdParty:1030 - CMSIS Pack Vendor :wolfSSL I-CUBE-wolfSSL 5.8.0
2025-07-01 14:29:30,140 [INFO] ThirdParty:1030 - CMSIS Pack Vendor :STMicroelectronics USB_HOST 2.0.0
2025-07-01 14:29:30,140 [INFO] ThirdParty:1030 - CMSIS Pack Vendor :STMicroelectronics FP-SNS-MOTENVWB1 1.4.0
2025-07-01 14:29:30,140 [INFO] ThirdParty:1030 - CMSIS Pack Vendor :STMicroelectronics X-CUBE-AZRTOS-F4 1.1.0
2025-07-01 14:29:30,140 [INFO] ThirdParty:1030 - CMSIS Pack Vendor :STMicroelectronics LIBJPEG 8.0.0
2025-07-01 14:29:30,141 [INFO] ThirdParty:1030 - CMSIS Pack Vendor :Avnet-IotConnect X-CUBE-IoTC-DA16k-PMOD 1.0.0
2025-07-01 14:29:30,141 [INFO] ThirdParty:1030 - CMSIS Pack Vendor :STMicroelectronics X-CUBE-SMBUS 2.1.0
2025-07-01 14:29:30,141 [INFO] ThirdParty:1030 - CMSIS Pack Vendor :wolfSSL I-CUBE-wolfMQTT 1.19.2
2025-07-01 14:29:30,141 [INFO] ThirdParty:1030 - CMSIS Pack Vendor :STMicroelectronics USB_DEVICE 3.0.0
2025-07-01 14:29:30,141 [INFO] ThirdParty:1030 - CMSIS Pack Vendor :STMicroelectronics X-CUBE-ISPU 2.1.0
2025-07-01 14:29:30,141 [INFO] ThirdParty:1030 - CMSIS Pack Vendor :STMicroelectronics X-CUBE-AZRTOS-WB 2.0.0
2025-07-01 14:29:30,141 [INFO] ThirdParty:1030 - CMSIS Pack Vendor :STMicroelectronics X-CUBE-ST60 1.0.0
2025-07-01 14:29:30,141 [INFO] ThirdParty:1030 - CMSIS Pack Vendor :STMicroelectronics X-CUBE-GNSS1 7.0.1
2025-07-01 14:29:30,142 [INFO] ThirdParty:1030 - CMSIS Pack Vendor :STMicroelectronics X-CUBE-AZRTOS-F7 1.1.0
2025-07-01 14:29:30,142 [INFO] ThirdParty:1030 - CMSIS Pack Vendor :STMicroelectronics X-CUBE-AZRTOS-L5 2.0.0
2025-07-01 14:29:30,142 [INFO] ThirdParty:1030 - CMSIS Pack Vendor :STMicroelectronics X-CUBE-TOUCHGFX 4.25.0
2025-07-01 14:29:30,142 [INFO] ThirdParty:1030 - CMSIS Pack Vendor :STMicroelectronics USB_DEVICE 2.0.0
2025-07-01 14:29:30,143 [INFO] ThirdParty:1030 - CMSIS Pack Vendor :STMicroelectronics X-CUBE-NFC6 3.1.0
2025-07-01 14:29:30,144 [INFO] ThirdParty:1030 - CMSIS Pack Vendor :STMicroelectronics FP-SNS-STBOX1 2.0.0
2025-07-01 14:29:30,144 [INFO] ThirdParty:1030 - CMSIS Pack Vendor :STMicroelectronics FreeRTOS 0.0.1
2025-07-01 14:29:30,144 [INFO] ThirdParty:1030 - CMSIS Pack Vendor :STMicroelectronics X-CUBE-AZRTOS-G0 1.1.0
2025-07-01 14:29:30,144 [INFO] ThirdParty:1030 - CMSIS Pack Vendor :STMicroelectronics X-CUBE-SAFEA1 1.2.2
2025-07-01 14:29:30,144 [INFO] ThirdParty:1030 - CMSIS Pack Vendor :STMicroelectronics X-CUBE-NFC4 3.0.0
2025-07-01 14:29:30,144 [INFO] ThirdParty:1030 - CMSIS Pack Vendor :STMicroelectronics X-CUBE-SUBG2 5.0.0
2025-07-01 14:29:30,145 [INFO] ThirdParty:1030 - CMSIS Pack Vendor :STMicroelectronics X-CUBE-AZRTOS-H7RS 1.1.0
2025-07-01 14:29:30,145 [INFO] ThirdParty:1030 - CMSIS Pack Vendor :STMicroelectronics STM32_WPAN 1.0.0
2025-07-01 14:29:30,145 [INFO] ThirdParty:1030 - CMSIS Pack Vendor :EmbeddedOffice I-CUBE-FS-RTOS 1.0.1
2025-07-01 14:29:30,146 [INFO] ThirdParty:1030 - CMSIS Pack Vendor :STMicroelectronics lwIP 2.0.3
2025-07-01 14:29:30,147 [INFO] ThirdParty:1030 - CMSIS Pack Vendor :Cesanta I-CUBE-Mongoose 7.13.0
2025-07-01 14:29:30,147 [INFO] ThirdParty:1030 - CMSIS Pack Vendor :STMicroelectronics USB_HOST 1.0.0
2025-07-01 14:29:30,147 [INFO] ThirdParty:1030 - CMSIS Pack Vendor :Infineon AIROC-Wi-Fi-Bluetooth-STM32 1.7.0
2025-07-01 14:29:30,147 [INFO] ThirdParty:1030 - CMSIS Pack Vendor :STMicroelectronics X-CUBE-AZRTOS-G4 2.0.0
2025-07-01 14:29:30,147 [INFO] ThirdParty:1030 - CMSIS Pack Vendor :STMicroelectronics X-CUBE-WB05N 2.0.0
2025-07-01 14:29:30,147 [INFO] ThirdParty:1030 - CMSIS Pack Vendor :STMicroelectronics PDM2PCM 3.1.0
2025-07-01 14:29:30,147 [INFO] ThirdParty:1030 - CMSIS Pack Vendor :STMicroelectronics PDM2PCM 3.3.0
2025-07-01 14:29:30,148 [INFO] ThirdParty:1030 - CMSIS Pack Vendor :wolfSSL I-CUBE-wolfTPM 3.8.0
2025-07-01 14:29:30,148 [INFO] ThirdParty:1030 - CMSIS Pack Vendor :STMicroelectronics X-CUBE-DISPLAY 3.0.0
2025-07-01 14:29:30,148 [INFO] ThirdParty:1030 - CMSIS Pack Vendor :wolfSSL I-CUBE-wolfSSH 1.4.20
2025-07-01 14:29:30,148 [INFO] ThirdParty:1030 - CMSIS Pack Vendor :STMicroelectronics X-CUBE-NFC7 2.0.0
2025-07-01 14:29:30,148 [INFO] ThirdParty:1030 - CMSIS Pack Vendor :STMicroelectronics X-CUBE-TCPP 4.2.0
2025-07-01 14:29:30,148 [INFO] ThirdParty:1030 - CMSIS Pack Vendor :RealThread X-CUBE-RT-Thread_Nano 4.1.1
2025-07-01 14:29:30,148 [INFO] ThirdParty:1030 - CMSIS Pack Vendor :STMicroelectronics FP-ATR-SIGFOX1 3.2.0
2025-07-01 14:29:30,149 [INFO] ThirdParty:1030 - CMSIS Pack Vendor :STMicroelectronics X-CUBE-NFC10 1.0.0
2025-07-01 14:29:30,149 [INFO] ThirdParty:1030 - CMSIS Pack Vendor :STMicroelectronics X-CUBE-BLEMGR 4.0.0
2025-07-01 14:29:30,149 [INFO] ThirdParty:1030 - CMSIS Pack Vendor :STMicroelectronics X-CUBE-EEPRMA1 5.1.0
2025-07-01 14:29:30,149 [INFO] ThirdParty:1030 - CMSIS Pack Vendor :STMicroelectronics X-CUBE-FREERTOS 1.3.1
2025-07-01 14:29:30,149 [INFO] ThirdParty:1030 - CMSIS Pack Vendor :STMicroelectronics HAL Drivers 0.0.0
2025-07-01 14:29:30,149 [INFO] ThirdParty:1030 - CMSIS Pack Vendor :STMicroelectronics MBEDTLS 2.16.2
2025-07-01 14:29:30,150 [INFO] ThirdParty:1030 - CMSIS Pack Vendor :STMicroelectronics X-CUBE-IPS 3.1.0
2025-07-01 14:29:30,150 [INFO] ThirdParty:1030 - CMSIS Pack Vendor :STMicroelectronics X-CUBE-ALS 1.0.2
2025-07-01 14:29:30,150 [INFO] ThirdParty:1030 - CMSIS Pack Vendor :emotas I-CUBE-CANOPEN 1.3.0
2025-07-01 14:29:30,150 [INFO] ThirdParty:1030 - CMSIS Pack Vendor :STMicroelectronics MBEDTLS 2.14.1
2025-07-01 14:29:30,151 [INFO] ThirdParty:1030 - CMSIS Pack Vendor :ITTIA_DB I-CUBE-ITTIADB 8.9.0
2025-07-01 14:29:30,151 [INFO] ThirdParty:1030 - CMSIS Pack Vendor :portGmbH I-Cube-SoM-uGOAL 1.1.0
2025-07-01 14:29:30,151 [INFO] ThirdParty:1030 - CMSIS Pack Vendor :quantropi X-CUBE-qispace-sdk-base 2.0.0
2025-07-01 14:29:30,151 [INFO] ThirdParty:1030 - CMSIS Pack Vendor :STMicroelectronics X-CUBE-ST67W61 1.0.0
2025-07-01 14:29:30,151 [INFO] ThirdParty:1030 - CMSIS Pack Vendor :STMicroelectronics FP-SNS-STAIOTCFT 1.0.0
2025-07-01 14:29:30,151 [INFO] ThirdParty:1030 - CMSIS Pack Vendor :STMicroelectronics ThreadX 1.0.0
2025-07-01 14:29:30,152 [INFO] ThirdParty:1030 - CMSIS Pack Vendor :STMicroelectronics FP-SNS-SMARTAG2 1.2.0
2025-07-01 14:29:30,152 [INFO] ThirdParty:1030 - CMSIS Pack Vendor :STMicroelectronics X-CUBE-AZRTOS-WL 2.0.0
2025-07-01 14:29:30,152 [INFO] ThirdParty:1030 - CMSIS Pack Vendor :SEGGER I-CUBE-embOS 1.3.1
2025-07-01 14:29:30,153 [INFO] ThirdParty:1030 - CMSIS Pack Vendor :STMicroelectronics X-CUBE-ALGOBUILD 1.4.0
2025-07-01 14:29:30,153 [INFO] ThirdParty:1030 - CMSIS Pack Vendor :STMicroelectronics X-CUBE-DPower 1.3.0
2025-07-01 14:29:30,153 [INFO] ThirdParty:1030 - CMSIS Pack Vendor :STMicroelectronics X-CUBE-MEMS1 11.3.0
2025-07-01 14:29:30,153 [INFO] ThirdParty:1030 - CMSIS Pack Vendor :STMicroelectronics FP-SNS-MOTENV1 5.0.0
2025-07-01 14:29:30,153 [INFO] ThirdParty:1030 - CMSIS Pack Vendor :STMicroelectronics USB_DEVICE 1.0.0
2025-07-01 14:29:30,153 [INFO] ThirdParty:1030 - CMSIS Pack Vendor :STMicroelectronics X-CUBE-AZRTOS-L4 2.0.0
2025-07-01 14:29:30,153 [INFO] ThirdParty:1030 - CMSIS Pack Vendor :STMicroelectronics ThreadX 0.0.2
2025-07-01 14:29:30,154 [INFO] ThirdParty:1030 - CMSIS Pack Vendor :WES I-CUBE-Cesium 1.3.0
2025-07-01 14:29:30,154 [INFO] ThirdParty:1030 - CMSIS Pack Vendor :STMicroelectronics lwIP 2.1.2
2025-07-01 14:29:30,154 [INFO] ThirdParty:1030 - CMSIS Pack Vendor :STMicroelectronics X-CUBE-SFXS2LP1 4.0.0
2025-07-01 14:29:30,154 [INFO] ThirdParty:1030 - CMSIS Pack Vendor :STMicroelectronics X-CUBE-BLE2 3.3.0
2025-07-01 14:29:30,154 [INFO] ThirdParty:1030 - CMSIS Pack Vendor :STMicroelectronics X-CUBE-TOF1 3.4.3
2025-07-01 14:29:30,154 [INFO] ThirdParty:1030 - CMSIS Pack Vendor :STMicroelectronics PDM2PCM 3.2.0
2025-07-01 14:29:30,155 [INFO] ThirdParty:841 - exiting critical section [change project]
2025-07-01 14:29:31,094 [INFO] PinOutPanel:1589 - setPackage(No Configuration,No Configuration)
2025-07-01 14:29:31,095 [INFO] PinOutPanel:1589 - setPackage(STM32F411RETx,LQFP64)
2025-07-01 14:29:32,037 [INFO] UtilMem:75 - Before build in PCC Used Memory: 900498376 Bytes (1073741824)
2025-07-01 14:29:32,693 [INFO] UtilMem:75 - After build in PCC Used Memory: 946141216 Bytes (1073741824)
2025-07-01 14:29:32,753 [INFO] IPUIPlugin:80 - create IPUIPlugin
2025-07-01 14:29:32,753 [INFO] IPUIPlugin:80 - create IPUIPlugin
2025-07-01 14:29:32,754 [INFO] IPUIPlugin:80 - create IPUIPlugin
2025-07-01 14:29:32,755 [INFO] IPUIPlugin:80 - create IPUIPlugin
2025-07-01 14:29:32,755 [INFO] IPUIPlugin:80 - create IPUIPlugin
2025-07-01 14:29:32,756 [INFO] IPUIPlugin:80 - create IPUIPlugin
2025-07-01 14:29:32,756 [INFO] IPUIPlugin:80 - create IPUIPlugin
2025-07-01 14:29:32,756 [INFO] IPUIPlugin:80 - create IPUIPlugin
2025-07-01 14:29:32,756 [INFO] IPUIPlugin:80 - create IPUIPlugin
2025-07-01 14:29:32,756 [INFO] IPUIPlugin:80 - create IPUIPlugin
2025-07-01 14:29:32,757 [INFO] IPUIPlugin:80 - create IPUIPlugin
2025-07-01 14:29:32,757 [INFO] IPUIPlugin:80 - create IPUIPlugin
2025-07-01 14:29:32,757 [INFO] IPUIPlugin:80 - create IPUIPlugin
2025-07-01 14:29:32,757 [INFO] IPUIPlugin:80 - create IPUIPlugin
2025-07-01 14:29:32,758 [INFO] IPUIPlugin:80 - create IPUIPlugin
2025-07-01 14:29:32,758 [INFO] IPUIPlugin:80 - create IPUIPlugin
2025-07-01 14:29:32,758 [INFO] IPUIPlugin:80 - create IPUIPlugin
2025-07-01 14:29:32,759 [INFO] IPUIPlugin:80 - create IPUIPlugin
2025-07-01 14:29:32,759 [INFO] IPUIPlugin:80 - create IPUIPlugin
2025-07-01 14:29:32,760 [INFO] IPUIPlugin:80 - create IPUIPlugin
2025-07-01 14:29:32,760 [INFO] IPUIPlugin:80 - create IPUIPlugin
2025-07-01 14:29:32,761 [INFO] IPUIPlugin:80 - create IPUIPlugin
2025-07-01 14:29:32,761 [INFO] IPUIPlugin:80 - create IPUIPlugin
2025-07-01 14:29:32,762 [INFO] IPUIPlugin:80 - create IPUIPlugin
2025-07-01 14:29:32,762 [INFO] IPUIPlugin:80 - create IPUIPlugin
2025-07-01 14:29:32,763 [INFO] IPUIPlugin:80 - create IPUIPlugin
2025-07-01 14:29:32,763 [INFO] IPUIPlugin:80 - create IPUIPlugin
2025-07-01 14:29:32,764 [INFO] IPUIPlugin:80 - create IPUIPlugin
2025-07-01 14:29:32,765 [INFO] IPUIPlugin:80 - create IPUIPlugin
2025-07-01 14:29:32,765 [INFO] IPUIPlugin:80 - create IPUIPlugin
2025-07-01 14:29:32,766 [INFO] IPUIPlugin:80 - create IPUIPlugin
2025-07-01 14:29:32,767 [INFO] IPUIPlugin:80 - create IPUIPlugin
2025-07-01 14:29:32,768 [INFO] IPUIPlugin:80 - create IPUIPlugin
2025-07-01 14:29:32,768 [INFO] IPUIPlugin:80 - create IPUIPlugin
2025-07-01 14:29:32,769 [INFO] IPUIPlugin:80 - create IPUIPlugin
2025-07-01 14:29:32,770 [INFO] IPUIPlugin:80 - create IPUIPlugin
2025-07-01 14:29:32,771 [INFO] IPUIPlugin:80 - create IPUIPlugin
2025-07-01 14:29:32,772 [INFO] IPUIPlugin:80 - create IPUIPlugin
2025-07-01 14:29:32,773 [INFO] IPUIPlugin:80 - create IPUIPlugin
2025-07-01 14:29:32,774 [INFO] IPUIPlugin:80 - create IPUIPlugin
2025-07-01 14:29:32,775 [INFO] IPUIPlugin:80 - create IPUIPlugin
2025-07-01 14:29:32,776 [INFO] IPUIPlugin:80 - create IPUIPlugin
2025-07-01 14:29:32,777 [INFO] IPUIPlugin:80 - create IPUIPlugin
2025-07-01 14:29:32,784 [INFO] ApiDbMcu:508 - Load IP Config File for PDM2PCM
2025-07-01 14:29:32,856 [INFO] CADModel:165 - CPN selected for project levelSTM32F411RET6
2025-07-01 14:29:32,857 [INFO] CADModel:114 - Register for checkConnection events
2025-07-01 14:29:32,908 [INFO] OpenFileManager:385 - Restore cursor
2025-07-01 14:29:33,924 [INFO] UtilMem:75 - End SaveConfig() Used Memory: 777216024 Bytes (1073741824)
2025-07-01 14:29:34,032 [INFO] UtilMem:75 - End SaveConfig() Used Memory: 793545936 Bytes (1073741824)
2025-07-01 14:29:34,903 [INFO] BlockDiagram:2775 - set Specific Code input for plugin: NVIC
2025-07-01 14:29:34,903 [INFO] BlockDiagram:2775 - set Specific Code input for plugin: SYS
2025-07-01 14:29:34,904 [INFO] BlockDiagram:2775 - set Specific Code input for plugin: GPIO
2025-07-01 14:29:34,904 [INFO] BlockDiagram:2775 - set Specific Code input for plugin: RCC
2025-07-01 14:29:34,905 [INFO] CodeGenerator:882 - code generatio: config db path: /opt/st/stm32cubeide_1.18.1/plugins/com.st.stm32cube.common.mx_6.14.1.202504091515//db/
2025-07-01 14:29:35,265 [INFO] CodeEngine:263 - oldGeneratedFile, /home/psh/workspace_semicon/ARM/13_DHT11/MXTmpFiles/license.tmp_save
2025-07-01 14:29:36,310 [INFO] CodeEngine:287 - Generated code: /home/psh/workspace_semicon/ARM/13_DHT11/MXTmpFiles/license.tmp
2025-07-01 14:29:36,447 [INFO] CodeEngine:263 - oldGeneratedFile, /home/psh/workspace_semicon/ARM/13_DHT11/Core/Src/gpio.c_save
2025-07-01 14:29:36,915 [INFO] CodeEngine:287 - Generated code: /home/psh/workspace_semicon/ARM/13_DHT11/Core/Src/gpio.c
2025-07-01 14:29:36,919 [INFO] CodeEngine:263 - oldGeneratedFile, /home/psh/workspace_semicon/ARM/13_DHT11/Core/Inc/gpio.h_save
2025-07-01 14:29:37,301 [INFO] CodeEngine:287 - Generated code: /home/psh/workspace_semicon/ARM/13_DHT11/Core/Inc/gpio.h
2025-07-01 14:29:37,326 [INFO] CodeEngine:263 - oldGeneratedFile, /home/psh/workspace_semicon/ARM/13_DHT11/Core/Src/stm32f4xx_it.c_save
2025-07-01 14:29:38,175 [INFO] CodeEngine:287 - Generated code: /home/psh/workspace_semicon/ARM/13_DHT11/Core/Src/stm32f4xx_it.c
2025-07-01 14:29:38,178 [INFO] CodeEngine:263 - oldGeneratedFile, /home/psh/workspace_semicon/ARM/13_DHT11/Core/Inc/stm32f4xx_it.h_save
2025-07-01 14:29:38,457 [INFO] CodeEngine:287 - Generated code: /home/psh/workspace_semicon/ARM/13_DHT11/Core/Inc/stm32f4xx_it.h
2025-07-01 14:29:38,469 [INFO] CodeEngine:263 - oldGeneratedFile, /home/psh/workspace_semicon/ARM/13_DHT11/Core/Src/stm32f4xx_hal_msp.c_save
2025-07-01 14:29:38,843 [INFO] CodeEngine:287 - Generated code: /home/psh/workspace_semicon/ARM/13_DHT11/Core/Src/stm32f4xx_hal_msp.c
2025-07-01 14:29:38,846 [INFO] CodeEngine:263 - oldGeneratedFile, /home/psh/workspace_semicon/ARM/13_DHT11/MXTmpFiles/system.tmp_save
2025-07-01 14:29:39,020 [INFO] CodeEngine:287 - Generated code: /home/psh/workspace_semicon/ARM/13_DHT11/MXTmpFiles/system.tmp
2025-07-01 14:29:39,028 [INFO] CodeEngine:319 - oldGeneratedFile, /home/psh/workspace_semicon/ARM/13_DHT11/Core/Inc/stm32f4xx_hal_conf.h_save
2025-07-01 14:29:39,287 [INFO] CodeEngine:343 - Generated code: /home/psh/workspace_semicon/ARM/13_DHT11/Core/Inc/stm32f4xx_hal_conf.h
2025-07-01 14:29:39,387 [INFO] ApiDbMcu:508 - Load IP Config File for RCC
2025-07-01 14:29:39,400 [INFO] CodeEngine:263 - oldGeneratedFile, /home/psh/workspace_semicon/ARM/13_DHT11/Core/Inc/main.h_save
2025-07-01 14:29:39,756 [INFO] CodeEngine:287 - Generated code: /home/psh/workspace_semicon/ARM/13_DHT11/Core/Inc/main.h
2025-07-01 14:29:39,762 [INFO] CodeEngine:263 - oldGeneratedFile, /home/psh/workspace_semicon/ARM/13_DHT11/Core/Src/main.c_save
2025-07-01 14:29:40,041 [INFO] CodeEngine:287 - Generated code: /home/psh/workspace_semicon/ARM/13_DHT11/Core/Src/main.c
2025-07-01 14:29:40,605 [INFO] ProjectBuilder:3324 - Time for Copy HAL[1] : 60mS.
2025-07-01 14:29:40,609 [INFO] ProjectBuilder:4912 - Project Generator version: 4.6.0.1-B1
2025-07-01 14:29:40,851 [INFO] ConfigFileManager:1590 - The Die is : DIE431
2025-07-01 14:29:40,857 [INFO] ApiDbMcu:508 - Load IP Config File for FATFS
2025-07-01 14:29:40,870 [INFO] ApiDbMcu:508 - Load IP Config File for FREERTOS
2025-07-01 14:29:40,875 [INFO] ApiDbMcu:508 - Load IP Config File for LIBJPEG
2025-07-01 14:29:40,890 [INFO] ApiDbMcu:508 - Load IP Config File for MBEDTLS
2025-07-01 14:29:40,906 [INFO] ApiDbMcu:508 - Load IP Config File for USB_DEVICE
2025-07-01 14:29:40,912 [INFO] ApiDbMcu:508 - Load IP Config File for USB_HOST
2025-07-01 14:29:45,675 [INFO] ProjectBuilder:5191 - Time for Generating toolchain IDE Files: 5066mS.
2025-07-01 14:29:45,680 [INFO] ProjectBuilder:3181 - Time for Copy CMSIS : 3mS.
2025-07-01 14:29:45,681 [INFO] ProjectBuilder:3181 - Time for Copy CMSIS : 0mS.
2025-07-01 14:29:46,644 [INFO] McuFinderGlobals:76 - Set McuFinderConnectedMode to true
2025-07-01 14:29:47,030 [INFO] ApiDb:448 - Save user favorites file /home/psh/.stm32cubeide/favorites.mcus.txt: 1 item(s)
2025-07-01 14:29:47,031 [INFO] ApiDb:452 - User favorites MCUs=[STM32F411RET6]
2025-07-01 14:30:07,874 [INFO] NvicIntPanel:101 - NVIC parent = com.st.microxplorer.plugins.ip.nvic.MultiNvicIntPanel[,0,0,0x0,invalid,layout=javax.swing.BoxLayout,alignmentX=0.0,alignmentY=0.0,border=,flags=9,maximumSize=,minimumSize=,preferredSize=]
2025-07-01 14:30:09,981 [INFO] NvicIntPanel:101 - NVIC parent = com.st.microxplorer.plugins.ip.nvic.MultiNvicIntPanel[,0,0,0x0,invalid,layout=javax.swing.BoxLayout,alignmentX=0.0,alignmentY=0.0,border=,flags=9,maximumSize=,minimumSize=,preferredSize=]
2025-07-01 14:31:50,062 [INFO] Gpio:277 - dependency for GPIO [RCC, SYS, USART2]
2025-07-01 14:32:20,366 [INFO] Gpio:277 - dependency for GPIO [RCC, SYS, USART2]
2025-07-01 14:32:21,188 [INFO] Gpio:277 - dependency for GPIO [RCC, SYS, USART2]
2025-07-01 14:32:23,436 [INFO] UtilMem:75 - End SaveConfig() Used Memory: 933137144 Bytes (1073741824)
2025-07-01 14:32:25,907 [INFO] UtilMem:75 - End SaveConfig() Used Memory: 1013106904 Bytes (1073741824)
2025-07-01 14:32:26,543 [INFO] BlockDiagram:2775 - set Specific Code input for plugin: NVIC
2025-07-01 14:32:26,546 [INFO] BlockDiagram:2775 - set Specific Code input for plugin: USART
2025-07-01 14:32:26,546 [INFO] BlockDiagram:2775 - set Specific Code input for plugin: TIM1_8
2025-07-01 14:32:26,546 [INFO] BlockDiagram:2775 - set Specific Code input for plugin: SYS
2025-07-01 14:32:26,546 [INFO] BlockDiagram:2775 - set Specific Code input for plugin: GPIO
2025-07-01 14:32:26,546 [INFO] BlockDiagram:2775 - set Specific Code input for plugin: RCC
2025-07-01 14:32:26,549 [INFO] CodeGenerator:882 - code generatio: config db path: /opt/st/stm32cubeide_1.18.1/plugins/com.st.stm32cube.common.mx_6.14.1.202504091515//db/
2025-07-01 14:32:26,764 [INFO] CodeEngine:263 - oldGeneratedFile, /home/psh/workspace_semicon/ARM/13_DHT11/MXTmpFiles/license.tmp_save
2025-07-01 14:32:27,316 [INFO] CodeEngine:287 - Generated code: /home/psh/workspace_semicon/ARM/13_DHT11/MXTmpFiles/license.tmp
2025-07-01 14:32:27,414 [INFO] CodeEngine:263 - oldGeneratedFile, /home/psh/workspace_semicon/ARM/13_DHT11/Core/Src/gpio.c_save
2025-07-01 14:32:27,765 [INFO] CodeEngine:287 - Generated code: /home/psh/workspace_semicon/ARM/13_DHT11/Core/Src/gpio.c
2025-07-01 14:32:27,769 [INFO] CodeEngine:263 - oldGeneratedFile, /home/psh/workspace_semicon/ARM/13_DHT11/Core/Inc/gpio.h_save
2025-07-01 14:32:28,033 [INFO] CodeEngine:287 - Generated code: /home/psh/workspace_semicon/ARM/13_DHT11/Core/Inc/gpio.h
2025-07-01 14:32:28,258 [INFO] CodeEngine:263 - oldGeneratedFile, /home/psh/workspace_semicon/ARM/13_DHT11/Core/Src/tim.c_save
2025-07-01 14:32:28,529 [INFO] CodeEngine:287 - Generated code: /home/psh/workspace_semicon/ARM/13_DHT11/Core/Src/tim.c
2025-07-01 14:32:28,531 [INFO] CodeEngine:263 - oldGeneratedFile, /home/psh/workspace_semicon/ARM/13_DHT11/Core/Inc/tim.h_save
2025-07-01 14:32:28,691 [INFO] CodeEngine:287 - Generated code: /home/psh/workspace_semicon/ARM/13_DHT11/Core/Inc/tim.h
2025-07-01 14:32:28,697 [INFO] CodeEngine:263 - oldGeneratedFile, /home/psh/workspace_semicon/ARM/13_DHT11/Core/Src/usart.c_save
2025-07-01 14:32:28,912 [INFO] CodeEngine:287 - Generated code: /home/psh/workspace_semicon/ARM/13_DHT11/Core/Src/usart.c
2025-07-01 14:32:28,914 [INFO] CodeEngine:263 - oldGeneratedFile, /home/psh/workspace_semicon/ARM/13_DHT11/Core/Inc/usart.h_save
2025-07-01 14:32:29,101 [INFO] CodeEngine:287 - Generated code: /home/psh/workspace_semicon/ARM/13_DHT11/Core/Inc/usart.h
2025-07-01 14:32:29,110 [INFO] CodeEngine:263 - oldGeneratedFile, /home/psh/workspace_semicon/ARM/13_DHT11/Core/Src/stm32f4xx_it.c_save
2025-07-01 14:32:29,322 [INFO] CodeEngine:287 - Generated code: /home/psh/workspace_semicon/ARM/13_DHT11/Core/Src/stm32f4xx_it.c
2025-07-01 14:32:29,324 [INFO] CodeEngine:263 - oldGeneratedFile, /home/psh/workspace_semicon/ARM/13_DHT11/Core/Inc/stm32f4xx_it.h_save
2025-07-01 14:32:29,450 [INFO] CodeEngine:287 - Generated code: /home/psh/workspace_semicon/ARM/13_DHT11/Core/Inc/stm32f4xx_it.h
2025-07-01 14:32:29,461 [INFO] CodeEngine:263 - oldGeneratedFile, /home/psh/workspace_semicon/ARM/13_DHT11/Core/Src/stm32f4xx_hal_msp.c_save
2025-07-01 14:32:29,659 [INFO] CodeEngine:287 - Generated code: /home/psh/workspace_semicon/ARM/13_DHT11/Core/Src/stm32f4xx_hal_msp.c
2025-07-01 14:32:29,661 [INFO] CodeEngine:263 - oldGeneratedFile, /home/psh/workspace_semicon/ARM/13_DHT11/MXTmpFiles/system.tmp_save
2025-07-01 14:32:29,783 [INFO] CodeEngine:287 - Generated code: /home/psh/workspace_semicon/ARM/13_DHT11/MXTmpFiles/system.tmp
2025-07-01 14:32:29,787 [INFO] CodeEngine:319 - oldGeneratedFile, /home/psh/workspace_semicon/ARM/13_DHT11/Core/Inc/stm32f4xx_hal_conf.h_save
2025-07-01 14:32:29,933 [INFO] CodeEngine:343 - Generated code: /home/psh/workspace_semicon/ARM/13_DHT11/Core/Inc/stm32f4xx_hal_conf.h
2025-07-01 14:32:30,006 [INFO] ApiDbMcu:508 - Load IP Config File for TIM11
2025-07-01 14:32:30,012 [INFO] ApiDbMcu:508 - Load IP Config File for USART2
2025-07-01 14:32:30,018 [INFO] CodeEngine:263 - oldGeneratedFile, /home/psh/workspace_semicon/ARM/13_DHT11/Core/Inc/main.h_save
2025-07-01 14:32:30,195 [INFO] CodeEngine:287 - Generated code: /home/psh/workspace_semicon/ARM/13_DHT11/Core/Inc/main.h
2025-07-01 14:32:30,198 [INFO] CodeEngine:263 - oldGeneratedFile, /home/psh/workspace_semicon/ARM/13_DHT11/Core/Src/main.c_save
2025-07-01 14:32:30,415 [INFO] CodeEngine:287 - Generated code: /home/psh/workspace_semicon/ARM/13_DHT11/Core/Src/main.c
2025-07-01 14:32:30,934 [INFO] ProjectBuilder:3324 - Time for Copy HAL[1] : 45mS.
2025-07-01 14:32:30,937 [INFO] ProjectBuilder:4912 - Project Generator version: 4.6.0.1-B1
2025-07-01 14:32:31,117 [INFO] ConfigFileManager:1590 - The Die is : DIE431
2025-07-01 14:32:32,584 [INFO] ProjectBuilder:5191 - Time for Generating toolchain IDE Files: 1646mS.
2025-07-01 14:32:32,585 [INFO] ProjectBuilder:3181 - Time for Copy CMSIS : 0mS.
2025-07-01 14:32:32,587 [INFO] ProjectBuilder:3181 - Time for Copy CMSIS : 1mS.
2025-07-01 15:56:35,339 [INFO] Gpio:277 - dependency for GPIO [RCC, SYS, USART2]
2025-07-01 15:56:39,912 [INFO] Gpio:277 - dependency for GPIO [RCC, SYS, USART2]
2025-07-01 15:56:48,542 [INFO] UtilMem:75 - End SaveConfig() Used Memory: 885245288 Bytes (1073741824)
2025-07-01 15:56:51,178 [INFO] UtilMem:75 - End SaveConfig() Used Memory: 984860008 Bytes (1073741824)
2025-07-01 15:56:51,887 [INFO] BlockDiagram:2775 - set Specific Code input for plugin: NVIC
2025-07-01 15:56:51,887 [INFO] BlockDiagram:2775 - set Specific Code input for plugin: USART
2025-07-01 15:56:51,888 [INFO] BlockDiagram:2775 - set Specific Code input for plugin: TIM1_8
2025-07-01 15:56:51,888 [INFO] BlockDiagram:2775 - set Specific Code input for plugin: SYS
2025-07-01 15:56:51,888 [INFO] BlockDiagram:2775 - set Specific Code input for plugin: GPIO
2025-07-01 15:56:51,889 [INFO] BlockDiagram:2775 - set Specific Code input for plugin: RCC
2025-07-01 15:56:51,889 [INFO] CodeGenerator:882 - code generatio: config db path: /opt/st/stm32cubeide_1.18.1/plugins/com.st.stm32cube.common.mx_6.14.1.202504091515//db/
2025-07-01 15:56:52,048 [INFO] CodeEngine:263 - oldGeneratedFile, /home/psh/workspace_semicon/ARM/13_DHT11/MXTmpFiles/license.tmp_save
2025-07-01 15:56:52,531 [INFO] CodeEngine:287 - Generated code: /home/psh/workspace_semicon/ARM/13_DHT11/MXTmpFiles/license.tmp
2025-07-01 15:56:52,568 [INFO] CodeEngine:263 - oldGeneratedFile, /home/psh/workspace_semicon/ARM/13_DHT11/Core/Src/gpio.c_save
2025-07-01 15:56:52,872 [INFO] CodeEngine:287 - Generated code: /home/psh/workspace_semicon/ARM/13_DHT11/Core/Src/gpio.c
2025-07-01 15:56:52,876 [INFO] CodeEngine:263 - oldGeneratedFile, /home/psh/workspace_semicon/ARM/13_DHT11/Core/Inc/gpio.h_save
2025-07-01 15:56:53,044 [INFO] CodeEngine:287 - Generated code: /home/psh/workspace_semicon/ARM/13_DHT11/Core/Inc/gpio.h
2025-07-01 15:56:53,300 [INFO] CodeEngine:263 - oldGeneratedFile, /home/psh/workspace_semicon/ARM/13_DHT11/Core/Src/tim.c_save
2025-07-01 15:56:53,596 [INFO] CodeEngine:287 - Generated code: /home/psh/workspace_semicon/ARM/13_DHT11/Core/Src/tim.c
2025-07-01 15:56:53,599 [INFO] CodeEngine:263 - oldGeneratedFile, /home/psh/workspace_semicon/ARM/13_DHT11/Core/Inc/tim.h_save
2025-07-01 15:56:53,787 [INFO] CodeEngine:287 - Generated code: /home/psh/workspace_semicon/ARM/13_DHT11/Core/Inc/tim.h
2025-07-01 15:56:53,794 [INFO] CodeEngine:263 - oldGeneratedFile, /home/psh/workspace_semicon/ARM/13_DHT11/Core/Src/usart.c_save
2025-07-01 15:56:54,044 [INFO] CodeEngine:287 - Generated code: /home/psh/workspace_semicon/ARM/13_DHT11/Core/Src/usart.c
2025-07-01 15:56:54,047 [INFO] CodeEngine:263 - oldGeneratedFile, /home/psh/workspace_semicon/ARM/13_DHT11/Core/Inc/usart.h_save
2025-07-01 15:56:54,248 [INFO] CodeEngine:287 - Generated code: /home/psh/workspace_semicon/ARM/13_DHT11/Core/Inc/usart.h
2025-07-01 15:56:54,272 [INFO] CodeEngine:263 - oldGeneratedFile, /home/psh/workspace_semicon/ARM/13_DHT11/Core/Src/stm32f4xx_it.c_save
2025-07-01 15:56:54,806 [INFO] CodeEngine:287 - Generated code: /home/psh/workspace_semicon/ARM/13_DHT11/Core/Src/stm32f4xx_it.c
2025-07-01 15:56:54,811 [INFO] CodeEngine:263 - oldGeneratedFile, /home/psh/workspace_semicon/ARM/13_DHT11/Core/Inc/stm32f4xx_it.h_save
2025-07-01 15:56:54,916 [INFO] CodeEngine:287 - Generated code: /home/psh/workspace_semicon/ARM/13_DHT11/Core/Inc/stm32f4xx_it.h
2025-07-01 15:56:54,924 [INFO] CodeEngine:263 - oldGeneratedFile, /home/psh/workspace_semicon/ARM/13_DHT11/Core/Src/stm32f4xx_hal_msp.c_save
2025-07-01 15:56:55,107 [INFO] CodeEngine:287 - Generated code: /home/psh/workspace_semicon/ARM/13_DHT11/Core/Src/stm32f4xx_hal_msp.c
2025-07-01 15:56:55,110 [INFO] CodeEngine:263 - oldGeneratedFile, /home/psh/workspace_semicon/ARM/13_DHT11/MXTmpFiles/system.tmp_save
2025-07-01 15:56:55,252 [INFO] CodeEngine:287 - Generated code: /home/psh/workspace_semicon/ARM/13_DHT11/MXTmpFiles/system.tmp
2025-07-01 15:56:55,258 [INFO] CodeEngine:319 - oldGeneratedFile, /home/psh/workspace_semicon/ARM/13_DHT11/Core/Inc/stm32f4xx_hal_conf.h_save
2025-07-01 15:56:55,419 [INFO] CodeEngine:343 - Generated code: /home/psh/workspace_semicon/ARM/13_DHT11/Core/Inc/stm32f4xx_hal_conf.h
2025-07-01 15:56:55,464 [INFO] CodeEngine:263 - oldGeneratedFile, /home/psh/workspace_semicon/ARM/13_DHT11/Core/Inc/main.h_save
2025-07-01 15:56:55,676 [INFO] CodeEngine:287 - Generated code: /home/psh/workspace_semicon/ARM/13_DHT11/Core/Inc/main.h
2025-07-01 15:56:55,682 [INFO] CodeEngine:263 - oldGeneratedFile, /home/psh/workspace_semicon/ARM/13_DHT11/Core/Src/main.c_save
2025-07-01 15:56:55,951 [INFO] CodeEngine:287 - Generated code: /home/psh/workspace_semicon/ARM/13_DHT11/Core/Src/main.c
2025-07-01 15:56:56,573 [INFO] ProjectBuilder:3324 - Time for Copy HAL[1] : 57mS.
2025-07-01 15:56:56,581 [INFO] ProjectBuilder:4912 - Project Generator version: 4.6.0.1-B1
2025-07-01 15:56:56,843 [INFO] ConfigFileManager:1590 - The Die is : DIE431
2025-07-01 15:56:59,073 [INFO] ProjectBuilder:5191 - Time for Generating toolchain IDE Files: 2493mS.
2025-07-01 15:56:59,075 [INFO] ProjectBuilder:3181 - Time for Copy CMSIS : 0mS.
2025-07-01 15:56:59,076 [INFO] ProjectBuilder:3181 - Time for Copy CMSIS : 0mS.
2025-07-01 16:11:57,475 [INFO] Gpio:277 - dependency for GPIO [RCC, SYS, USART2]
2025-07-01 16:11:57,663 [INFO] NvicIntPanel:101 - NVIC parent = com.st.microxplorer.plugins.ip.nvic.MultiNvicIntPanel[,0,0,0x0,invalid,layout=javax.swing.BoxLayout,alignmentX=0.0,alignmentY=0.0,border=,flags=9,maximumSize=,minimumSize=,preferredSize=]
2025-07-01 16:12:06,417 [INFO] UtilMem:75 - End SaveConfig() Used Memory: 734938504 Bytes (1073741824)
2025-07-01 16:12:28,734 [INFO] UtilMem:75 - End SaveConfig() Used Memory: 859000448 Bytes (1073741824)
2025-07-01 16:12:29,387 [INFO] BlockDiagram:2775 - set Specific Code input for plugin: NVIC
2025-07-01 16:12:29,388 [INFO] BlockDiagram:2775 - set Specific Code input for plugin: USART
2025-07-01 16:12:29,388 [INFO] BlockDiagram:2775 - set Specific Code input for plugin: TIM1_8
2025-07-01 16:12:29,388 [INFO] BlockDiagram:2775 - set Specific Code input for plugin: SYS
2025-07-01 16:12:29,389 [INFO] BlockDiagram:2775 - set Specific Code input for plugin: GPIO
2025-07-01 16:12:29,389 [INFO] BlockDiagram:2775 - set Specific Code input for plugin: RCC
2025-07-01 16:12:29,390 [INFO] CodeGenerator:882 - code generatio: config db path: /opt/st/stm32cubeide_1.18.1/plugins/com.st.stm32cube.common.mx_6.14.1.202504091515//db/
2025-07-01 16:12:29,617 [INFO] CodeEngine:263 - oldGeneratedFile, /home/psh/workspace_semicon/ARM/13_DHT11/MXTmpFiles/license.tmp_save
2025-07-01 16:12:30,179 [INFO] CodeEngine:287 - Generated code: /home/psh/workspace_semicon/ARM/13_DHT11/MXTmpFiles/license.tmp
2025-07-01 16:12:30,221 [INFO] CodeEngine:263 - oldGeneratedFile, /home/psh/workspace_semicon/ARM/13_DHT11/Core/Src/gpio.c_save
2025-07-01 16:12:30,535 [INFO] CodeEngine:287 - Generated code: /home/psh/workspace_semicon/ARM/13_DHT11/Core/Src/gpio.c
2025-07-01 16:12:30,537 [INFO] CodeEngine:263 - oldGeneratedFile, /home/psh/workspace_semicon/ARM/13_DHT11/Core/Inc/gpio.h_save
2025-07-01 16:12:30,765 [INFO] CodeEngine:287 - Generated code: /home/psh/workspace_semicon/ARM/13_DHT11/Core/Inc/gpio.h
2025-07-01 16:12:31,107 [INFO] CodeEngine:263 - oldGeneratedFile, /home/psh/workspace_semicon/ARM/13_DHT11/Core/Src/tim.c_save
2025-07-01 16:12:31,556 [INFO] CodeEngine:287 - Generated code: /home/psh/workspace_semicon/ARM/13_DHT11/Core/Src/tim.c
2025-07-01 16:12:31,559 [INFO] CodeEngine:263 - oldGeneratedFile, /home/psh/workspace_semicon/ARM/13_DHT11/Core/Inc/tim.h_save
2025-07-01 16:12:31,816 [INFO] CodeEngine:287 - Generated code: /home/psh/workspace_semicon/ARM/13_DHT11/Core/Inc/tim.h
2025-07-01 16:12:31,826 [INFO] CodeEngine:263 - oldGeneratedFile, /home/psh/workspace_semicon/ARM/13_DHT11/Core/Src/usart.c_save
2025-07-01 16:12:32,090 [INFO] CodeEngine:287 - Generated code: /home/psh/workspace_semicon/ARM/13_DHT11/Core/Src/usart.c
2025-07-01 16:12:32,092 [INFO] CodeEngine:263 - oldGeneratedFile, /home/psh/workspace_semicon/ARM/13_DHT11/Core/Inc/usart.h_save
2025-07-01 16:12:32,261 [INFO] CodeEngine:287 - Generated code: /home/psh/workspace_semicon/ARM/13_DHT11/Core/Inc/usart.h
2025-07-01 16:12:32,268 [INFO] CodeEngine:263 - oldGeneratedFile, /home/psh/workspace_semicon/ARM/13_DHT11/Core/Src/stm32f4xx_it.c_save
2025-07-01 16:12:32,612 [INFO] CodeEngine:287 - Generated code: /home/psh/workspace_semicon/ARM/13_DHT11/Core/Src/stm32f4xx_it.c
2025-07-01 16:12:32,615 [INFO] CodeEngine:263 - oldGeneratedFile, /home/psh/workspace_semicon/ARM/13_DHT11/Core/Inc/stm32f4xx_it.h_save
2025-07-01 16:12:32,781 [INFO] CodeEngine:287 - Generated code: /home/psh/workspace_semicon/ARM/13_DHT11/Core/Inc/stm32f4xx_it.h
2025-07-01 16:12:32,793 [INFO] CodeEngine:263 - oldGeneratedFile, /home/psh/workspace_semicon/ARM/13_DHT11/Core/Src/stm32f4xx_hal_msp.c_save
2025-07-01 16:12:32,982 [INFO] CodeEngine:287 - Generated code: /home/psh/workspace_semicon/ARM/13_DHT11/Core/Src/stm32f4xx_hal_msp.c
2025-07-01 16:12:32,983 [INFO] CodeEngine:263 - oldGeneratedFile, /home/psh/workspace_semicon/ARM/13_DHT11/MXTmpFiles/system.tmp_save
2025-07-01 16:12:33,082 [INFO] CodeEngine:287 - Generated code: /home/psh/workspace_semicon/ARM/13_DHT11/MXTmpFiles/system.tmp
2025-07-01 16:12:33,088 [INFO] CodeEngine:319 - oldGeneratedFile, /home/psh/workspace_semicon/ARM/13_DHT11/Core/Inc/stm32f4xx_hal_conf.h_save
2025-07-01 16:12:33,214 [INFO] CodeEngine:343 - Generated code: /home/psh/workspace_semicon/ARM/13_DHT11/Core/Inc/stm32f4xx_hal_conf.h
2025-07-01 16:12:33,265 [INFO] CodeEngine:263 - oldGeneratedFile, /home/psh/workspace_semicon/ARM/13_DHT11/Core/Inc/main.h_save
2025-07-01 16:12:33,456 [INFO] CodeEngine:287 - Generated code: /home/psh/workspace_semicon/ARM/13_DHT11/Core/Inc/main.h
2025-07-01 16:12:33,460 [INFO] CodeEngine:263 - oldGeneratedFile, /home/psh/workspace_semicon/ARM/13_DHT11/Core/Src/main.c_save
2025-07-01 16:12:33,669 [INFO] CodeEngine:287 - Generated code: /home/psh/workspace_semicon/ARM/13_DHT11/Core/Src/main.c
2025-07-01 16:12:34,220 [INFO] ProjectBuilder:3324 - Time for Copy HAL[1] : 50mS.
2025-07-01 16:12:34,226 [INFO] ProjectBuilder:4912 - Project Generator version: 4.6.0.1-B1
2025-07-01 16:12:34,452 [INFO] ConfigFileManager:1590 - The Die is : DIE431
2025-07-01 16:12:36,051 [INFO] ProjectBuilder:5191 - Time for Generating toolchain IDE Files: 1825mS.
2025-07-01 16:12:36,052 [INFO] ProjectBuilder:3181 - Time for Copy CMSIS : 0mS.
2025-07-01 16:12:36,054 [INFO] ProjectBuilder:3181 - Time for Copy CMSIS : 0mS.
2025-07-01 16:14:30,121 [INFO] Gpio:277 - dependency for GPIO [RCC, SYS, USART2]
